date,year,month,day,portid,portname,country,ISO3,portcalls_container,portcalls_dry_bulk,portcalls_general_cargo,portcalls_roro,portcalls_tanker,portcalls_cargo,portcalls,import_container,import_dry_bulk,import_general_cargo,import_roro,import_tanker,import_cargo,import,export_container,export_dry_bulk,export_general_cargo,export_roro,export_tanker,export_cargo,export,ObjectId
2019-01-01,2019,1,1,port57,Antwerp,Belgium,BEL,11,3,6,1,28,21,49,380827,2912,5533,4025,71264,393299,464564,108436,44937,4079,0,25819,157453,183272,1889321
2019-01-02,2019,1,2,port57,Antwerp,Belgium,BEL,15,1,10,1,41,27,68,227291,0,6889,0,110331,234180,344512,210111,202021,7797,0,35672,419931,455603,1889322
2019-01-03,2019,1,3,port57,Antwerp,Belgium,BEL,13,2,8,0,52,23,75,182456,0,4630,0,332826,187086,519913,304837,27049,7574,0,153089,339461,492551,1889323
2019-01-04,2019,1,4,port57,Antwerp,Belgium,BEL,9,0,4,3,39,16,55,265300,0,3812,374,168143,269487,437630,25045,0,0,4019,55990,29065,85055,1889324
2019-01-05,2019,1,5,port57,Antwerp,Belgium,BEL,13,0,4,1,41,18,59,271126,0,731,374,108687,272232,380920,129074,0,2652,1760,125315,133487,258802,1889325
2019-01-06,2019,1,6,port57,Antwerp,Belgium,BEL,16,2,5,1,33,24,57,206211,44566,2107,0,80194,252885,333080,311865,7403,4356,4426,43305,328052,371357,1889326
2019-01-07,2019,1,7,port57,Antwerp,Belgium,BEL,14,1,12,2,42,29,71,319643,0,35302,6723,135461,361669,497131,360386,0,6076,0,105531,366462,471994,1889327
2019-01-08,2019,1,8,port57,Antwerp,Belgium,BEL,13,0,6,3,35,22,57,82358,0,2463,374,108508,85196,193704,128914,0,2824,1760,59647,133500,193147,1889328
2019-01-09,2019,1,9,port57,Antwerp,Belgium,BEL,10,1,4,5,27,20,47,25830,24823,1463,2319,24346,54435,78782,136278,0,3518,4937,23909,144734,168644,1889329
2019-01-10,2019,1,10,port57,Antwerp,Belgium,BEL,20,3,17,4,57,44,101,272303,0,5646,969,241292,278920,520213,270749,98503,51130,2027,127715,422411,550126,1889330
2019-01-11,2019,1,11,port57,Antwerp,Belgium,BEL,14,0,7,5,39,26,65,169959,0,4200,975,68179,175134,243314,171855,0,10410,4547,40577,186813,227390,1889331
2019-01-12,2019,1,12,port57,Antwerp,Belgium,BEL,14,3,5,2,41,24,65,273243,22994,2985,0,99045,299223,398269,318264,0,6965,0,67219,325229,392449,1889332
2019-01-13,2019,1,13,port57,Antwerp,Belgium,BEL,11,5,5,1,32,22,54,192161,95138,1912,3401,126845,292613,419459,114464,357,5310,0,99138,120132,219270,1889333
2019-01-14,2019,1,14,port57,Antwerp,Belgium,BEL,7,3,12,5,49,27,76,56686,33815,6778,6922,81680,104203,185884,118327,59,6651,4036,135892,129074,264966,1889334
2019-01-15,2019,1,15,port57,Antwerp,Belgium,BEL,6,1,3,2,36,12,48,0,66230,1614,5469,167793,73315,241108,201456,0,3359,966,23877,205782,229659,1889335
2019-01-16,2019,1,16,port57,Antwerp,Belgium,BEL,21,0,11,5,44,37,81,290651,0,18596,374,173172,309622,482795,360127,0,14262,2275,222497,376665,599163,1889336
2019-01-17,2019,1,17,port57,Antwerp,Belgium,BEL,11,1,12,2,33,26,59,143089,0,11061,0,116262,154150,270413,193443,0,12327,2052,33163,207823,240987,1889337
2019-01-18,2019,1,18,port57,Antwerp,Belgium,BEL,19,3,6,2,57,30,87,244333,101870,1735,0,136717,347939,484657,462067,0,6817,2859,59323,471745,531068,1889338
2019-01-19,2019,1,19,port57,Antwerp,Belgium,BEL,13,0,10,3,46,26,72,214396,0,14317,552,159697,229266,388964,242379,0,4886,0,115160,247265,362425,1889339
2019-01-20,2019,1,20,port57,Antwerp,Belgium,BEL,16,3,8,2,38,29,67,198702,25471,4660,110,102896,228944,331841,118303,0,5042,2138,128916,125484,254401,1889340
2019-01-21,2019,1,21,port57,Antwerp,Belgium,BEL,9,4,12,3,31,28,59,202464,42540,15517,0,114163,260522,374685,184160,6788,3237,4011,62795,198197,260993,1889341
2019-01-22,2019,1,22,port57,Antwerp,Belgium,BEL,13,1,13,3,46,30,76,243491,94060,14547,4688,53024,356787,409812,293362,0,6050,0,108379,299412,407792,1889342
2019-01-23,2019,1,23,port57,Antwerp,Belgium,BEL,17,0,9,4,50,30,80,190612,0,4006,4929,262498,199547,462045,138406,0,23057,2986,116798,164450,281249,1889343
2019-01-24,2019,1,24,port57,Antwerp,Belgium,BEL,16,1,9,3,39,29,68,52309,0,3816,748,107011,56874,163886,357337,0,9808,3521,64483,370667,435151,1889344
2019-01-25,2019,1,25,port57,Antwerp,Belgium,BEL,12,2,4,4,40,22,62,262611,42819,2687,1260,38782,309378,348160,152142,0,1695,8916,90992,162755,253748,1889345
2019-01-26,2019,1,26,port57,Antwerp,Belgium,BEL,7,1,14,2,49,24,73,16438,0,10488,916,272179,27843,300022,181675,31130,6782,5014,202686,224602,427289,1889346
2019-01-27,2019,1,27,port57,Antwerp,Belgium,BEL,12,3,9,3,20,27,47,316228,55115,11081,509,57016,382935,439952,110410,7824,22755,2171,40480,143161,183642,1889347
2019-01-28,2019,1,28,port57,Antwerp,Belgium,BEL,7,1,8,3,36,19,55,38673,0,7201,748,70728,46623,117351,328433,0,6268,7739,34306,342441,376748,1889348
2019-01-29,2019,1,29,port57,Antwerp,Belgium,BEL,16,1,6,6,42,29,71,273928,0,7435,2896,187389,284261,471650,387106,0,712,7314,109644,395133,504778,1889349
2019-01-30,2019,1,30,port57,Antwerp,Belgium,BEL,16,1,12,3,49,32,81,203715,0,13368,374,117653,217457,335111,353430,0,19396,1760,49542,374587,424129,1889350
2019-01-31,2019,1,31,port57,Antwerp,Belgium,BEL,15,0,9,3,35,27,62,160806,0,4248,0,98414,165054,263469,211716,0,9872,8809,57967,230397,288365,1889351
2019-02-01,2019,2,1,port57,Antwerp,Belgium,BEL,14,2,8,4,49,28,77,255419,31252,7035,600,175485,294309,469794,201350,8392,4061,5056,95270,218860,314130,1889352
2019-02-02,2019,2,2,port57,Antwerp,Belgium,BEL,10,1,5,1,34,17,51,43743,0,1912,0,236822,45655,282478,286644,25613,4639,0,64953,316896,381850,1889353
2019-02-03,2019,2,3,port57,Antwerp,Belgium,BEL,14,1,4,2,27,21,48,372156,35869,3153,374,41128,411553,452681,117415,0,3170,1760,53547,122346,175894,1889354
2019-02-04,2019,2,4,port57,Antwerp,Belgium,BEL,9,1,8,1,41,19,60,166775,0,3092,0,53577,169867,223444,307347,27053,8615,0,122912,343015,465928,1889355
2019-02-05,2019,2,5,port57,Antwerp,Belgium,BEL,14,1,10,3,42,28,70,281751,789,4797,4626,70495,291964,362459,213838,59,11833,4479,97782,230210,327993,1889356
2019-02-06,2019,2,6,port57,Antwerp,Belgium,BEL,19,1,12,6,35,38,73,300975,0,9848,4154,88809,314977,403786,281640,0,17615,6808,58678,306064,364743,1889357
2019-02-07,2019,2,7,port57,Antwerp,Belgium,BEL,11,1,12,1,31,25,56,65075,77361,4218,0,245055,146655,391711,255313,0,12172,1842,54711,269328,324040,1889358
2019-02-08,2019,2,8,port57,Antwerp,Belgium,BEL,17,0,11,1,40,29,69,260781,0,32442,600,59055,293824,352880,337339,0,26041,966,228046,364347,592394,1889359
2019-02-09,2019,2,9,port57,Antwerp,Belgium,BEL,6,0,7,4,43,17,60,53732,0,6548,600,106698,60881,167580,71192,0,3339,2907,58360,77439,135800,1889360
2019-02-10,2019,2,10,port57,Antwerp,Belgium,BEL,13,0,11,3,44,27,71,239720,0,9200,600,291497,249521,541019,199060,0,5374,1840,169436,206275,375711,1889361
2019-02-11,2019,2,11,port57,Antwerp,Belgium,BEL,12,1,15,3,36,31,67,69895,14568,30729,1349,71131,116542,187674,223133,0,14472,4487,47724,242093,289818,1889362
2019-02-12,2019,2,12,port57,Antwerp,Belgium,BEL,16,1,9,3,35,29,64,248851,25878,3855,3996,69754,282581,352336,222976,0,8237,966,152893,232180,385073,1889363
2019-02-13,2019,2,13,port57,Antwerp,Belgium,BEL,12,2,7,3,54,24,78,55509,0,3152,3269,203425,61931,265357,251465,46296,3156,4426,92511,305344,397856,1889364
2019-02-14,2019,2,14,port57,Antwerp,Belgium,BEL,13,1,12,5,31,31,62,206374,0,8950,6562,118613,221887,340501,282471,21084,8932,3575,85577,316063,401641,1889365
2019-02-15,2019,2,15,port57,Antwerp,Belgium,BEL,15,3,5,5,43,28,71,203209,67201,3056,600,104525,274068,378593,191779,7403,6391,7834,37185,213409,250594,1889366
2019-02-16,2019,2,16,port57,Antwerp,Belgium,BEL,11,2,12,2,52,27,79,330857,20603,13206,1924,159576,366592,526168,166623,48649,6303,5570,129859,227146,357006,1889367
2019-02-17,2019,2,17,port57,Antwerp,Belgium,BEL,20,0,9,1,34,30,64,171198,0,5897,3875,202987,180971,383958,222882,0,5404,0,69041,228286,297328,1889368
2019-02-18,2019,2,18,port57,Antwerp,Belgium,BEL,8,2,10,3,41,23,64,73670,0,5467,8563,59692,87700,147392,230257,4055,9130,0,55576,243443,299020,1889369
2019-02-19,2019,2,19,port57,Antwerp,Belgium,BEL,15,1,12,1,36,29,65,193472,13870,6105,0,76584,213448,290032,188366,0,12669,3572,30893,204608,235502,1889370
2019-02-20,2019,2,20,port57,Antwerp,Belgium,BEL,18,4,12,1,44,35,79,464076,64275,7110,3716,131014,539178,670192,431537,45383,13966,0,190687,490888,681575,1889371
2019-02-21,2019,2,21,port57,Antwerp,Belgium,BEL,11,2,11,1,31,25,56,103609,35474,2053,0,133031,141137,274169,248712,0,19812,3796,82712,272321,355034,1889372
2019-02-22,2019,2,22,port57,Antwerp,Belgium,BEL,15,0,11,4,42,30,72,104375,0,3796,975,133859,109147,243006,133576,0,12528,6347,130666,152452,283118,1889373
2019-02-23,2019,2,23,port57,Antwerp,Belgium,BEL,14,3,5,3,36,25,61,348831,65329,6565,2463,110750,423190,533940,217245,7403,1171,1932,34317,227754,262072,1889374
2019-02-24,2019,2,24,port57,Antwerp,Belgium,BEL,14,1,6,2,26,23,49,230014,39424,2580,0,159087,272019,431107,102888,0,6187,459,20137,109535,129672,1889375
2019-02-25,2019,2,25,port57,Antwerp,Belgium,BEL,8,7,20,2,44,37,81,26215,94464,24814,600,144933,146094,291028,214632,14867,12116,966,49921,242583,292504,1889376
2019-02-26,2019,2,26,port57,Antwerp,Belgium,BEL,16,2,5,6,48,29,77,138057,0,3631,6069,59166,147758,206925,417109,32164,6497,11753,164877,467525,632403,1889377
2019-02-27,2019,2,27,port57,Antwerp,Belgium,BEL,16,0,18,4,40,38,78,239819,0,10014,0,260657,249833,510490,224914,0,11869,12598,34761,249382,284144,1889378
2019-02-28,2019,2,28,port57,Antwerp,Belgium,BEL,15,1,6,3,38,25,63,192274,0,3062,1016,101734,196353,298087,322451,4398,9029,0,109568,335879,445447,1889379
2019-03-01,2019,3,1,port57,Antwerp,Belgium,BEL,13,1,9,4,42,27,69,319693,0,8487,1575,152203,329757,481960,268171,0,5332,7450,69096,280954,350051,1889380
2019-03-02,2019,3,2,port57,Antwerp,Belgium,BEL,15,1,9,3,34,28,62,166975,0,2502,1924,65429,171402,236831,255432,0,10256,6659,52092,272348,324440,1889381
2019-03-03,2019,3,3,port57,Antwerp,Belgium,BEL,11,0,12,3,37,26,63,231808,0,7884,2465,103951,242158,346110,32293,0,10182,5353,76210,47829,124039,1889382
2019-03-04,2019,3,4,port57,Antwerp,Belgium,BEL,10,1,10,2,49,23,72,71312,23063,6495,0,116227,100871,217099,289862,0,20826,4218,95788,314907,410696,1889383
2019-03-05,2019,3,5,port57,Antwerp,Belgium,BEL,12,2,10,2,37,26,63,92777,0,4380,5469,60779,102627,163407,209753,0,7443,966,49927,218163,268091,1889384
2019-03-06,2019,3,6,port57,Antwerp,Belgium,BEL,16,1,8,5,30,30,60,173792,0,1912,5881,58428,181586,240014,340418,0,6369,6097,126689,352885,479574,1889385
2019-03-07,2019,3,7,port57,Antwerp,Belgium,BEL,12,0,10,3,43,25,68,81612,0,3431,110,64477,85153,149630,157161,0,7450,1155,125454,165768,291223,1889386
2019-03-08,2019,3,8,port57,Antwerp,Belgium,BEL,16,0,10,1,47,27,74,324916,0,17048,600,100947,342565,443513,194225,0,6131,966,130132,201323,331456,1889387
2019-03-09,2019,3,9,port57,Antwerp,Belgium,BEL,9,1,10,3,48,23,71,33411,12466,4740,2859,93503,53478,146981,108437,0,18522,966,53461,127926,181388,1889388
2019-03-10,2019,3,10,port57,Antwerp,Belgium,BEL,11,2,7,0,24,20,44,41007,14856,3800,0,94128,59664,153793,115333,49287,3969,0,78826,168590,247417,1889389
2019-03-11,2019,3,11,port57,Antwerp,Belgium,BEL,7,1,10,1,37,19,56,87721,28623,22705,1900,62313,140951,203264,170726,0,4716,0,39918,175443,215362,1889390
2019-03-12,2019,3,12,port57,Antwerp,Belgium,BEL,14,4,6,3,52,27,79,91690,24932,1414,2944,182764,120981,303745,325678,61885,5146,6974,142796,399685,542482,1889391
2019-03-13,2019,3,13,port57,Antwerp,Belgium,BEL,16,5,6,4,33,31,64,211449,28031,2705,374,98380,242561,340942,216026,35133,11376,2504,28655,265042,293697,1889392
2019-03-14,2019,3,14,port57,Antwerp,Belgium,BEL,13,3,8,5,39,29,68,383749,99297,12064,2923,124030,498034,622065,57185,0,7551,3627,82351,68364,150715,1889393
2019-03-15,2019,3,15,port57,Antwerp,Belgium,BEL,17,0,6,4,41,27,68,345671,0,1878,3083,197468,350633,548102,297157,0,11079,3199,74351,311437,385788,1889394
2019-03-16,2019,3,16,port57,Antwerp,Belgium,BEL,11,0,7,3,42,21,63,193712,0,2643,1349,82759,197705,280465,233987,0,5767,4487,84728,244241,328969,1889395
2019-03-17,2019,3,17,port57,Antwerp,Belgium,BEL,13,1,6,1,43,21,64,139960,789,3068,0,160890,143819,304709,328618,59,1240,0,84523,329918,414442,1889396
2019-03-18,2019,3,18,port57,Antwerp,Belgium,BEL,12,1,13,5,44,31,75,257506,8750,6137,420,106968,272816,379785,215353,0,7001,7594,135671,229948,365620,1889397
2019-03-19,2019,3,19,port57,Antwerp,Belgium,BEL,8,3,12,3,38,26,64,90939,15431,5941,3019,49231,115332,164563,94253,0,4944,0,151116,99198,250314,1889398
2019-03-20,2019,3,20,port57,Antwerp,Belgium,BEL,17,1,9,1,34,28,62,174295,0,1912,2917,157889,179125,337015,350064,0,4232,0,23668,354297,377966,1889399
2019-03-21,2019,3,21,port57,Antwerp,Belgium,BEL,11,1,10,6,42,28,70,162329,0,23903,3497,101089,189731,290821,142206,31196,6803,3661,116565,183868,300433,1889400
2019-03-22,2019,3,22,port57,Antwerp,Belgium,BEL,11,2,13,5,44,31,75,171962,0,7873,110,98170,179946,278116,325961,41549,15341,11803,63972,394654,458627,1889401
2019-03-23,2019,3,23,port57,Antwerp,Belgium,BEL,15,5,6,2,45,28,73,276602,144833,9297,600,161391,431334,592726,126491,44907,4644,966,45666,177011,222677,1889402
2019-03-24,2019,3,24,port57,Antwerp,Belgium,BEL,18,3,14,2,38,37,75,522249,76643,9176,0,287246,608068,895314,262052,0,17713,5444,107281,285211,392492,1889403
2019-03-25,2019,3,25,port57,Antwerp,Belgium,BEL,7,1,11,2,49,21,70,36816,0,6098,1264,126248,44179,170427,110932,0,17974,5505,180452,134411,314864,1889404
2019-03-26,2019,3,26,port57,Antwerp,Belgium,BEL,15,4,11,4,42,34,76,113292,0,6176,110,141832,119579,261411,406046,115639,4764,837,99022,527287,626310,1889405
2019-03-27,2019,3,27,port57,Antwerp,Belgium,BEL,22,2,12,1,43,37,80,343645,14265,6351,0,57009,364262,421271,308581,0,7313,0,101485,315895,417380,1889406
2019-03-28,2019,3,28,port57,Antwerp,Belgium,BEL,17,2,8,2,36,29,65,146622,23237,3965,0,333510,173824,507335,486695,0,5659,4838,31123,497193,528317,1889407
2019-03-29,2019,3,29,port57,Antwerp,Belgium,BEL,13,1,10,3,44,27,71,234138,0,4500,1262,124544,239901,364445,148391,0,9305,3149,39995,160847,200842,1889408
2019-03-30,2019,3,30,port57,Antwerp,Belgium,BEL,6,1,11,5,38,23,61,14470,0,1550,975,135714,16995,152710,193812,11097,17030,8307,155215,230247,385463,1889409
2019-03-31,2019,3,31,port57,Antwerp,Belgium,BEL,17,2,14,5,37,38,75,379914,23706,6054,0,205134,409675,614810,243132,0,12595,14452,81423,270180,351603,1889410
2019-04-01,2019,4,1,port57,Antwerp,Belgium,BEL,14,1,7,3,40,25,65,105386,0,1180,1263,160175,107830,268006,271256,0,13246,4659,60393,289162,349555,1889411
2019-04-02,2019,4,2,port57,Antwerp,Belgium,BEL,14,0,13,3,49,30,79,149607,0,2289,2763,77597,154660,232257,298471,0,15789,10903,107935,325164,433099,1889412
2019-04-03,2019,4,3,port57,Antwerp,Belgium,BEL,21,3,7,1,38,32,70,291284,4144,2317,2165,79308,299912,379220,306729,37025,3135,0,33313,346890,380203,1889413
2019-04-04,2019,4,4,port57,Antwerp,Belgium,BEL,19,1,2,3,44,25,69,281603,24004,2137,374,123099,308119,431218,257905,0,310,5448,49286,263664,312951,1889414
2019-04-05,2019,4,5,port57,Antwerp,Belgium,BEL,12,1,13,3,40,29,69,170865,64738,4586,110,178878,240301,419179,142913,0,16152,6002,89717,165067,254785,1889415
2019-04-06,2019,4,6,port57,Antwerp,Belgium,BEL,14,0,7,5,38,26,64,117535,0,5322,1004,176132,123862,299994,273598,0,6018,12122,107962,291740,399702,1889416
2019-04-07,2019,4,7,port57,Antwerp,Belgium,BEL,10,0,8,2,36,20,56,347957,0,3456,2889,131206,354303,485510,33170,0,8141,1690,148493,43001,191495,1889417
2019-04-08,2019,4,8,port57,Antwerp,Belgium,BEL,10,1,9,5,55,25,80,120901,12428,6897,422,130267,140650,270918,259547,0,3032,8802,169483,271382,440865,1889418
2019-04-09,2019,4,9,port57,Antwerp,Belgium,BEL,14,1,6,3,41,24,65,153905,0,2053,600,100812,156559,257372,335507,0,8021,966,66008,344495,410503,1889419
2019-04-10,2019,4,10,port57,Antwerp,Belgium,BEL,13,4,12,3,37,32,69,206976,10344,9413,0,132505,226735,359240,275516,74968,23269,5743,108065,379497,487563,1889420
2019-04-11,2019,4,11,port57,Antwerp,Belgium,BEL,18,0,7,2,40,27,67,295006,0,2124,110,91918,297241,389159,326114,0,9294,4154,94467,339563,434030,1889421
2019-04-12,2019,4,12,port57,Antwerp,Belgium,BEL,11,2,7,4,39,24,63,227536,42806,7082,3719,90156,281145,371301,57935,0,17664,8967,54272,84568,138840,1889422
2019-04-13,2019,4,13,port57,Antwerp,Belgium,BEL,16,0,7,4,42,27,69,17817,0,4086,0,125198,21903,147102,408627,0,9533,1718,111621,419879,531500,1889423
2019-04-14,2019,4,14,port57,Antwerp,Belgium,BEL,9,1,5,1,33,16,49,256057,78800,3626,2679,94218,341163,435382,82423,0,1240,0,209090,83663,292754,1889424
2019-04-15,2019,4,15,port57,Antwerp,Belgium,BEL,19,1,12,0,47,32,79,350946,0,5484,0,154628,356431,511059,511971,0,6129,0,84694,518101,602795,1889425
2019-04-16,2019,4,16,port57,Antwerp,Belgium,BEL,10,1,11,5,48,27,75,54419,0,7301,4617,110149,66338,176488,328111,59837,7584,3629,61761,399162,460924,1889426
2019-04-17,2019,4,17,port57,Antwerp,Belgium,BEL,15,0,8,4,35,27,62,166872,0,20488,0,105231,187360,292591,318473,0,620,8519,79780,327612,407393,1889427
2019-04-18,2019,4,18,port57,Antwerp,Belgium,BEL,18,0,11,4,45,33,78,218490,0,5922,374,103370,224787,328157,209486,0,13327,8966,77591,231781,309372,1889428
2019-04-19,2019,4,19,port57,Antwerp,Belgium,BEL,12,1,8,3,36,24,60,176739,0,12014,0,97851,188753,286605,232036,33047,13760,5442,37280,284287,321567,1889429
2019-04-20,2019,4,20,port57,Antwerp,Belgium,BEL,19,0,6,3,34,28,62,413167,0,1912,374,196251,415453,611704,282474,0,3574,3066,78145,289114,367260,1889430
2019-04-21,2019,4,21,port57,Antwerp,Belgium,BEL,9,1,5,2,31,17,48,361483,29637,6069,0,31846,397190,429037,62190,0,2048,0,41306,64239,105546,1889431
2019-04-22,2019,4,22,port57,Antwerp,Belgium,BEL,14,0,8,4,41,26,67,275323,0,5451,1733,108573,282508,391082,183127,0,9551,7269,96161,199948,296110,1889432
2019-04-23,2019,4,23,port57,Antwerp,Belgium,BEL,14,3,9,2,30,28,58,299561,28954,5267,4025,45967,337809,383776,225030,0,7051,0,63722,232082,295805,1889433
2019-04-24,2019,4,24,port57,Antwerp,Belgium,BEL,16,2,8,3,51,29,80,282239,101951,2888,2001,183301,389081,572382,480572,0,8573,4994,66125,494140,560265,1889434
2019-04-25,2019,4,25,port57,Antwerp,Belgium,BEL,11,3,5,1,44,20,64,126418,53769,2612,110,168520,182911,351431,179540,7403,2841,54,82384,189840,272225,1889435
2019-04-26,2019,4,26,port57,Antwerp,Belgium,BEL,11,3,10,4,41,28,69,271430,41036,4088,0,86542,316554,403096,256298,29637,11815,8497,223168,306250,529419,1889436
2019-04-27,2019,4,27,port57,Antwerp,Belgium,BEL,11,2,6,5,41,24,65,57475,34059,590,1400,76057,93526,169583,391186,0,14090,3999,195898,409275,605174,1889437
2019-04-28,2019,4,28,port57,Antwerp,Belgium,BEL,15,2,10,2,39,29,68,240325,9881,16111,581,96328,266899,363228,266418,0,5033,5104,69944,276556,346500,1889438
2019-04-29,2019,4,29,port57,Antwerp,Belgium,BEL,12,1,8,1,45,22,67,80257,0,9006,374,214857,89638,304496,125043,0,6956,1760,229026,133760,362787,1889439
2019-04-30,2019,4,30,port57,Antwerp,Belgium,BEL,6,0,2,1,7,9,16,168585,0,379,1266,16216,170232,186448,151017,0,1053,0,4747,152070,156818,1889440
2019-05-01,2019,5,1,port57,Antwerp,Belgium,BEL,24,3,14,2,60,43,103,201361,101999,9247,1736,316138,314344,630482,374798,59,8046,1305,225169,384210,609379,1889441
2019-05-02,2019,5,2,port57,Antwerp,Belgium,BEL,12,2,13,3,47,30,77,38579,19316,12895,0,154457,70791,225248,284552,0,16885,0,39086,301438,340525,1889442
2019-05-03,2019,5,3,port57,Antwerp,Belgium,BEL,10,2,4,6,43,22,65,300903,0,731,0,120703,301634,422338,117425,0,8101,14924,129434,140451,269885,1889443
2019-05-04,2019,5,4,port57,Antwerp,Belgium,BEL,10,2,6,3,28,21,49,90612,0,6475,1535,56927,98624,155551,258983,0,2446,4761,31942,266191,298134,1889444
2019-05-05,2019,5,5,port57,Antwerp,Belgium,BEL,16,2,9,2,35,29,64,344535,90024,5461,374,241208,440396,681604,194720,0,4100,1760,36932,200581,237513,1889445
2019-05-06,2019,5,6,port57,Antwerp,Belgium,BEL,13,2,5,4,46,24,70,416536,108374,1912,5291,65720,532115,597835,154153,0,3546,6194,98510,163893,262404,1889446
2019-05-07,2019,5,7,port57,Antwerp,Belgium,BEL,17,1,4,2,40,24,64,293886,0,8236,3183,231655,305306,536962,367131,0,1481,3098,68945,371712,440657,1889447
2019-05-08,2019,5,8,port57,Antwerp,Belgium,BEL,16,3,9,4,40,32,72,301956,66740,2604,3637,104519,374939,479458,281844,0,9254,6970,57920,298069,355990,1889448
2019-05-09,2019,5,9,port57,Antwerp,Belgium,BEL,12,0,16,2,52,30,82,88954,0,9374,0,208074,98329,306403,307644,0,13357,7501,111019,328503,439522,1889449
2019-05-10,2019,5,10,port57,Antwerp,Belgium,BEL,11,2,11,4,34,28,62,195009,5870,9854,748,115482,211482,326965,134659,0,14536,8438,87103,157633,244737,1889450
2019-05-11,2019,5,11,port57,Antwerp,Belgium,BEL,13,2,5,2,36,22,58,114631,35135,1548,0,127970,151315,279285,368400,24618,16045,6932,162881,415996,578877,1889451
2019-05-12,2019,5,12,port57,Antwerp,Belgium,BEL,12,1,9,4,27,26,53,168620,14856,7903,946,60416,192326,252742,128301,7403,6899,3837,121510,146442,267952,1889452
2019-05-13,2019,5,13,port57,Antwerp,Belgium,BEL,9,2,10,2,49,23,72,178137,0,7714,0,158617,185852,344470,235364,72372,10807,1742,90990,320287,411277,1889453
2019-05-14,2019,5,14,port57,Antwerp,Belgium,BEL,15,2,9,6,45,32,77,148548,101392,7852,5666,122128,263459,385588,254001,0,16886,9480,75933,280368,356302,1889454
2019-05-15,2019,5,15,port57,Antwerp,Belgium,BEL,19,2,12,3,50,36,86,270100,60147,2931,3405,72191,336584,408776,346816,38411,5985,5866,49828,397080,446909,1889455
2019-05-16,2019,5,16,port57,Antwerp,Belgium,BEL,16,1,14,3,55,34,89,4740,73916,8448,374,87203,87479,174683,413073,0,9940,4039,136272,427053,563325,1889456
2019-05-17,2019,5,17,port57,Antwerp,Belgium,BEL,17,2,10,6,34,35,69,295834,1587,5523,0,68689,302946,371635,204666,5793,13595,15150,116026,239206,355232,1889457
2019-05-18,2019,5,18,port57,Antwerp,Belgium,BEL,9,2,2,4,50,17,67,26590,0,772,4284,58071,31648,89720,260317,18140,2075,1760,82980,282293,365273,1889458
2019-05-19,2019,5,19,port57,Antwerp,Belgium,BEL,14,1,11,2,35,28,63,492534,10622,13500,0,103691,516656,620348,180919,0,12938,5682,41520,199540,241061,1889459
2019-05-20,2019,5,20,port57,Antwerp,Belgium,BEL,20,2,14,2,49,38,87,293466,35500,11590,110,69434,340667,410102,430899,59,5504,54,98966,436517,535484,1889460
2019-05-21,2019,5,21,port57,Antwerp,Belgium,BEL,10,0,10,3,44,23,67,123490,0,2086,6131,109724,131708,241432,116760,0,19099,2104,77912,137963,215876,1889461
2019-05-22,2019,5,22,port57,Antwerp,Belgium,BEL,13,3,10,1,43,27,70,212234,42216,7021,0,116625,261472,378097,271639,0,8940,3788,54114,284368,338482,1889462
2019-05-23,2019,5,23,port57,Antwerp,Belgium,BEL,16,3,9,2,47,30,77,235116,27859,8361,374,135680,271711,407392,397138,31469,2102,1760,78810,432471,511281,1889463
2019-05-24,2019,5,24,port57,Antwerp,Belgium,BEL,12,1,5,5,48,23,71,258413,0,590,0,89771,259004,348775,101199,35365,4612,6715,326719,147893,474613,1889464
2019-05-25,2019,5,25,port57,Antwerp,Belgium,BEL,8,4,6,3,36,21,57,91206,69198,6201,656,94862,167264,262126,346560,19175,14163,5014,81437,384914,466351,1889465
2019-05-26,2019,5,26,port57,Antwerp,Belgium,BEL,12,1,12,1,40,26,66,203334,0,10615,0,189376,213950,403327,106037,0,22831,2562,183662,131431,315094,1889466
2019-05-27,2019,5,27,port57,Antwerp,Belgium,BEL,13,1,7,5,38,26,64,356954,0,4291,110,80546,361355,441902,220298,29272,4283,5975,33795,259829,293624,1889467
2019-05-28,2019,5,28,port57,Antwerp,Belgium,BEL,13,1,13,4,39,31,70,161390,28460,15136,600,63908,205588,269496,346999,0,13578,5552,131918,366130,498049,1889468
2019-05-29,2019,5,29,port57,Antwerp,Belgium,BEL,19,2,9,2,47,32,79,162424,59954,5643,3094,268566,231116,499683,258654,0,6122,3535,120847,268312,389159,1889469
2019-05-30,2019,5,30,port57,Antwerp,Belgium,BEL,11,2,8,2,35,23,58,180068,65886,4615,0,109784,250570,360354,185071,0,6694,4045,72809,195811,268621,1889470
2019-05-31,2019,5,31,port57,Antwerp,Belgium,BEL,7,3,11,4,35,25,60,99162,107907,8979,0,126231,216049,342281,227949,7403,13054,12059,26445,260466,286912,1889471
2019-06-01,2019,6,1,port57,Antwerp,Belgium,BEL,11,0,11,2,35,24,59,198593,0,19102,0,304268,217695,521964,348142,0,21738,2763,28950,372644,401595,1889472
2019-06-02,2019,6,2,port57,Antwerp,Belgium,BEL,14,1,6,2,47,23,70,145000,39047,2447,374,158496,186869,345366,335938,0,2450,1760,107091,340149,447241,1889473
2019-06-03,2019,6,3,port57,Antwerp,Belgium,BEL,15,1,10,3,38,29,67,517909,14856,15110,4478,130226,552355,682581,158965,7403,9042,1760,73082,177172,250255,1889474
2019-06-04,2019,6,4,port57,Antwerp,Belgium,BEL,15,1,10,1,34,27,61,148871,0,5634,0,61026,154506,215533,526304,0,7312,0,46865,533616,580481,1889475
2019-06-05,2019,6,5,port57,Antwerp,Belgium,BEL,13,2,4,2,51,21,72,208664,14856,1463,374,120527,225358,345886,141177,7403,7411,1760,145164,157753,302918,1889476
2019-06-06,2019,6,6,port57,Antwerp,Belgium,BEL,13,1,2,3,37,19,56,26710,0,859,484,265424,28054,293479,174233,0,2885,434,132023,177554,309577,1889477
2019-06-07,2019,6,7,port57,Antwerp,Belgium,BEL,11,2,12,4,62,29,91,135159,17063,3996,0,316876,156219,473095,177302,30365,10291,9590,56580,227549,284130,1889478
2019-06-08,2019,6,8,port57,Antwerp,Belgium,BEL,10,3,11,4,30,28,58,81831,20526,2960,0,43498,105318,148816,173675,16241,23615,11320,28794,224853,253647,1889479
2019-06-09,2019,6,9,port57,Antwerp,Belgium,BEL,16,1,5,3,50,25,75,276417,789,2360,3857,84515,283425,367941,412530,59,2134,1834,79220,416559,495780,1889480
2019-06-10,2019,6,10,port57,Antwerp,Belgium,BEL,15,0,9,4,50,28,78,376303,0,12914,975,253682,390193,643876,258695,0,2815,2726,153061,264238,417299,1889481
2019-06-11,2019,6,11,port57,Antwerp,Belgium,BEL,14,3,10,5,41,32,73,185428,72367,6319,3375,98131,267491,365623,67242,6473,2242,1814,130038,77773,207811,1889482
2019-06-12,2019,6,12,port57,Antwerp,Belgium,BEL,19,2,15,1,45,37,82,244117,74282,30205,3405,191854,352011,543865,310844,0,17597,0,128385,328441,456827,1889483
2019-06-13,2019,6,13,port57,Antwerp,Belgium,BEL,12,2,9,1,40,24,64,81863,90799,4198,0,46504,176860,223364,258695,0,2871,4036,136988,265603,402592,1889484
2019-06-14,2019,6,14,port57,Antwerp,Belgium,BEL,8,1,9,4,37,22,59,106961,0,4740,0,213825,111702,325527,100409,0,10721,10873,39352,122004,161357,1889485
2019-06-15,2019,6,15,port57,Antwerp,Belgium,BEL,10,0,5,3,60,18,78,125045,0,3441,0,381788,128486,510275,241078,0,4632,4555,189410,250266,439677,1889486
2019-06-16,2019,6,16,port57,Antwerp,Belgium,BEL,12,3,8,3,32,26,58,210501,61143,2086,0,61570,273731,335301,126202,10989,5029,8747,65193,150968,216161,1889487
2019-06-17,2019,6,17,port57,Antwerp,Belgium,BEL,16,1,11,3,43,31,74,372297,51192,11587,600,103155,435678,538834,274180,0,10813,7722,79933,292716,372650,1889488
2019-06-18,2019,6,18,port57,Antwerp,Belgium,BEL,16,2,4,3,36,25,61,229289,1450,1912,5148,47602,237800,285402,308015,2249,3377,3507,39474,317149,356624,1889489
2019-06-19,2019,6,19,port57,Antwerp,Belgium,BEL,16,3,7,3,45,29,74,160453,0,1912,2634,134819,165000,299819,352896,66149,6644,3201,257119,428891,686011,1889490
2019-06-20,2019,6,20,port57,Antwerp,Belgium,BEL,11,1,11,1,49,24,73,37406,0,20486,0,106948,57893,164842,85315,35458,9013,4215,56571,134003,190574,1889491
2019-06-21,2019,6,21,port57,Antwerp,Belgium,BEL,14,2,7,8,30,31,61,229249,0,17566,975,215456,247791,463247,293648,11991,7660,22399,103839,335700,439539,1889492
2019-06-22,2019,6,22,port57,Antwerp,Belgium,BEL,6,2,9,3,37,20,57,45958,29319,8254,0,57975,83532,141507,47339,0,2643,2029,56504,52012,108516,1889493
2019-06-23,2019,6,23,port57,Antwerp,Belgium,BEL,15,1,9,3,46,28,74,470700,0,5138,374,117205,476213,593419,345276,3825,16020,2732,40831,367854,408685,1889494
2019-06-24,2019,6,24,port57,Antwerp,Belgium,BEL,13,5,7,1,40,26,66,213747,65023,4278,0,197453,283048,480502,292929,63953,5167,407,128153,362457,490610,1889495
2019-06-25,2019,6,25,port57,Antwerp,Belgium,BEL,12,1,12,3,39,28,67,85999,0,4774,2343,76474,93118,169592,280301,8610,10793,0,43821,299705,343527,1889496
2019-06-26,2019,6,26,port57,Antwerp,Belgium,BEL,19,4,8,2,42,33,75,205755,93051,5604,2784,74513,307196,381709,484455,37481,6288,0,38865,528225,567091,1889497
2019-06-27,2019,6,27,port57,Antwerp,Belgium,BEL,16,0,9,4,43,29,72,273014,0,1912,374,134140,275300,409441,232214,0,8012,4738,128163,244964,373127,1889498
2019-06-28,2019,6,28,port57,Antwerp,Belgium,BEL,8,1,9,4,47,22,69,127961,0,3660,0,96653,131621,228274,22788,33723,7160,11028,135225,74700,209925,1889499
2019-06-29,2019,6,29,port57,Antwerp,Belgium,BEL,16,2,2,1,36,21,57,229388,0,3236,0,68421,232625,301046,391426,70953,261,4218,108836,466859,575695,1889500
2019-06-30,2019,6,30,port57,Antwerp,Belgium,BEL,12,2,11,2,39,27,66,399491,95826,5877,2172,54734,503367,558102,140983,0,4444,4305,121901,149733,271635,1889501
2019-07-01,2019,7,1,port57,Antwerp,Belgium,BEL,12,3,10,4,48,29,77,274846,26082,5042,1793,156318,307765,464084,75754,7403,6227,5014,48197,94400,142597,1889502
2019-07-02,2019,7,2,port57,Antwerp,Belgium,BEL,20,0,8,2,30,30,60,413129,0,6479,0,55752,419608,475360,357667,0,6012,0,57748,363680,421428,1889503
2019-07-03,2019,7,3,port57,Antwerp,Belgium,BEL,10,4,12,5,41,31,72,128045,60823,7340,374,112542,196583,309125,205595,0,7806,10004,38040,223406,261446,1889504
2019-07-04,2019,7,4,port57,Antwerp,Belgium,BEL,15,1,10,4,39,30,69,137820,0,3528,0,74413,141348,215761,187218,0,9540,7582,28185,204341,232527,1889505
2019-07-05,2019,7,5,port57,Antwerp,Belgium,BEL,11,3,5,5,35,24,59,328675,79280,1574,0,36679,409530,446210,229888,0,14832,16103,104640,260823,365464,1889506
2019-07-06,2019,7,6,port57,Antwerp,Belgium,BEL,10,0,6,2,42,18,60,168650,0,8159,110,281718,176920,458639,356713,0,16292,928,31321,373935,405256,1889507
2019-07-07,2019,7,7,port57,Antwerp,Belgium,BEL,12,0,8,1,29,21,50,191687,0,5389,0,64663,197076,261740,240041,0,3566,2983,106849,246591,353441,1889508
2019-07-08,2019,7,8,port57,Antwerp,Belgium,BEL,10,0,11,5,40,26,66,282307,0,19361,6437,172271,308107,480378,135416,0,9922,4291,66760,149631,216392,1889509
2019-07-09,2019,7,9,port57,Antwerp,Belgium,BEL,17,2,6,1,50,26,76,253117,0,2731,4025,119795,259874,379669,297636,39222,6006,0,110690,342864,453555,1889510
2019-07-10,2019,7,10,port57,Antwerp,Belgium,BEL,16,1,15,2,46,34,80,119942,72188,12631,241,222782,205004,427787,171494,0,19597,2530,111317,193622,304940,1889511
2019-07-11,2019,7,11,port57,Antwerp,Belgium,BEL,15,2,6,2,28,25,53,132752,32787,20728,0,92222,186268,278491,254925,21650,2627,3572,26482,282776,309258,1889512
2019-07-12,2019,7,12,port57,Antwerp,Belgium,BEL,9,1,15,5,43,30,73,237681,24271,4535,0,68060,266488,334549,185750,0,28550,9981,77294,224282,301576,1889513
2019-07-13,2019,7,13,port57,Antwerp,Belgium,BEL,13,0,3,4,39,20,59,59864,0,1590,1024,46756,62480,109236,356835,0,1759,6558,152559,365153,517712,1889514
2019-07-14,2019,7,14,port57,Antwerp,Belgium,BEL,12,0,9,2,37,23,60,94672,0,5500,555,78401,100728,179130,279462,0,5072,0,70050,284534,354585,1889515
2019-07-15,2019,7,15,port57,Antwerp,Belgium,BEL,15,0,11,0,39,26,65,284180,0,5248,0,129906,289428,419335,198082,0,4207,0,121271,202290,323561,1889516
2019-07-16,2019,7,16,port57,Antwerp,Belgium,BEL,19,0,11,5,33,35,68,213841,0,5643,5243,56647,224728,281376,431392,0,15028,3504,69186,449925,519112,1889517
2019-07-17,2019,7,17,port57,Antwerp,Belgium,BEL,14,2,7,2,46,25,71,149664,3129,3196,0,140929,155990,296919,169746,0,18071,4745,53651,192563,246215,1889518
2019-07-18,2019,7,18,port57,Antwerp,Belgium,BEL,16,2,9,6,39,33,72,187435,0,5239,3518,124814,196192,321006,430131,59350,7570,10561,70504,507615,578119,1889519
2019-07-19,2019,7,19,port57,Antwerp,Belgium,BEL,10,2,9,2,42,23,65,220293,17163,4280,0,168085,241737,409823,70326,0,20345,8965,77404,99637,177041,1889520
2019-07-20,2019,7,20,port57,Antwerp,Belgium,BEL,13,1,9,6,33,29,62,98737,12277,7087,0,135815,118101,253916,450771,0,10342,17429,190812,478542,669355,1889521
2019-07-21,2019,7,21,port57,Antwerp,Belgium,BEL,10,2,3,1,42,16,58,479741,0,1180,0,54822,480921,535743,152828,34880,710,0,190049,188420,378470,1889522
2019-07-22,2019,7,22,port57,Antwerp,Belgium,BEL,12,1,11,2,40,26,66,356873,36334,9760,842,156093,403812,559905,156486,0,4874,0,99771,161361,261132,1889523
2019-07-23,2019,7,23,port57,Antwerp,Belgium,BEL,15,2,11,3,44,31,75,213165,62512,5665,0,169752,281343,451095,286558,0,15892,2213,109345,304664,414009,1889524
2019-07-24,2019,7,24,port57,Antwerp,Belgium,BEL,15,0,12,1,34,28,62,89723,0,9980,0,151826,99704,251531,307546,0,7872,0,92126,315419,407545,1889525
2019-07-25,2019,7,25,port57,Antwerp,Belgium,BEL,15,2,10,3,43,30,73,105191,32599,14005,374,86550,152171,238721,391733,0,13839,6450,91548,412023,503572,1889526
2019-07-26,2019,7,26,port57,Antwerp,Belgium,BEL,10,1,11,7,44,29,73,231192,0,7168,4403,48623,242764,291387,107232,0,5719,11248,35542,124200,159742,1889527
2019-07-27,2019,7,27,port57,Antwerp,Belgium,BEL,11,1,7,2,55,21,76,158820,92042,2728,374,146627,253965,400593,109622,0,7044,6935,98895,123601,222497,1889528
2019-07-28,2019,7,28,port57,Antwerp,Belgium,BEL,13,0,4,3,30,20,50,223328,0,0,0,183209,223328,406537,293252,0,7638,12186,73443,313077,386521,1889529
2019-07-29,2019,7,29,port57,Antwerp,Belgium,BEL,14,1,12,3,36,30,66,147308,6523,9410,1441,183701,164684,348386,223881,0,9005,2343,23743,235230,258973,1889530
2019-07-30,2019,7,30,port57,Antwerp,Belgium,BEL,18,2,11,1,40,32,72,323621,45844,5719,0,171182,375185,546368,376924,7403,7447,0,79337,391775,471112,1889531
2019-07-31,2019,7,31,port57,Antwerp,Belgium,BEL,16,1,8,4,37,29,66,62317,62972,8308,600,140767,134198,274966,442098,0,1723,6138,142352,449960,592312,1889532
2019-08-01,2019,8,1,port57,Antwerp,Belgium,BEL,15,0,6,3,39,24,63,128364,0,1882,2529,93191,132776,225968,277946,0,8581,0,43969,286528,330498,1889533
2019-08-02,2019,8,2,port57,Antwerp,Belgium,BEL,9,2,5,3,40,19,59,159053,101432,3053,0,102186,263539,365725,187726,0,2169,6367,43414,196263,239677,1889534
2019-08-03,2019,8,3,port57,Antwerp,Belgium,BEL,10,1,7,1,34,19,53,126573,14856,2864,0,75418,144294,219713,142569,7403,20062,0,94330,170035,264366,1889535
2019-08-04,2019,8,4,port57,Antwerp,Belgium,BEL,13,1,11,1,37,26,63,191255,0,18658,0,129020,209913,338934,86805,8115,3895,3270,41678,102087,143765,1889536
2019-08-05,2019,8,5,port57,Antwerp,Belgium,BEL,15,2,6,4,43,27,70,333511,585,1180,110,262130,335388,597519,203256,0,3541,7361,47692,214160,261853,1889537
2019-08-06,2019,8,6,port57,Antwerp,Belgium,BEL,13,2,11,2,35,28,63,242204,0,4727,0,205950,246932,452883,405778,0,9044,0,146180,414822,561002,1889538
2019-08-07,2019,8,7,port57,Antwerp,Belgium,BEL,15,0,4,4,35,23,58,306832,0,4303,374,74400,311510,385910,360606,0,836,15186,77791,376630,454421,1889539
2019-08-08,2019,8,8,port57,Antwerp,Belgium,BEL,21,0,9,1,44,31,75,89888,0,4867,0,77236,94755,171991,398595,0,4933,0,59564,403529,463093,1889540
2019-08-09,2019,8,9,port57,Antwerp,Belgium,BEL,12,2,10,2,44,26,70,154354,5245,5146,0,165073,164746,329820,127461,41353,8502,7982,107952,185300,293253,1889541
2019-08-10,2019,8,10,port57,Antwerp,Belgium,BEL,12,1,3,3,38,19,57,107350,35135,5395,0,185600,147881,333482,283511,0,310,7665,55614,291486,347101,1889542
2019-08-11,2019,8,11,port57,Antwerp,Belgium,BEL,11,0,6,3,36,20,56,132791,0,1180,3017,60760,136990,197750,184566,0,9339,4104,45999,198010,244009,1889543
2019-08-12,2019,8,12,port57,Antwerp,Belgium,BEL,12,1,9,5,44,27,71,189771,0,7903,419,123287,198094,321382,195576,0,3578,7608,116759,206763,323523,1889544
2019-08-13,2019,8,13,port57,Antwerp,Belgium,BEL,18,0,12,4,43,34,77,405702,0,5075,1372,89812,412150,501962,378754,0,11287,9307,94198,399349,493548,1889545
2019-08-14,2019,8,14,port57,Antwerp,Belgium,BEL,11,1,5,3,54,20,74,300777,28394,2344,0,132311,331517,463829,319786,0,5502,5677,165294,330967,496262,1889546
2019-08-15,2019,8,15,port57,Antwerp,Belgium,BEL,15,3,5,1,39,24,63,54923,25790,1755,0,166430,82469,248899,549976,7403,8036,0,49937,565417,615354,1889547
2019-08-16,2019,8,16,port57,Antwerp,Belgium,BEL,8,3,13,4,42,28,70,184226,72178,5382,0,100833,261787,362620,83241,0,10515,9622,83158,103379,186537,1889548
2019-08-17,2019,8,17,port57,Antwerp,Belgium,BEL,12,0,6,6,38,24,62,289346,0,1416,1707,100266,292469,392736,74737,0,3201,4372,198996,82311,281307,1889549
2019-08-18,2019,8,18,port57,Antwerp,Belgium,BEL,14,0,6,3,36,23,59,234124,0,6602,374,65094,241101,306196,211612,0,1323,1760,101170,214696,315866,1889550
2019-08-19,2019,8,19,port57,Antwerp,Belgium,BEL,13,2,8,3,43,26,69,382548,59451,6331,419,254881,448751,703632,322630,42299,5136,5868,43688,375935,419623,1889551
2019-08-20,2019,8,20,port57,Antwerp,Belgium,BEL,16,1,13,4,37,34,71,193704,0,3233,1144,170663,198083,368747,225354,0,13652,1020,38161,240027,278188,1889552
2019-08-21,2019,8,21,port57,Antwerp,Belgium,BEL,15,2,7,2,42,26,68,69042,649,7536,0,93502,77228,170731,270976,24229,19444,1198,116910,315848,432759,1889553
2019-08-22,2019,8,22,port57,Antwerp,Belgium,BEL,14,2,7,2,39,25,64,201187,5543,1176,0,94184,207907,302091,326000,0,12662,2268,34676,340931,375607,1889554
2019-08-23,2019,8,23,port57,Antwerp,Belgium,BEL,7,2,12,3,55,24,79,247824,28704,6229,0,138564,282759,421323,144348,0,9470,4770,211731,158589,370321,1889555
2019-08-24,2019,8,24,port57,Antwerp,Belgium,BEL,11,1,6,4,40,22,62,103441,0,1086,207,148139,104735,252875,269064,0,3668,164,71006,272897,343903,1889556
2019-08-25,2019,8,25,port57,Antwerp,Belgium,BEL,13,5,10,3,30,31,61,127750,188029,9804,0,100851,325584,426435,224434,30859,18812,9516,106806,283622,390429,1889557
2019-08-26,2019,8,26,port57,Antwerp,Belgium,BEL,14,1,9,2,50,26,76,307864,14856,5726,0,174394,328446,502841,169447,7403,6915,2399,107222,186166,293389,1889558
2019-08-27,2019,8,27,port57,Antwerp,Belgium,BEL,17,2,7,2,40,28,68,474316,4842,5831,4869,59585,489860,549446,169165,73243,5368,0,74802,247778,322581,1889559
2019-08-28,2019,8,28,port57,Antwerp,Belgium,BEL,18,0,4,4,43,26,69,140552,0,2053,710,161678,143317,304995,470143,0,3095,4838,43484,478078,521563,1889560
2019-08-29,2019,8,29,port57,Antwerp,Belgium,BEL,13,1,6,1,31,21,52,51599,0,1758,0,85465,53357,138823,265262,0,6108,1743,46516,273115,319631,1889561
2019-08-30,2019,8,30,port57,Antwerp,Belgium,BEL,9,1,5,1,46,16,62,193616,25666,808,0,120617,220091,340709,227525,0,4663,3604,38157,235793,273951,1889562
2019-08-31,2019,8,31,port57,Antwerp,Belgium,BEL,10,0,11,4,27,25,52,72835,0,6819,3146,58592,82801,141393,136872,0,22725,9202,114648,168800,283448,1889563
2019-09-01,2019,9,1,port57,Antwerp,Belgium,BEL,12,1,10,2,46,25,71,344900,0,7541,0,55472,352442,407914,160323,27012,19549,4184,59128,211068,270197,1889564
2019-09-02,2019,9,2,port57,Antwerp,Belgium,BEL,14,3,6,5,43,28,71,287304,40388,3698,2223,103418,333614,437032,331608,52587,2867,4284,66713,391347,458061,1889565
2019-09-03,2019,9,3,port57,Antwerp,Belgium,BEL,17,1,7,2,45,27,72,165292,30394,2070,2105,106609,199862,306472,305092,0,8941,866,129519,314900,444419,1889566
2019-09-04,2019,9,4,port57,Antwerp,Belgium,BEL,16,1,11,4,45,32,77,81381,62972,7937,0,158451,152290,310741,217423,0,14951,2255,63176,234630,297806,1889567
2019-09-05,2019,9,5,port57,Antwerp,Belgium,BEL,16,1,8,1,43,26,69,102003,56616,4921,374,215718,163916,379635,390253,0,3306,1760,136919,395320,532240,1889568
2019-09-06,2019,9,6,port57,Antwerp,Belgium,BEL,11,0,12,3,53,26,79,233119,0,11847,374,181320,245341,426661,59938,0,9697,4904,58513,74541,133054,1889569
2019-09-07,2019,9,7,port57,Antwerp,Belgium,BEL,7,2,10,0,35,19,54,63017,72854,15249,0,45155,151120,196276,120975,0,7369,0,36673,128344,165018,1889570
2019-09-08,2019,9,8,port57,Antwerp,Belgium,BEL,13,3,9,2,31,27,58,303222,14856,4978,600,91583,323658,415242,271716,29875,4454,2808,88106,308856,396962,1889571
2019-09-09,2019,9,9,port57,Antwerp,Belgium,BEL,16,1,16,1,56,34,90,174694,0,8055,2570,79223,185319,264543,324991,28157,7848,0,137168,360997,498166,1889572
2019-09-10,2019,9,10,port57,Antwerp,Belgium,BEL,14,0,7,5,43,26,69,177353,0,1463,2343,153486,181160,334646,103685,0,3910,1308,61328,108905,170233,1889573
2019-09-11,2019,9,11,port57,Antwerp,Belgium,BEL,16,1,9,2,38,28,66,116262,0,1729,0,126338,117992,244331,443762,6693,22840,0,46964,473296,520260,1889574
2019-09-12,2019,9,12,port57,Antwerp,Belgium,BEL,10,1,9,4,48,24,72,120716,11201,3011,1537,70991,136466,207458,256670,0,13382,5041,106039,275094,381134,1889575
2019-09-13,2019,9,13,port57,Antwerp,Belgium,BEL,9,2,12,2,37,25,62,131092,28640,7444,0,38376,167177,205553,133916,7403,5100,2343,120727,148765,269493,1889576
2019-09-14,2019,9,14,port57,Antwerp,Belgium,BEL,11,0,6,2,53,19,72,243871,0,2535,0,201812,246407,448219,233696,0,22058,2763,161441,258518,419960,1889577
2019-09-15,2019,9,15,port57,Antwerp,Belgium,BEL,15,1,10,2,44,28,72,445257,62972,7196,0,107693,515426,623119,266722,0,5149,8880,114177,280753,394930,1889578
2019-09-16,2019,9,16,port57,Antwerp,Belgium,BEL,14,1,11,2,45,28,73,317477,16296,8715,3367,120877,345857,466735,259333,0,7337,485,180072,267156,447228,1889579
2019-09-17,2019,9,17,port57,Antwerp,Belgium,BEL,9,0,11,3,42,23,65,75840,0,10153,2440,170588,88434,259023,242296,0,5198,0,142160,247495,389655,1889580
2019-09-18,2019,9,18,port57,Antwerp,Belgium,BEL,16,0,9,3,42,28,70,211046,0,14781,0,216965,225828,442793,313119,0,4254,5728,152966,323102,476069,1889581
2019-09-19,2019,9,19,port57,Antwerp,Belgium,BEL,13,1,12,1,44,27,71,95561,22364,7629,0,116288,125555,241843,300887,0,7936,0,51261,308824,360085,1889582
2019-09-20,2019,9,20,port57,Antwerp,Belgium,BEL,10,0,11,5,36,26,62,247211,0,4704,374,82994,252289,335284,144439,0,6915,11109,83560,162464,246024,1889583
2019-09-21,2019,9,21,port57,Antwerp,Belgium,BEL,10,1,6,2,39,19,58,161270,0,293,0,99567,161563,261130,237888,29475,9009,0,71711,276373,348085,1889584
2019-09-22,2019,9,22,port57,Antwerp,Belgium,BEL,12,2,9,0,37,23,60,147830,0,3410,0,57049,151241,208291,363312,32202,6250,0,65421,401765,467186,1889585
2019-09-23,2019,9,23,port57,Antwerp,Belgium,BEL,17,1,9,3,43,30,73,177655,1661,10011,2343,171325,191672,362998,301951,0,4445,0,168841,306397,475239,1889586
2019-09-24,2019,9,24,port57,Antwerp,Belgium,BEL,16,2,7,3,46,28,74,86130,74206,6239,2718,116803,169294,286098,365831,40409,10380,2219,163100,418840,581941,1889587
2019-09-25,2019,9,25,port57,Antwerp,Belgium,BEL,16,1,12,4,44,33,77,204975,4408,4110,374,73040,213868,286908,228646,0,17840,1760,87357,248247,335605,1889588
2019-09-26,2019,9,26,port57,Antwerp,Belgium,BEL,13,1,8,2,49,24,73,194722,0,4148,2705,214016,201575,415592,220459,11679,7029,0,108114,239168,347283,1889589
2019-09-27,2019,9,27,port57,Antwerp,Belgium,BEL,11,3,9,6,38,29,67,282556,23419,1463,0,142338,307439,449777,103508,29640,7112,17203,35547,157465,193013,1889590
2019-09-28,2019,9,28,port57,Antwerp,Belgium,BEL,11,2,4,4,37,21,58,198383,9340,3971,374,123988,212070,336058,206178,0,4780,10991,21588,221950,243538,1889591
2019-09-29,2019,9,29,port57,Antwerp,Belgium,BEL,11,0,10,2,34,23,57,288611,0,3926,508,142161,293046,435207,82576,0,8094,4407,89825,95078,184903,1889592
2019-09-30,2019,9,30,port57,Antwerp,Belgium,BEL,16,1,12,3,35,32,67,346886,0,10160,6753,95621,363801,459422,395217,4072,8665,1532,34937,409487,444424,1889593
2019-10-01,2019,10,1,port57,Antwerp,Belgium,BEL,13,1,11,2,34,27,61,84884,33723,4854,808,82070,124271,206341,357133,0,13166,1130,64858,371430,436289,1889594
2019-10-02,2019,10,2,port57,Antwerp,Belgium,BEL,18,1,10,3,44,32,76,693752,14856,5187,2849,76361,716645,793006,287272,7403,9756,3724,125658,308157,433816,1889595
2019-10-03,2019,10,3,port57,Antwerp,Belgium,BEL,16,1,10,3,41,30,71,322865,78363,4497,2091,231714,407817,639532,280631,0,5588,4912,160841,291132,451974,1889596
2019-10-04,2019,10,4,port57,Antwerp,Belgium,BEL,7,1,10,2,39,20,59,138465,30021,2664,0,179925,171152,351077,166144,0,28411,4869,109558,199425,308983,1889597
2019-10-05,2019,10,5,port57,Antwerp,Belgium,BEL,13,1,6,1,39,21,60,189328,0,4526,0,60059,193854,253913,220536,0,1525,1924,53215,223986,277202,1889598
2019-10-06,2019,10,6,port57,Antwerp,Belgium,BEL,13,0,8,1,43,22,65,282665,0,2770,0,188300,285436,473737,325933,0,6106,0,154205,332040,486245,1889599
2019-10-07,2019,10,7,port57,Antwerp,Belgium,BEL,13,2,11,4,36,30,66,132389,35248,4655,3448,75320,175740,251061,252593,0,7009,2349,69740,261952,331692,1889600
2019-10-08,2019,10,8,port57,Antwerp,Belgium,BEL,19,1,11,1,45,32,77,49070,30275,3761,0,237701,83107,320809,459769,0,18884,0,135696,478653,614349,1889601
2019-10-09,2019,10,9,port57,Antwerp,Belgium,BEL,14,0,8,3,38,25,63,157807,0,2528,0,63817,160336,224153,225440,0,12567,8984,80457,246992,327450,1889602
2019-10-10,2019,10,10,port57,Antwerp,Belgium,BEL,17,0,7,5,46,29,75,260093,0,4617,374,77420,265085,342505,493352,0,2516,11688,157381,507557,664939,1889603
2019-10-11,2019,10,11,port57,Antwerp,Belgium,BEL,9,1,6,4,39,20,59,216377,14856,3375,748,122776,235358,358134,56189,7403,5887,5864,69010,75345,144356,1889604
2019-10-12,2019,10,12,port57,Antwerp,Belgium,BEL,13,0,4,3,35,20,55,118453,0,31791,1535,67020,151779,218800,275669,0,0,9484,75926,285153,361080,1889605
2019-10-13,2019,10,13,port57,Antwerp,Belgium,BEL,13,0,14,1,47,28,75,252723,0,13539,515,161470,266778,428249,184030,0,13571,0,129464,197601,327065,1889606
2019-10-14,2019,10,14,port57,Antwerp,Belgium,BEL,12,2,6,5,56,25,81,219067,65348,2530,8542,239351,295488,534840,322478,0,2683,2259,46269,327421,373690,1889607
2019-10-15,2019,10,15,port57,Antwerp,Belgium,BEL,17,0,14,1,37,32,69,238265,0,5438,0,81723,243704,325428,253970,0,12411,0,154631,266381,421013,1889608
2019-10-16,2019,10,16,port57,Antwerp,Belgium,BEL,15,2,13,3,39,33,72,164399,73153,1953,8138,130448,247645,378094,207015,0,14556,1760,54013,223331,277345,1889609
2019-10-17,2019,10,17,port57,Antwerp,Belgium,BEL,12,2,9,4,43,27,70,15654,75281,11968,0,176451,102904,279356,373136,0,6648,4859,181584,384645,566229,1889610
2019-10-18,2019,10,18,port57,Antwerp,Belgium,BEL,9,1,8,2,39,20,59,344460,0,1762,0,140253,346223,486477,38820,27536,9824,3183,56395,79364,135760,1889611
2019-10-19,2019,10,19,port57,Antwerp,Belgium,BEL,12,2,10,3,35,27,62,96246,15419,10429,2343,89626,124439,214065,228685,0,10489,1528,114637,240703,355341,1889612
2019-10-20,2019,10,20,port57,Antwerp,Belgium,BEL,10,5,13,2,34,30,64,208587,71129,7842,0,57588,287560,345149,85922,98671,9467,553,121369,194614,315984,1889613
2019-10-21,2019,10,21,port57,Antwerp,Belgium,BEL,15,2,7,2,39,26,65,240787,15327,2252,4869,75245,263237,338483,345420,31867,6152,1408,84627,384848,469475,1889614
2019-10-22,2019,10,22,port57,Antwerp,Belgium,BEL,12,4,15,2,39,33,72,175119,60891,8117,0,149403,244128,393531,47057,0,10678,0,73057,57735,130792,1889615
2019-10-23,2019,10,23,port57,Antwerp,Belgium,BEL,19,1,14,4,30,38,68,91389,29607,16710,600,55846,138308,194154,579257,0,9398,7497,142355,596153,738509,1889616
2019-10-24,2019,10,24,port57,Antwerp,Belgium,BEL,17,2,10,4,46,33,79,150812,0,2684,4346,66393,157844,224238,324041,4904,8217,2354,117919,339517,457436,1889617
2019-10-25,2019,10,25,port57,Antwerp,Belgium,BEL,7,2,9,4,41,22,63,112922,57374,2094,1182,292961,173574,466535,73652,0,15808,6495,67724,95955,163680,1889618
2019-10-26,2019,10,26,port57,Antwerp,Belgium,BEL,13,1,3,2,31,19,50,77775,0,1912,0,72882,79687,152570,359780,0,1792,0,24576,361572,386148,1889619
2019-10-27,2019,10,27,port57,Antwerp,Belgium,BEL,9,2,13,3,34,27,61,342314,29606,2640,374,58205,374936,433141,70746,0,11439,3291,89610,85477,175087,1889620
2019-10-28,2019,10,28,port57,Antwerp,Belgium,BEL,14,3,12,0,43,29,72,227251,15270,9374,0,83562,251896,335458,284856,42852,19628,0,77350,347337,424687,1889621
2019-10-29,2019,10,29,port57,Antwerp,Belgium,BEL,12,0,5,6,35,23,58,268109,0,2176,6183,70592,276469,347061,165393,0,1867,3406,123677,170666,294344,1889622
2019-10-30,2019,10,30,port57,Antwerp,Belgium,BEL,17,1,9,4,33,31,64,111509,21845,3802,4917,226625,142074,368700,374640,0,7053,1760,68117,383455,451573,1889623
2019-10-31,2019,10,31,port57,Antwerp,Belgium,BEL,15,0,7,3,44,25,69,216947,0,2053,808,71491,219809,291301,295010,0,12886,5015,40049,312911,352961,1889624
2019-11-01,2019,11,1,port57,Antwerp,Belgium,BEL,8,1,5,2,42,16,58,275573,0,866,0,182634,276440,459074,66402,30643,1778,2743,110245,101568,211813,1889625
2019-11-02,2019,11,2,port57,Antwerp,Belgium,BEL,13,1,7,4,36,25,61,92892,44502,87,374,177820,137857,315677,170234,0,15791,6365,49677,192390,242068,1889626
2019-11-03,2019,11,3,port57,Antwerp,Belgium,BEL,13,1,15,1,29,30,59,405434,0,10743,374,222943,416552,639495,242062,0,7838,1760,97114,251661,348776,1889627
2019-11-04,2019,11,4,port57,Antwerp,Belgium,BEL,13,3,7,2,48,25,73,172520,30403,2527,374,179959,205826,385785,414273,0,6242,3685,126400,424201,550602,1889628
2019-11-05,2019,11,5,port57,Antwerp,Belgium,BEL,17,2,9,1,43,29,72,145809,0,2951,0,97061,148760,245821,320121,0,9509,0,57191,329630,386822,1889629
2019-11-06,2019,11,6,port57,Antwerp,Belgium,BEL,13,2,14,0,37,29,66,296881,2283,7123,0,166531,306289,472820,115161,0,9927,0,81500,125088,206588,1889630
2019-11-07,2019,11,7,port57,Antwerp,Belgium,BEL,15,1,4,4,36,24,60,91085,0,1211,600,104132,92898,197030,268013,0,4752,7472,65698,280237,345935,1889631
2019-11-08,2019,11,8,port57,Antwerp,Belgium,BEL,10,0,7,4,36,21,57,73781,0,4101,2281,67336,80164,147500,68171,0,7400,5773,120072,81345,201417,1889632
2019-11-09,2019,11,9,port57,Antwerp,Belgium,BEL,7,2,10,3,33,22,55,93236,12474,7576,1269,61885,114557,176442,168153,0,4687,1657,129743,174499,304243,1889633
2019-11-10,2019,11,10,port57,Antwerp,Belgium,BEL,12,2,5,3,33,22,55,248052,0,2374,207,67136,250635,317771,376801,35347,6541,4096,87534,422786,510321,1889634
2019-11-11,2019,11,11,port57,Antwerp,Belgium,BEL,10,1,5,3,43,19,62,175883,0,3286,975,210630,180144,390775,245375,0,4011,2726,45787,252114,297901,1889635
2019-11-12,2019,11,12,port57,Antwerp,Belgium,BEL,16,4,6,4,30,30,60,158227,56362,6028,433,42622,221051,263673,217419,0,4070,5014,52431,226503,278935,1889636
2019-11-13,2019,11,13,port57,Antwerp,Belgium,BEL,15,0,11,2,42,28,70,316954,0,11942,4027,164763,332925,497688,172072,0,4221,1127,225318,177421,402740,1889637
2019-11-14,2019,11,14,port57,Antwerp,Belgium,BEL,20,2,8,3,36,33,69,302677,35357,2351,435,113701,340822,454524,373181,0,12686,5125,60613,390993,451606,1889638
2019-11-15,2019,11,15,port57,Antwerp,Belgium,BEL,8,1,11,2,46,22,68,262205,14856,4644,0,209510,281706,491217,112410,7403,11345,5527,111676,136687,248364,1889639
2019-11-16,2019,11,16,port57,Antwerp,Belgium,BEL,12,0,6,4,32,22,54,131100,0,1399,600,91367,133100,224468,215570,0,8124,11141,43061,234836,277898,1889640
2019-11-17,2019,11,17,port57,Antwerp,Belgium,BEL,9,1,6,3,38,19,57,239606,0,3115,0,167879,242722,410601,159015,30136,5707,14846,148099,209706,357805,1889641
2019-11-18,2019,11,18,port57,Antwerp,Belgium,BEL,14,1,14,2,39,31,70,115665,32651,8243,582,136716,157141,293858,405739,0,10702,1925,83938,418366,502305,1889642
2019-11-19,2019,11,19,port57,Antwerp,Belgium,BEL,18,3,8,2,32,31,63,452245,14856,5386,1442,84180,473931,558112,212699,17159,4238,966,156846,235063,391910,1889643
2019-11-20,2019,11,20,port57,Antwerp,Belgium,BEL,16,1,15,3,47,35,82,47253,14856,10121,4248,68928,76479,145408,360694,7403,22194,3276,50263,393569,443832,1889644
2019-11-21,2019,11,21,port57,Antwerp,Belgium,BEL,14,3,11,6,46,34,80,360235,77828,7680,975,93179,446719,539898,353780,49188,7536,8037,225086,418543,643630,1889645
2019-11-22,2019,11,22,port57,Antwerp,Belgium,BEL,13,0,7,3,38,23,61,106519,0,2592,374,95309,109485,204795,211491,0,6828,6898,28562,225218,253781,1889646
2019-11-23,2019,11,23,port57,Antwerp,Belgium,BEL,11,0,7,3,38,21,59,80359,0,5239,600,77479,86199,163679,340092,0,5731,2838,153487,348662,502149,1889647
2019-11-24,2019,11,24,port57,Antwerp,Belgium,BEL,12,1,14,4,34,31,65,190895,0,10027,0,44186,200923,245109,131065,0,13520,2770,98938,147356,246294,1889648
2019-11-25,2019,11,25,port57,Antwerp,Belgium,BEL,14,0,8,5,43,27,70,273538,0,9061,2105,82236,284706,366942,486675,0,6940,12272,39030,505888,544918,1889649
2019-11-26,2019,11,26,port57,Antwerp,Belgium,BEL,10,2,6,3,43,21,64,213989,6766,4660,0,336466,225416,561882,199011,78052,3838,2136,83331,283039,366370,1889650
2019-11-27,2019,11,27,port57,Antwerp,Belgium,BEL,17,2,12,2,52,33,85,130984,8088,2221,0,178648,141294,319943,189038,0,22118,6246,75441,217403,292844,1889651
2019-11-28,2019,11,28,port57,Antwerp,Belgium,BEL,18,4,8,0,48,30,78,326138,0,2053,0,105960,328191,434152,343124,44857,10366,0,130311,398348,528660,1889652
2019-11-29,2019,11,29,port57,Antwerp,Belgium,BEL,13,5,6,3,35,27,62,104119,85625,2053,0,103921,191798,295719,263999,0,5262,2343,123554,271606,395160,1889653
2019-11-30,2019,11,30,port57,Antwerp,Belgium,BEL,10,1,5,5,39,21,60,180705,14856,217,207,91497,195987,287485,126578,7403,11694,7652,62566,153328,215895,1889654
2019-12-01,2019,12,1,port57,Antwerp,Belgium,BEL,13,1,9,1,26,24,50,134219,3477,9193,0,74731,146891,221623,582506,0,5044,1308,13665,588859,602524,1889655
2019-12-02,2019,12,2,port57,Antwerp,Belgium,BEL,14,1,10,1,42,26,68,244156,22021,5758,0,149333,271936,421269,148547,0,7056,4921,88855,160526,249381,1889656
2019-12-03,2019,12,3,port57,Antwerp,Belgium,BEL,18,0,11,2,36,31,67,300802,0,4425,0,112330,305228,417559,264029,0,15310,0,24754,279339,304094,1889657
2019-12-04,2019,12,4,port57,Antwerp,Belgium,BEL,14,3,10,3,44,30,74,115710,0,3115,0,151600,118825,270426,265901,0,12823,3118,146161,281843,428004,1889658
2019-12-05,2019,12,5,port57,Antwerp,Belgium,BEL,13,0,11,2,46,26,72,135480,0,7775,600,96501,143856,240358,242320,0,15440,3924,162365,261685,424051,1889659
2019-12-06,2019,12,6,port57,Antwerp,Belgium,BEL,14,3,5,4,27,26,53,395672,14856,1504,374,78222,412408,490630,132519,49385,3078,11499,66062,196483,262546,1889660
2019-12-07,2019,12,7,port57,Antwerp,Belgium,BEL,9,0,6,5,44,20,64,77495,0,4706,0,117653,82201,199855,90592,0,2641,12923,93123,106157,199281,1889661
2019-12-08,2019,12,8,port57,Antwerp,Belgium,BEL,17,1,5,0,34,23,57,257680,568,3083,0,212765,261332,474098,351352,0,2748,0,38342,354101,392444,1889662
2019-12-09,2019,12,9,port57,Antwerp,Belgium,BEL,5,3,6,3,43,17,60,114317,0,3365,0,65555,117682,183237,109622,30309,9321,5512,141951,154766,296717,1889663
2023-03-24,2023,3,24,port57,Antwerp,Belgium,BEL,9,4,6,6,40,25,65,147113,27274,3013,1738,62432,179139,241572,104325,46523,8389,4745,82786,163984,246770,1890001
2024-04-27,2024,4,27,port57,Antwerp,Belgium,BEL,12,3,8,5,44,28,72,297040,25585,4311,4399,61580,331337,392917,280375,27814,7594,7331,99293,323116,422410,1890002
2019-12-10,2019,12,10,port57,Antwerp,Belgium,BEL,16,0,10,4,36,30,66,315276,0,6301,1349,97973,322927,420901,349636,0,10822,6275,53883,366735,420618,1890003
2022-02-17,2022,2,17,port57,Antwerp,Belgium,BEL,8,1,8,2,36,19,55,105701,14122,3558,0,157178,123383,280562,361953,0,4103,1681,33010,367739,400749,1890004
2023-03-25,2023,3,25,port57,Antwerp,Belgium,BEL,12,1,6,2,33,21,54,98789,13733,4144,374,73439,117041,190481,283188,0,883,1760,55116,285832,340949,1890005
2024-04-28,2024,4,28,port57,Antwerp,Belgium,BEL,11,3,6,2,30,22,52,68391,21951,3176,110,157333,93629,250963,266923,34012,7097,1891,81186,309923,391110,1890006
2019-12-11,2019,12,11,port57,Antwerp,Belgium,BEL,16,3,4,0,47,23,70,176021,14856,2643,0,175518,193521,369039,463449,49481,2963,0,137724,515895,653619,1890007
2021-01-13,2021,1,13,port57,Antwerp,Belgium,BEL,15,0,5,2,42,22,64,178927,0,0,0,188980,178927,367908,332373,0,13060,1856,23882,347290,371172,1890008
2022-02-18,2022,2,18,port57,Antwerp,Belgium,BEL,3,1,2,1,25,7,32,16085,6025,1321,0,32902,23432,56335,30265,0,1481,1376,28005,33123,61128,1890009
2023-03-26,2023,3,26,port57,Antwerp,Belgium,BEL,9,2,9,4,30,24,54,24641,3646,4670,600,156556,33558,190115,379807,0,9332,7067,106862,396207,503069,1890010
2024-04-29,2024,4,29,port57,Antwerp,Belgium,BEL,12,2,13,2,44,29,73,159336,49049,14835,4573,47806,227794,275601,238012,7403,10188,966,50628,256571,307199,1890011
2019-12-12,2019,12,12,port57,Antwerp,Belgium,BEL,14,2,14,0,39,30,69,151578,29466,9681,0,236705,190725,427431,239246,7403,12127,0,137898,258777,396676,1890012
2021-01-14,2021,1,14,port57,Antwerp,Belgium,BEL,10,1,10,4,41,25,66,70889,14856,8805,0,67466,94551,162017,308520,7403,5126,3954,109234,325005,434240,1890013
2022-02-19,2022,2,19,port57,Antwerp,Belgium,BEL,4,0,1,1,27,6,33,56796,0,590,0,25308,57386,82695,30689,0,310,4447,65242,35446,100689,1890014
2023-03-27,2023,3,27,port57,Antwerp,Belgium,BEL,11,1,12,5,29,29,58,248989,0,6543,3947,66334,259479,325813,336183,0,8691,54,36643,344929,381572,1890015
2024-04-30,2024,4,30,port57,Antwerp,Belgium,BEL,16,0,6,3,35,25,60,219343,0,2439,2452,205671,224235,429907,225812,0,8258,1760,110364,235831,346196,1890016
2019-12-13,2019,12,13,port57,Antwerp,Belgium,BEL,13,3,10,3,42,29,71,161491,50714,6301,975,79420,219482,298902,233176,74539,11335,2726,67435,321777,389213,1890017
2021-01-15,2021,1,15,port57,Antwerp,Belgium,BEL,13,1,12,3,45,29,74,276176,47015,5228,1659,143111,330080,473191,206831,0,14332,3604,47809,224768,272578,1890018
2022-02-20,2022,2,20,port57,Antwerp,Belgium,BEL,7,3,3,1,40,14,54,127918,55193,3399,0,127258,186511,313770,65169,7403,1164,514,178782,74252,253035,1890019
2023-03-28,2023,3,28,port57,Antwerp,Belgium,BEL,16,0,4,3,33,23,56,305009,0,3055,0,303407,308065,611472,222633,0,1474,3775,132248,227883,360131,1890020
2024-05-01,2024,5,1,port57,Antwerp,Belgium,BEL,17,2,10,0,41,29,70,348245,51456,7467,0,69527,407169,476696,153871,0,21766,0,123604,175638,299242,1890021
2019-12-14,2019,12,14,port57,Antwerp,Belgium,BEL,8,0,4,3,33,15,48,97252,0,2053,808,53213,100114,153328,138819,0,7355,2957,58989,149133,208122,1890022
2021-01-16,2021,1,16,port57,Antwerp,Belgium,BEL,18,2,7,4,40,31,71,230914,49636,2165,0,43808,282715,326524,126960,0,19406,10738,74472,157105,231577,1890023
2022-02-21,2022,2,21,port57,Antwerp,Belgium,BEL,0,0,5,0,19,5,24,0,0,1811,0,13969,1811,15780,0,0,1261,0,16331,1261,17592,1890024
2023-03-29,2023,3,29,port57,Antwerp,Belgium,BEL,12,1,6,3,35,22,57,199853,5536,9733,0,244117,215123,459241,84071,0,1296,2384,55181,87752,142934,1890025
2024-05-02,2024,5,2,port57,Antwerp,Belgium,BEL,10,1,14,3,40,28,68,257654,44091,7114,110,208977,308969,517947,209226,0,14944,54,74186,224225,298411,1890026
2019-12-15,2019,12,15,port57,Antwerp,Belgium,BEL,11,1,5,3,35,20,55,160049,14856,4042,1201,77845,180149,257995,176034,7403,3007,7906,47520,194352,241873,1890027
2021-01-17,2021,1,17,port57,Antwerp,Belgium,BEL,12,1,9,3,37,25,62,449954,0,11704,600,175860,462259,638119,35230,35360,6909,5964,34055,83465,117521,1890028
2022-02-22,2022,2,22,port57,Antwerp,Belgium,BEL,15,4,13,7,47,39,86,94100,74263,11399,5911,149781,185675,335457,568934,40958,13863,11997,144029,635754,779784,1890029
2023-03-30,2023,3,30,port57,Antwerp,Belgium,BEL,15,2,13,2,41,32,73,220653,6207,2895,0,113999,229756,343756,442434,0,8228,1537,173512,452200,625713,1890030
2024-05-03,2024,5,3,port57,Antwerp,Belgium,BEL,12,1,8,4,47,25,72,118996,0,2684,2763,304652,124444,429096,490321,0,9062,17322,128744,516706,645450,1890031
2019-12-16,2019,12,16,port57,Antwerp,Belgium,BEL,13,0,10,2,42,25,67,221106,0,5877,975,75927,227958,303885,181433,0,7797,2726,80093,191957,272051,1890032
2021-01-18,2021,1,18,port57,Antwerp,Belgium,BEL,12,2,11,0,34,25,59,106991,0,4986,0,91764,111977,203742,294141,25457,8087,0,80216,327686,407902,1890033
2022-02-23,2022,2,23,port57,Antwerp,Belgium,BEL,18,4,6,5,45,33,78,342795,19550,3408,0,345394,365754,711149,412442,58878,3274,10265,108129,484860,592990,1890034
2023-03-31,2023,3,31,port57,Antwerp,Belgium,BEL,12,2,5,5,30,24,54,245683,11129,3767,2595,80407,263177,343585,301706,43384,4455,3820,73445,353365,426811,1890035
2024-05-04,2024,5,4,port57,Antwerp,Belgium,BEL,11,2,8,2,37,23,60,143155,51955,1344,0,108857,196454,305311,135669,0,5320,2571,176876,143561,320438,1890036
2019-12-17,2019,12,17,port57,Antwerp,Belgium,BEL,15,0,12,5,48,32,80,228883,0,13980,1950,185313,244813,430127,263585,0,7341,5453,127528,276381,403909,1890037
2021-01-19,2021,1,19,port57,Antwerp,Belgium,BEL,11,2,5,2,35,20,55,168593,1898,5556,2703,105440,178751,284192,240182,26382,620,966,84369,268151,352521,1890038
2022-02-24,2022,2,24,port57,Antwerp,Belgium,BEL,17,5,10,3,31,35,66,403849,35695,4325,374,80307,444245,524552,330978,0,9034,4811,90900,344825,435726,1890039
2023-04-01,2023,4,1,port57,Antwerp,Belgium,BEL,13,1,2,2,28,18,46,70575,7666,731,1738,77935,80711,158646,189866,0,1558,0,51350,191425,242775,1890040
2023-04-02,2023,4,2,port57,Antwerp,Belgium,BEL,17,0,8,0,20,25,45,458171,0,10107,0,179217,468278,647496,197501,0,3206,0,64783,200707,265490,1890041
2023-04-03,2023,4,3,port57,Antwerp,Belgium,BEL,16,1,7,3,38,27,65,203237,15013,5670,374,172355,224295,396650,258212,0,9919,3432,44345,271564,315910,1890042
2023-04-04,2023,4,4,port57,Antwerp,Belgium,BEL,12,3,13,3,38,31,69,275330,914,5937,4221,110939,286403,397343,132649,16570,11907,4015,72971,165143,238114,1890043
2023-04-05,2023,4,5,port57,Antwerp,Belgium,BEL,11,2,11,2,28,26,54,112142,91573,10164,1190,65633,215070,280704,152447,4980,16768,0,103560,174197,277758,1890044
2023-04-06,2023,4,6,port57,Antwerp,Belgium,BEL,10,3,5,3,39,21,60,59143,42638,2643,0,55886,104425,160312,133773,12320,3040,8487,202252,157622,359875,1890045
2023-04-07,2023,4,7,port57,Antwerp,Belgium,BEL,15,4,7,3,33,29,62,493254,127161,3635,581,43395,624632,668027,214132,23798,5476,5083,44380,248490,292871,1890046
2023-04-08,2023,4,8,port57,Antwerp,Belgium,BEL,11,3,8,3,27,25,52,224794,27046,11227,110,130690,263178,393868,369731,42689,5532,54,92200,418007,510207,1890047
2023-04-09,2023,4,9,port57,Antwerp,Belgium,BEL,13,2,6,2,33,23,56,191728,0,4876,0,49089,196605,245694,126034,40758,1316,2622,100381,170731,271112,1890048
2023-04-10,2023,4,10,port57,Antwerp,Belgium,BEL,13,4,7,2,29,26,55,317090,9352,4973,1260,104754,332677,437431,246298,63460,3709,3564,54817,317032,371850,1890049
2023-04-11,2023,4,11,port57,Antwerp,Belgium,BEL,16,5,5,1,34,27,61,225913,91567,5079,0,87005,322560,409566,192402,48091,9079,0,121583,249573,371157,1890050
2023-04-12,2023,4,12,port57,Antwerp,Belgium,BEL,12,2,2,4,38,20,58,250827,18472,731,2052,230687,272084,502771,157773,0,1746,4586,34650,164106,198757,1890051
2023-04-13,2023,4,13,port57,Antwerp,Belgium,BEL,15,0,8,2,35,25,60,296344,0,2360,0,91708,298705,390413,159554,0,10278,2957,50332,172791,223124,1890052
2023-04-14,2023,4,14,port57,Antwerp,Belgium,BEL,9,0,8,5,33,22,55,21922,0,9050,600,171145,31574,202720,389509,0,4249,14879,111279,408639,519918,1890053
2023-04-15,2023,4,15,port57,Antwerp,Belgium,BEL,9,4,9,2,39,24,63,212962,49598,6443,110,113847,269114,382961,116867,55127,6199,1815,40818,180009,220827,1890054
2023-04-16,2023,4,16,port57,Antwerp,Belgium,BEL,13,0,6,1,26,20,46,102589,0,2360,1538,95745,106488,202233,211811,0,4032,0,48215,215844,264059,1890055
2023-04-17,2023,4,17,port57,Antwerp,Belgium,BEL,13,1,12,3,39,29,68,100969,0,7050,3339,53308,111358,164667,267289,0,19235,7019,144048,293544,437592,1890056
2023-04-18,2023,4,18,port57,Antwerp,Belgium,BEL,15,0,6,2,42,23,65,271743,0,3420,600,237298,275764,513062,159410,0,7491,966,118391,167869,286260,1890057
2023-04-19,2023,4,19,port57,Antwerp,Belgium,BEL,17,1,6,4,46,28,74,187666,25378,123,0,101059,213168,314228,305437,0,8844,5022,112387,319305,431693,1890058
2023-04-20,2023,4,20,port57,Antwerp,Belgium,BEL,14,4,10,0,37,28,65,529425,29938,3997,0,51149,563361,614511,202521,22935,5838,0,141660,231295,372956,1890059
2023-04-21,2023,4,21,port57,Antwerp,Belgium,BEL,15,1,12,4,39,32,71,347021,28127,32417,655,107276,408221,515497,375388,0,8867,1404,134007,385661,519668,1890060
2023-04-22,2023,4,22,port57,Antwerp,Belgium,BEL,10,1,2,4,36,17,53,52248,32223,532,975,206996,85978,292975,287637,0,2720,10049,44884,300407,345291,1890061
2023-04-23,2023,4,23,port57,Antwerp,Belgium,BEL,13,2,4,1,34,20,54,33546,37913,2408,110,89517,73978,163496,421643,20361,620,54,53253,442679,495932,1890062
2023-04-24,2023,4,24,port57,Antwerp,Belgium,BEL,12,2,14,1,31,29,60,188758,0,13404,2548,95251,204711,299963,294937,0,10376,0,44290,305313,349603,1890063
2023-04-25,2023,4,25,port57,Antwerp,Belgium,BEL,10,1,4,3,39,18,57,57845,0,2360,4869,161489,65075,226564,177593,44737,1240,510,120354,224081,344435,1890064
2023-04-26,2023,4,26,port57,Antwerp,Belgium,BEL,11,4,13,2,46,30,76,114463,44927,8263,0,406035,167654,573690,303405,71410,9240,2753,99447,386810,486258,1890065
2023-04-27,2023,4,27,port57,Antwerp,Belgium,BEL,13,3,8,3,37,27,64,100814,40229,3600,0,42400,144644,187045,251369,7403,7145,2541,97467,268460,365928,1890066
2023-04-28,2023,4,28,port57,Antwerp,Belgium,BEL,19,1,8,3,34,31,65,405476,38825,5052,0,70711,449354,520065,213849,0,15046,2343,90678,231240,321919,1890067
2023-04-29,2023,4,29,port57,Antwerp,Belgium,BEL,10,2,7,3,46,22,68,3432,0,3825,0,178102,7258,185360,216564,18542,3774,7535,235691,246417,482109,1890068
2023-04-30,2023,4,30,port57,Antwerp,Belgium,BEL,12,0,7,4,37,23,60,216498,0,7138,0,258781,223636,482417,315375,0,3697,7137,116105,326210,442316,1890069
2023-05-01,2023,5,1,port57,Antwerp,Belgium,BEL,10,4,6,3,36,23,59,224748,54267,3048,0,142243,282064,424307,151996,44735,3446,1608,54496,201786,256283,1890070
2023-05-02,2023,5,2,port57,Antwerp,Belgium,BEL,10,1,9,4,27,24,51,109011,0,8557,3937,95126,121506,216633,271605,35903,4299,1760,54304,313569,367873,1890071
2023-05-03,2023,5,3,port57,Antwerp,Belgium,BEL,16,2,8,4,33,30,63,486778,61644,1770,0,72924,550193,623118,213078,0,8387,4070,84347,225536,309883,1890072
2023-05-04,2023,5,4,port57,Antwerp,Belgium,BEL,14,1,11,2,41,28,69,267135,29144,8408,0,112932,304687,417620,322399,0,5601,2241,214976,330241,545217,1890073
2023-05-05,2023,5,5,port57,Antwerp,Belgium,BEL,15,0,7,4,37,26,63,158443,0,3021,0,161814,161464,323279,255334,0,8468,1163,83297,264966,348263,1890074
2023-05-06,2023,5,6,port57,Antwerp,Belgium,BEL,9,2,8,1,48,20,68,112477,0,9360,0,204851,121838,326690,102136,16798,7182,1367,112921,127484,240406,1890075
2023-05-07,2023,5,7,port57,Antwerp,Belgium,BEL,12,3,8,2,40,25,65,208547,26095,15562,1018,223865,251224,475089,456261,0,1240,0,136759,457501,594261,1890076
2023-05-08,2023,5,8,port57,Antwerp,Belgium,BEL,10,1,10,4,39,25,64,360614,17340,5719,2453,74403,386127,460531,151871,0,12820,4828,205474,169521,374996,1890077
2023-05-09,2023,5,9,port57,Antwerp,Belgium,BEL,12,0,6,0,26,18,44,128224,0,1911,0,119271,130135,249407,265167,0,4991,0,34512,270158,304671,1890078
2023-05-10,2023,5,10,port57,Antwerp,Belgium,BEL,18,0,13,3,34,34,68,265572,0,12350,0,144504,277922,422426,190170,0,6464,4262,35243,200897,236141,1890079
2023-05-11,2023,5,11,port57,Antwerp,Belgium,BEL,16,5,9,1,30,31,61,389687,47881,6714,0,43050,444283,487333,296724,10729,6516,2629,31102,316599,347701,1890080
2023-05-12,2023,5,12,port57,Antwerp,Belgium,BEL,13,0,5,4,44,22,66,167848,0,4121,0,87241,171969,259210,284304,0,5912,5033,137394,295250,432644,1890081
2023-05-13,2023,5,13,port57,Antwerp,Belgium,BEL,13,0,6,3,47,22,69,112799,0,5294,3717,126514,121811,248326,410654,0,3602,2392,152862,416649,569511,1890082
2023-05-14,2023,5,14,port57,Antwerp,Belgium,BEL,12,3,12,2,25,29,54,159590,23358,13134,374,42567,196458,239025,124904,13000,2544,1760,76018,142210,218228,1890083
2023-05-15,2023,5,15,port57,Antwerp,Belgium,BEL,12,1,8,3,39,24,63,366278,0,4555,3361,179611,374194,553806,206337,0,16345,4234,55634,226917,282551,1890084
2023-05-16,2023,5,16,port57,Antwerp,Belgium,BEL,11,1,13,4,23,29,52,84569,0,3955,3527,43641,92053,135694,333463,0,6579,2672,57904,342715,400619,1890085
2023-05-17,2023,5,17,port57,Antwerp,Belgium,BEL,17,4,11,6,44,38,82,248181,42478,11847,2997,55369,305504,360874,302762,0,17217,3991,120551,323971,444522,1890086
2023-05-18,2023,5,18,port57,Antwerp,Belgium,BEL,14,2,6,0,33,22,55,80711,58538,1463,0,68362,140713,209075,419543,0,2349,0,124187,421893,546080,1890087
2023-05-19,2023,5,19,port57,Antwerp,Belgium,BEL,11,1,3,4,37,19,56,150244,33536,2489,2102,112757,188372,301129,100345,0,1259,1309,98172,102914,201087,1890088
2023-05-20,2023,5,20,port57,Antwerp,Belgium,BEL,16,1,3,3,46,23,69,284419,16810,2928,110,237538,304268,541807,148967,0,310,2877,158697,152155,310852,1890089
2023-05-21,2023,5,21,port57,Antwerp,Belgium,BEL,13,3,9,2,32,27,59,139400,4374,6001,0,163385,149776,313162,333414,52234,5493,8120,62607,399263,461871,1890090
2023-05-22,2023,5,22,port57,Antwerp,Belgium,BEL,15,2,9,1,39,27,66,112430,28239,2756,0,92789,143426,236216,193577,0,10927,1924,171557,206428,377986,1890091
2023-05-23,2023,5,23,port57,Antwerp,Belgium,BEL,13,2,12,3,34,30,64,132110,0,7447,983,84613,140541,225155,139737,0,8892,8808,138528,157438,295966,1890092
2023-05-24,2023,5,24,port57,Antwerp,Belgium,BEL,15,1,10,2,33,28,61,417088,29315,6990,0,217581,453394,670975,167896,0,7186,3132,83243,178216,261459,1890093
2023-05-25,2023,5,25,port57,Antwerp,Belgium,BEL,14,1,15,1,34,31,65,93928,14856,4576,0,152527,113361,265889,258295,7403,13693,2354,185429,281747,467176,1890094
2023-05-26,2023,5,26,port57,Antwerp,Belgium,BEL,15,2,7,3,38,27,65,161970,3846,5844,3648,131114,175311,306426,222379,37294,3278,3310,29873,266262,296136,1890095
2023-05-27,2023,5,27,port57,Antwerp,Belgium,BEL,7,2,4,3,42,16,58,65465,0,1741,0,83522,67207,150729,85798,36794,2320,3871,227000,128785,355786,1890096
2023-05-28,2023,5,28,port57,Antwerp,Belgium,BEL,10,1,6,1,32,18,50,204187,0,4707,600,103572,209496,313068,336522,29735,1474,966,129494,368699,498193,1890097
2023-05-29,2023,5,29,port57,Antwerp,Belgium,BEL,14,2,11,2,28,29,57,124682,51540,6677,0,85654,182900,268555,271938,0,6619,3517,84003,282075,366078,1890098
2023-05-30,2023,5,30,port57,Antwerp,Belgium,BEL,8,1,7,3,36,19,55,244829,0,6192,374,100752,251396,352149,42449,47509,1631,7257,69799,98846,168646,1890099
2023-05-31,2023,5,31,port57,Antwerp,Belgium,BEL,12,1,6,2,29,21,50,180727,0,2556,1690,63141,184974,248116,134972,23548,4275,0,27825,162796,190621,1890100
2023-06-01,2023,6,1,port57,Antwerp,Belgium,BEL,16,1,11,2,44,30,74,190662,0,3448,374,227332,194485,421818,233409,0,20905,1760,83701,256075,339776,1890101
2023-06-02,2023,6,2,port57,Antwerp,Belgium,BEL,13,3,10,7,34,33,67,81778,72777,3685,10574,94253,168816,263070,262433,7403,9846,966,54584,280650,335235,1890102
2023-06-03,2023,6,3,port57,Antwerp,Belgium,BEL,12,2,7,3,36,24,60,240271,41041,2729,2207,175755,286250,462006,135628,0,2885,5843,135324,144357,279681,1890103
2023-06-04,2023,6,4,port57,Antwerp,Belgium,BEL,8,3,8,3,35,22,57,364877,0,3594,157,101354,368629,469983,192329,0,9442,6007,161179,207780,368959,1890104
2023-06-05,2023,6,5,port57,Antwerp,Belgium,BEL,13,1,13,2,34,29,63,143187,12949,7268,0,72561,163405,235967,154663,0,12171,1899,54305,168734,223040,1890105
2023-06-06,2023,6,6,port57,Antwerp,Belgium,BEL,14,3,15,2,39,34,73,348843,78129,9224,1681,101395,437878,539274,243958,42847,9574,2281,74317,298662,372980,1890106
2023-06-07,2023,6,7,port57,Antwerp,Belgium,BEL,19,1,8,5,30,33,63,288695,14856,6586,0,80234,310138,390373,236382,7403,3809,6459,99560,254056,353616,1890107
2023-06-08,2023,6,8,port57,Antwerp,Belgium,BEL,14,4,13,1,29,32,61,149051,136155,11042,0,78499,296250,374750,320924,0,20758,0,192399,341683,534082,1890108
2023-06-09,2023,6,9,port57,Antwerp,Belgium,BEL,11,1,6,3,34,21,55,465206,980,3325,0,136733,469512,606245,157454,0,3040,7810,125544,168305,293849,1890109
2023-06-10,2023,6,10,port57,Antwerp,Belgium,BEL,13,2,9,3,41,27,68,198756,54886,6307,374,244128,260324,504453,142731,0,2829,6747,116402,152309,268711,1890110
2023-06-11,2023,6,11,port57,Antwerp,Belgium,BEL,10,2,7,3,33,22,55,48887,4834,3432,600,214711,57754,272466,431489,4315,2416,8312,76444,446534,522978,1890111
2023-06-12,2023,6,12,port57,Antwerp,Belgium,BEL,12,0,9,0,30,21,51,223123,0,7420,0,64725,230543,295269,141838,0,4567,0,61713,146405,208119,1890112
2023-06-13,2023,6,13,port57,Antwerp,Belgium,BEL,10,2,9,4,41,25,66,125693,53854,4892,0,77794,184441,262235,215659,0,19977,5021,80454,240658,321113,1890113
2023-06-14,2023,6,14,port57,Antwerp,Belgium,BEL,17,4,10,3,47,34,81,144839,44749,6286,0,84281,195875,280157,223434,28631,7456,7850,109533,267372,376906,1890114
2023-06-15,2023,6,15,port57,Antwerp,Belgium,BEL,17,0,9,3,35,29,64,535933,0,5272,7114,193633,548320,741954,221271,0,8075,966,64475,230313,294789,1890115
2023-06-16,2023,6,16,port57,Antwerp,Belgium,BEL,11,0,9,4,37,24,61,64133,0,6552,374,127159,71060,198219,234925,0,5497,4176,115047,244599,359646,1890116
2023-06-17,2023,6,17,port57,Antwerp,Belgium,BEL,11,4,7,0,37,22,59,192919,14856,3359,0,85341,211135,296476,247409,47082,3998,0,116302,298490,414793,1890117
2023-06-18,2023,6,18,port57,Antwerp,Belgium,BEL,7,2,6,5,37,20,57,88356,30837,3830,0,281169,123024,404193,167102,41699,2932,0,55021,211734,266755,1890118
2023-06-19,2023,6,19,port57,Antwerp,Belgium,BEL,17,0,12,2,36,31,67,218337,0,8677,0,92235,227014,319250,223664,0,5850,6950,32888,236465,269354,1890119
2023-06-20,2023,6,20,port57,Antwerp,Belgium,BEL,12,1,7,1,38,21,59,95320,0,5625,4025,40516,104971,145487,194133,0,6689,0,197220,200822,398042,1890120
2023-06-21,2023,6,21,port57,Antwerp,Belgium,BEL,17,4,12,2,31,35,66,423802,100274,4715,1535,74564,530328,604893,319285,14807,10675,0,69671,344768,414440,1890121
2023-06-22,2023,6,22,port57,Antwerp,Belgium,BEL,11,1,6,2,29,20,49,189324,0,2162,0,119062,191487,310549,94783,0,4504,5871,108679,105159,213839,1890122
2023-06-23,2023,6,23,port57,Antwerp,Belgium,BEL,16,2,9,4,41,31,72,317629,35097,10105,1309,134601,364142,498743,359088,41895,4342,5135,252159,410461,662621,1890123
2023-06-24,2023,6,24,port57,Antwerp,Belgium,BEL,10,1,6,5,38,22,60,179884,2445,4652,0,104467,186983,291450,355103,0,2053,5561,65851,362718,428570,1890124
2023-06-25,2023,6,25,port57,Antwerp,Belgium,BEL,10,2,11,4,34,27,61,106213,46251,7150,600,191584,160215,351800,289634,0,2561,966,142624,293162,435787,1890125
2023-06-26,2023,6,26,port57,Antwerp,Belgium,BEL,14,3,10,1,35,28,63,250448,808,6208,0,49079,257466,306546,77735,4496,4073,0,87670,86305,173975,1890126
2023-06-27,2023,6,27,port57,Antwerp,Belgium,BEL,15,2,15,1,39,33,72,104934,53398,7521,110,90714,165965,256679,439857,0,19483,54,74742,459395,534138,1890127
2023-06-28,2023,6,28,port57,Antwerp,Belgium,BEL,9,3,11,4,41,27,68,88136,86182,6063,0,98676,180382,279058,82804,0,7302,5731,77498,95837,173336,1890128
2023-06-29,2023,6,29,port57,Antwerp,Belgium,BEL,10,3,9,2,29,24,53,27557,34304,4284,1761,81901,67907,149809,166295,0,7132,5132,105308,178559,283868,1890129
2023-06-30,2023,6,30,port57,Antwerp,Belgium,BEL,16,0,4,2,30,22,52,52570,0,3771,2397,50297,58738,109036,516729,0,310,0,43027,517039,560066,1890130
2023-07-01,2023,7,1,port57,Antwerp,Belgium,BEL,12,2,1,3,32,18,50,298501,0,1927,575,57321,301004,358325,376312,0,0,6194,79402,382507,461909,1890131
2023-07-02,2023,7,2,port57,Antwerp,Belgium,BEL,12,2,13,3,25,30,55,132379,29689,5185,3558,171477,170812,342289,173883,43409,25329,1760,62535,244382,306918,1890132
2023-07-03,2023,7,3,port57,Antwerp,Belgium,BEL,12,2,10,2,32,26,58,52475,55768,5853,0,106896,114097,220994,128981,0,2435,1208,91774,132625,224399,1890133
2023-07-04,2023,7,4,port57,Antwerp,Belgium,BEL,14,0,7,3,39,24,63,215469,0,3683,2763,155722,221917,377639,165960,0,3111,4074,157109,173147,330257,1890134
2023-07-05,2023,7,5,port57,Antwerp,Belgium,BEL,12,2,2,1,23,17,40,84723,0,1900,0,111133,86623,197757,187979,28145,310,0,65723,216434,282158,1890135
2023-07-06,2023,7,6,port57,Antwerp,Belgium,BEL,11,0,9,1,31,21,52,211553,0,2972,0,151855,214525,366380,316069,0,6257,4917,171779,327244,499024,1890136
2023-07-07,2023,7,7,port57,Antwerp,Belgium,BEL,15,5,11,5,38,36,74,117812,156465,6065,600,99791,280944,380736,130792,7403,4336,4014,87458,146547,234006,1890137
2023-07-08,2023,7,8,port57,Antwerp,Belgium,BEL,16,0,4,0,32,20,52,188596,0,1230,0,50326,189827,240153,342487,0,2602,0,82952,345090,428042,1890138
2023-07-09,2023,7,9,port57,Antwerp,Belgium,BEL,7,3,9,2,30,21,51,136383,14856,5349,1803,86802,158392,245195,26996,7403,3030,966,37918,38397,76316,1890139
2023-07-10,2023,7,10,port57,Antwerp,Belgium,BEL,14,1,12,0,43,27,70,243407,0,8259,0,198168,251667,449836,159600,34249,4791,0,107466,198641,306107,1890140
2023-07-11,2023,7,11,port57,Antwerp,Belgium,BEL,15,1,9,3,37,28,65,246199,41320,9221,600,137933,297341,435275,262707,0,3505,2338,128100,268552,396653,1890141
2023-07-12,2023,7,12,port57,Antwerp,Belgium,BEL,15,4,14,3,38,36,74,139785,56021,5356,710,149726,201873,351600,236032,7403,6528,1020,141676,250985,392662,1890142
2023-07-13,2023,7,13,port57,Antwerp,Belgium,BEL,16,1,10,2,41,29,70,60677,28020,5748,0,94000,94445,188446,352298,0,19644,3578,186965,375521,562487,1890143
2023-07-14,2023,7,14,port57,Antwerp,Belgium,BEL,14,2,7,5,35,28,63,200183,0,11081,2226,149900,213490,363391,181041,66261,1771,5728,115260,254802,370062,1890144
2023-07-15,2023,7,15,port57,Antwerp,Belgium,BEL,9,5,5,2,25,21,46,77751,18177,1321,600,72163,97850,170014,38590,43717,6013,4019,82463,92341,174805,1890145
2023-07-16,2023,7,16,port57,Antwerp,Belgium,BEL,9,2,7,0,35,18,53,339681,0,2951,0,149312,342632,491945,238629,0,8413,0,50430,247043,297473,1890146
2023-07-17,2023,7,17,port57,Antwerp,Belgium,BEL,16,4,9,4,47,33,80,273860,0,6404,0,285276,280265,565542,244422,72882,5828,9816,47120,332950,380070,1890147
2023-07-18,2023,7,18,port57,Antwerp,Belgium,BEL,12,0,6,1,31,19,50,110931,0,1719,0,135411,112650,248062,132155,0,12232,2551,195066,146939,342005,1890148
2023-07-19,2023,7,19,port57,Antwerp,Belgium,BEL,19,2,5,2,40,28,68,237756,14856,3323,3551,56500,259486,315987,380023,18782,6179,0,94526,404986,499512,1890149
2023-07-20,2023,7,20,port57,Antwerp,Belgium,BEL,12,0,6,2,35,20,55,271093,0,3969,0,78218,275063,353282,388168,0,19487,2250,151511,409905,561417,1890150
2023-07-21,2023,7,21,port57,Antwerp,Belgium,BEL,14,5,6,6,27,31,58,111040,17298,6980,374,44005,135694,179700,221462,23053,7808,7007,114172,259330,373503,1890151
2023-07-22,2023,7,22,port57,Antwerp,Belgium,BEL,11,1,7,2,44,21,65,111876,5407,4838,374,175933,122496,298430,175587,0,3774,4822,137105,184184,321289,1890152
2023-07-23,2023,7,23,port57,Antwerp,Belgium,BEL,14,1,9,3,30,27,57,413474,0,7174,3637,143359,424286,567646,207046,0,2853,966,55222,210866,266089,1890153
2023-07-24,2023,7,24,port57,Antwerp,Belgium,BEL,10,3,12,2,45,27,72,203833,45045,5685,2893,190529,257457,447986,430947,44261,11965,2565,103570,489738,593308,1890154
2023-07-25,2023,7,25,port57,Antwerp,Belgium,BEL,12,0,6,1,39,19,58,323141,0,2317,2611,73288,328070,401359,47196,0,5968,0,131624,53165,184789,1890155
2023-07-26,2023,7,26,port57,Antwerp,Belgium,BEL,15,1,13,3,30,32,62,163098,31333,7173,1201,90879,202806,293685,181699,0,10613,1932,131415,194245,325661,1890156
2023-07-27,2023,7,27,port57,Antwerp,Belgium,BEL,11,1,10,3,38,25,63,68581,22565,5592,0,120590,96739,217330,207761,0,6402,2980,84760,217144,301904,1890157
2023-07-28,2023,7,28,port57,Antwerp,Belgium,BEL,15,1,5,4,32,25,57,85633,26933,590,2112,83712,115269,198982,360881,0,10135,4893,151215,375910,527126,1890158
2023-07-29,2023,7,29,port57,Antwerp,Belgium,BEL,16,2,4,3,39,25,64,298807,14856,2927,0,100408,316591,416999,124645,7871,7064,0,167736,139581,307318,1890159
2023-07-30,2023,7,30,port57,Antwerp,Belgium,BEL,14,1,11,3,32,29,61,70255,32893,4273,0,121239,107422,228662,290699,0,14226,0,42235,304925,347161,1890160
2023-07-31,2023,7,31,port57,Antwerp,Belgium,BEL,8,4,7,3,31,22,53,345596,42434,5242,0,98488,393272,491761,161352,38240,7803,7619,127064,215015,342080,1890161
2023-08-01,2023,8,1,port57,Antwerp,Belgium,BEL,12,2,6,3,32,23,55,314668,0,2525,3568,178448,320761,499210,172712,19429,7300,6492,16519,205935,222454,1890162
2023-08-02,2023,8,2,port57,Antwerp,Belgium,BEL,15,0,6,2,40,23,63,149871,0,590,0,49352,150462,199814,227052,0,7508,4220,243472,238781,482254,1890163
2023-08-03,2023,8,3,port57,Antwerp,Belgium,BEL,12,3,10,1,33,26,59,107412,58561,6301,0,98148,172275,270423,389809,29439,5152,0,91326,424401,515728,1890164
2023-08-04,2023,8,4,port57,Antwerp,Belgium,BEL,9,0,9,6,33,24,57,161604,0,731,0,61583,162335,223919,247639,0,9538,9735,62893,266913,329807,1890165
2023-08-05,2023,8,5,port57,Antwerp,Belgium,BEL,13,1,8,2,31,24,55,116772,24925,3114,0,212517,144813,357330,150951,0,7348,2392,109551,160692,270244,1890166
2023-08-06,2023,8,6,port57,Antwerp,Belgium,BEL,13,0,7,2,35,22,57,73175,0,5089,0,86605,78264,164870,244730,0,4683,6259,111303,255674,366978,1890167
2023-08-07,2023,8,7,port57,Antwerp,Belgium,BEL,15,2,5,5,39,27,66,116768,39454,3460,1347,45382,161030,206412,342452,0,3119,3720,94538,349292,443831,1890168
2023-08-08,2023,8,8,port57,Antwerp,Belgium,BEL,9,1,7,4,34,21,55,272213,0,2499,3309,63844,278022,341866,90646,40755,6725,2508,159071,140636,299708,1890169
2023-08-09,2023,8,9,port57,Antwerp,Belgium,BEL,13,2,11,3,33,29,62,58751,0,4700,374,51359,63826,115185,141122,29435,10033,1760,111604,182352,293957,1890170
2023-08-10,2023,8,10,port57,Antwerp,Belgium,BEL,14,2,11,0,49,27,76,293574,29153,6192,0,105763,328920,434683,228231,0,14287,0,110763,242518,353282,1890171
2023-08-11,2023,8,11,port57,Antwerp,Belgium,BEL,14,1,6,5,33,26,59,303274,0,3938,0,118988,307212,426201,244915,0,10185,8219,93304,263321,356625,1890172
2023-08-12,2023,8,12,port57,Antwerp,Belgium,BEL,9,1,7,2,39,19,58,171702,5170,6317,374,233352,183564,416917,113547,0,4660,3551,163400,121760,285161,1890173
2023-08-13,2023,8,13,port57,Antwerp,Belgium,BEL,17,0,10,3,33,30,63,214732,0,3143,0,126951,217876,344827,378066,0,17510,0,70003,395576,465580,1890174
2023-08-14,2023,8,14,port57,Antwerp,Belgium,BEL,10,2,3,4,45,19,64,185206,29470,0,2100,110541,216777,327319,117554,0,4997,0,47084,122552,169636,1890175
2023-08-15,2023,8,15,port57,Antwerp,Belgium,BEL,13,1,6,2,33,22,55,125640,27007,4739,0,92646,157387,250033,153142,0,6269,5322,154940,164734,319675,1890176
2023-08-16,2023,8,16,port57,Antwerp,Belgium,BEL,11,3,7,1,32,22,54,92616,14856,3915,0,116598,111388,227986,135534,9147,6079,0,34853,150762,185615,1890177
2023-08-17,2023,8,17,port57,Antwerp,Belgium,BEL,14,1,11,3,33,29,62,44784,0,5886,4153,182352,54824,237177,298594,28442,4284,2579,89177,333900,423078,1890178
2023-08-18,2023,8,18,port57,Antwerp,Belgium,BEL,15,2,3,4,44,24,68,70854,68889,0,4436,187258,144179,331437,338297,0,7290,2704,73510,348292,421803,1890179
2023-08-19,2023,8,19,port57,Antwerp,Belgium,BEL,13,3,6,1,28,23,51,282026,67382,1850,374,106586,351634,458221,24504,0,4934,1760,22213,31199,53413,1890180
2023-08-20,2023,8,20,port57,Antwerp,Belgium,BEL,11,1,10,1,41,23,64,524782,53803,13144,0,177142,591730,768872,99125,0,5846,1971,130113,106943,237057,1890181
2023-08-21,2023,8,21,port57,Antwerp,Belgium,BEL,12,3,10,1,23,26,49,83517,65243,2804,0,80773,151566,232339,293550,48046,6701,0,36115,348298,384414,1890182
2023-08-22,2023,8,22,port57,Antwerp,Belgium,BEL,9,2,14,2,41,27,68,86279,2221,14689,0,205046,103190,308237,197525,13516,9905,0,181017,220946,401964,1890183
2023-08-23,2023,8,23,port57,Antwerp,Belgium,BEL,13,1,5,2,35,21,56,262603,0,1363,512,170937,264478,435416,169715,35582,5362,0,82801,210660,293461,1890184
2023-08-24,2023,8,24,port57,Antwerp,Belgium,BEL,15,2,10,3,40,30,70,262344,48520,7181,0,48612,318047,366659,301388,0,4771,4519,144458,310679,455138,1890185
2023-08-25,2023,8,25,port57,Antwerp,Belgium,BEL,15,3,6,5,32,29,61,205825,104985,1780,4900,54237,317492,371729,304194,0,7392,2392,101087,313979,415066,1890186
2023-08-26,2023,8,26,port57,Antwerp,Belgium,BEL,12,4,7,3,43,26,69,53663,26582,1841,562,126239,82651,208890,191442,4729,19730,1030,38587,216933,255520,1890187
2023-08-27,2023,8,27,port57,Antwerp,Belgium,BEL,13,0,12,5,32,30,62,19426,0,6780,975,28887,27182,56070,436912,0,3877,7298,40915,448088,489004,1890188
2023-08-28,2023,8,28,port57,Antwerp,Belgium,BEL,14,5,9,4,34,32,66,460363,52991,6543,4604,94264,524502,618767,132717,34663,5151,5515,179688,178048,357737,1890189
2023-08-29,2023,8,29,port57,Antwerp,Belgium,BEL,12,3,7,1,35,23,58,250070,128995,1335,0,67422,380400,447823,99621,30865,6335,0,57578,136821,194399,1890190
2023-08-30,2023,8,30,port57,Antwerp,Belgium,BEL,14,1,7,2,39,24,63,233321,14965,2923,0,74634,251209,325844,199230,0,11535,2527,120143,213293,333436,1890191
2023-08-31,2023,8,31,port57,Antwerp,Belgium,BEL,11,2,8,4,31,25,56,161996,0,4699,0,122537,166696,289233,166103,18386,3424,5456,89093,193371,282464,1890192
2023-09-01,2023,9,1,port57,Antwerp,Belgium,BEL,14,1,4,4,44,23,67,292587,32003,581,374,195923,325547,521471,377793,0,1964,4524,75148,384281,459430,1890193
2023-09-02,2023,9,2,port57,Antwerp,Belgium,BEL,16,3,10,0,42,29,71,108879,29675,2506,0,135106,141062,276169,198433,37423,12623,0,112860,248480,361340,1890194
2023-09-03,2023,9,3,port57,Antwerp,Belgium,BEL,12,2,8,1,35,23,58,36469,74699,4683,0,53318,115851,169169,105514,16798,2536,1015,79893,125864,205758,1890195
2023-09-04,2023,9,4,port57,Antwerp,Belgium,BEL,11,2,7,0,46,20,66,144264,28985,3668,0,80799,176918,257718,338158,25205,4481,0,207652,367845,575498,1890196
2023-09-05,2023,9,5,port57,Antwerp,Belgium,BEL,12,0,9,4,37,25,62,166404,0,3165,7233,176538,176804,353342,122107,0,20565,0,145166,142672,287838,1890197
2023-09-06,2023,9,6,port57,Antwerp,Belgium,BEL,15,1,12,2,29,30,59,193840,0,13900,0,85169,207740,292909,250659,0,11430,1437,102537,263527,366064,1890198
2023-09-07,2023,9,7,port57,Antwerp,Belgium,BEL,9,0,12,4,45,25,70,197174,0,7253,0,185660,204427,390088,148570,0,5984,7898,135615,162452,298068,1890199
2023-09-08,2023,9,8,port57,Antwerp,Belgium,BEL,18,2,5,2,28,27,55,435182,63680,1321,0,80358,500184,580542,337863,0,5723,3943,54630,347530,402161,1890200
2023-09-09,2023,9,9,port57,Antwerp,Belgium,BEL,12,0,4,2,40,18,58,337559,0,1443,467,139606,339471,479077,136562,0,3331,1826,142690,141721,284411,1890201
2023-09-10,2023,9,10,port57,Antwerp,Belgium,BEL,11,2,7,2,27,22,49,117694,33346,2951,0,87789,153991,241781,199039,0,7505,6102,74045,212647,286693,1890202
2023-09-11,2023,9,11,port57,Antwerp,Belgium,BEL,12,2,10,2,34,26,60,25590,54663,5305,4025,29290,89585,118875,213454,41927,7549,2415,163267,265348,428615,1890203
2023-09-12,2023,9,12,port57,Antwerp,Belgium,BEL,16,2,14,0,35,32,67,278792,2313,5263,0,130466,286370,416836,342783,0,15950,0,40825,358734,399559,1890204
2023-09-13,2023,9,13,port57,Antwerp,Belgium,BEL,14,1,11,4,29,30,59,104804,6543,7734,1405,80504,120487,200992,286138,0,10596,1163,116544,297899,414443,1890205
2023-09-14,2023,9,14,port57,Antwerp,Belgium,BEL,14,0,3,5,35,22,57,155983,0,1572,3572,124869,161128,285997,338284,0,1527,10556,108203,350368,458571,1890206
2023-09-15,2023,9,15,port57,Antwerp,Belgium,BEL,11,1,8,4,39,24,63,154332,14856,8003,4936,89253,182129,271383,184915,7403,8474,2332,81896,203126,285022,1890207
2023-09-16,2023,9,16,port57,Antwerp,Belgium,BEL,15,2,7,3,39,27,66,197886,32304,9014,0,192625,239205,431830,267163,0,5404,1738,72925,274305,347231,1890208
2023-09-17,2023,9,17,port57,Antwerp,Belgium,BEL,11,1,4,2,38,18,56,442639,0,3646,3147,94677,449433,544110,95864,0,1661,0,63235,97525,160761,1890209
2023-09-18,2023,9,18,port57,Antwerp,Belgium,BEL,7,2,12,1,35,22,57,55036,52331,9365,0,69467,116733,186200,104737,7403,2340,0,145887,114481,260369,1890210
2023-09-19,2023,9,19,port57,Antwerp,Belgium,BEL,15,3,5,3,36,26,62,32284,89937,2736,0,185904,124958,310863,394038,0,2509,6918,65591,403466,469058,1890211
2023-09-20,2023,9,20,port57,Antwerp,Belgium,BEL,13,2,14,2,42,31,73,156271,52306,6961,0,173828,215539,389367,106163,0,60962,922,86324,168048,254373,1890212
2023-09-21,2023,9,21,port57,Antwerp,Belgium,BEL,16,5,8,3,39,32,71,384580,75479,2157,374,95045,462591,557636,157711,28549,7038,5300,189418,198600,388018,1890213
2023-09-22,2023,9,22,port57,Antwerp,Belgium,BEL,11,0,7,4,47,22,69,105033,0,3092,0,152125,108125,260251,388421,0,17421,3131,203128,408973,612102,1890214
2023-09-23,2023,9,23,port57,Antwerp,Belgium,BEL,13,3,7,4,34,27,61,150498,8711,2947,374,152403,162531,314935,188843,0,14813,6723,130564,210380,340944,1890215
2023-09-24,2023,9,24,port57,Antwerp,Belgium,BEL,12,0,4,0,30,16,46,99670,0,1180,0,144884,100851,245735,240125,0,11513,0,22545,251638,274184,1890216
2023-09-25,2023,9,25,port57,Antwerp,Belgium,BEL,12,3,12,3,35,30,65,91071,0,7400,3626,78214,102098,180312,118947,61504,7364,2957,117509,190773,308283,1890217
2023-09-26,2023,9,26,port57,Antwerp,Belgium,BEL,18,0,11,2,27,31,58,248514,0,6556,609,39155,255679,294835,293100,0,12728,2375,120722,308205,428927,1890218
2023-09-27,2023,9,27,port57,Antwerp,Belgium,BEL,13,3,7,4,31,27,58,81965,0,2039,600,167514,84605,252119,247137,46889,10628,2126,68805,306782,375588,1890219
2023-09-28,2023,9,28,port57,Antwerp,Belgium,BEL,9,2,12,3,37,26,63,268205,0,8292,0,101830,276497,378328,142045,71855,5943,7683,108635,227528,336163,1890220
2023-09-29,2023,9,29,port57,Antwerp,Belgium,BEL,11,1,7,5,41,24,65,284312,34978,4125,374,82540,323791,406332,100382,0,2908,3685,107648,106977,214625,1890221
2023-09-30,2023,9,30,port57,Antwerp,Belgium,BEL,12,2,9,0,42,23,65,51899,30047,8087,0,114436,90034,204470,345223,0,16747,0,111168,361971,473140,1890222
2023-10-01,2023,10,1,port57,Antwerp,Belgium,BEL,14,1,7,1,23,23,46,74577,0,9068,600,165258,84246,249504,315139,0,6975,966,27744,323081,350826,1890223
2023-10-02,2023,10,2,port57,Antwerp,Belgium,BEL,13,5,8,4,38,30,68,600726,6340,7564,2990,104745,617621,722366,84537,0,5080,5706,126336,95324,221661,1890224
2023-10-03,2023,10,3,port57,Antwerp,Belgium,BEL,13,1,14,1,29,29,58,150482,58463,5368,0,60270,214314,274585,355819,0,27001,2294,102813,385115,487929,1890225
2023-10-04,2023,10,4,port57,Antwerp,Belgium,BEL,14,0,5,2,36,21,57,70348,0,1151,374,54543,71874,126417,342330,0,13192,1760,268503,357283,625787,1890226
2023-10-05,2023,10,5,port57,Antwerp,Belgium,BEL,14,0,9,1,33,24,57,143187,0,5409,110,89729,148707,238437,196047,0,9360,54,101714,205461,307176,1890227
2023-10-06,2023,10,6,port57,Antwerp,Belgium,BEL,12,1,5,5,33,23,56,57251,61923,1752,2791,91287,123718,215005,247102,0,4629,1622,129965,253354,383319,1890228
2023-10-07,2023,10,7,port57,Antwerp,Belgium,BEL,14,1,9,1,38,25,63,144026,27243,11324,374,129376,182968,312344,396003,0,11214,1760,89195,408978,498173,1890229
2023-10-08,2023,10,8,port57,Antwerp,Belgium,BEL,14,0,12,1,26,27,53,505119,0,8636,0,76308,513756,590064,125087,0,7043,0,28656,132131,160788,1890230
2023-10-09,2023,10,9,port57,Antwerp,Belgium,BEL,21,4,6,2,39,33,72,248934,32630,8068,0,103214,289633,392848,346522,6043,3454,284,168783,356305,525089,1890231
2023-10-10,2023,10,10,port57,Antwerp,Belgium,BEL,13,4,8,2,40,27,67,288395,105158,6437,3779,162181,403771,565952,97522,0,4710,0,113879,102232,216112,1890232
2023-10-11,2023,10,11,port57,Antwerp,Belgium,BEL,11,0,13,3,30,27,57,115607,0,4053,3350,33213,123011,156225,223879,0,24742,3065,115799,251687,367487,1890233
2023-10-12,2023,10,12,port57,Antwerp,Belgium,BEL,13,1,6,4,31,24,55,188197,11480,1912,374,153832,201963,355796,258859,0,8824,11145,173181,278829,452011,1890234
2023-10-13,2023,10,13,port57,Antwerp,Belgium,BEL,12,0,9,5,42,26,68,221584,0,5558,0,242625,227142,469768,270461,0,8825,5478,54338,284765,339103,1890235
2023-10-14,2023,10,14,port57,Antwerp,Belgium,BEL,13,2,5,3,34,23,57,245527,34776,4758,0,43669,285062,328731,123625,0,2102,5347,79694,131075,210769,1890236
2023-10-15,2023,10,15,port57,Antwerp,Belgium,BEL,9,1,4,3,31,17,48,203137,28795,2360,0,179745,234293,414038,55973,0,1240,2904,127478,60118,187597,1890237
2023-10-16,2023,10,16,port57,Antwerp,Belgium,BEL,13,3,8,0,42,24,66,510227,19823,6170,0,103273,536222,639495,259433,44203,5553,0,92223,309190,401413,1890238
2023-10-17,2023,10,17,port57,Antwerp,Belgium,BEL,12,2,10,3,40,27,67,102112,23802,6371,6380,146097,138667,284765,158044,18443,6059,1030,81840,183577,265417,1890239
2023-10-18,2023,10,18,port57,Antwerp,Belgium,BEL,17,2,5,1,38,25,63,105440,483,731,0,126446,106655,233102,229028,572,6109,0,163636,235710,399347,1890240
2023-10-19,2023,10,19,port57,Antwerp,Belgium,BEL,13,1,10,3,31,27,58,113188,0,2392,758,159063,116338,275402,234696,0,10752,4938,121486,250387,371874,1890241
2023-10-20,2023,10,20,port57,Antwerp,Belgium,BEL,11,2,3,4,38,20,58,190207,80991,2999,2183,167634,276381,444016,236895,0,620,0,92143,237516,329659,1890242
2023-10-21,2023,10,21,port57,Antwerp,Belgium,BEL,8,2,7,4,24,21,45,132593,36114,4960,374,118070,174042,292113,230038,27655,5633,5056,118092,268384,386477,1890243
2023-10-22,2023,10,22,port57,Antwerp,Belgium,BEL,13,0,9,2,35,24,59,54234,0,4893,0,79717,59127,138845,233710,0,15990,11991,57132,261692,318824,1890244
2023-10-23,2023,10,23,port57,Antwerp,Belgium,BEL,10,1,3,0,33,14,47,186763,0,1770,0,60545,188534,249079,164579,31510,930,0,62284,197020,259304,1890245
2023-10-24,2023,10,24,port57,Antwerp,Belgium,BEL,18,0,7,1,37,26,63,100097,0,4657,0,102891,104755,207646,505655,0,5167,0,248587,510822,759409,1890246
2023-10-25,2023,10,25,port57,Antwerp,Belgium,BEL,15,3,10,3,35,31,66,388873,50291,4225,0,114145,443390,557536,187176,27376,3746,3131,28212,221431,249644,1890247
2023-10-26,2023,10,26,port57,Antwerp,Belgium,BEL,15,1,13,5,33,34,67,316516,0,6245,748,144407,323510,467917,259314,0,10641,9348,227548,279305,506853,1890248
2023-10-27,2023,10,27,port57,Antwerp,Belgium,BEL,11,2,4,10,43,27,70,61576,22999,948,7526,97733,93050,190784,142889,0,2127,6360,55942,151377,207319,1890249
2023-10-28,2023,10,28,port57,Antwerp,Belgium,BEL,13,1,5,2,25,21,46,57184,51575,1737,0,41524,110497,152022,299257,0,5745,2864,94310,307867,402177,1890250
2023-10-29,2023,10,29,port57,Antwerp,Belgium,BEL,7,1,10,2,35,20,55,47753,0,3422,975,62045,52151,114197,84726,0,9866,2726,50970,97320,148290,1890251
2023-10-30,2023,10,30,port57,Antwerp,Belgium,BEL,10,1,1,3,32,15,47,162396,35095,0,2034,42189,199526,241716,327391,0,3622,1457,125537,332470,458008,1890252
2023-10-31,2023,10,31,port57,Antwerp,Belgium,BEL,12,2,6,2,36,22,58,114852,14856,4122,0,99482,133831,233313,192531,7403,5519,3590,48081,209046,257127,1890253
2023-11-01,2023,11,1,port57,Antwerp,Belgium,BEL,13,2,8,2,39,25,64,116367,92626,8072,0,50398,217066,267464,156520,0,5441,1948,46079,163911,209990,1890254
2023-11-02,2023,11,2,port57,Antwerp,Belgium,BEL,1,0,2,0,15,3,18,150746,0,1321,0,9078,152067,161146,0,0,1481,0,33921,1481,35403,1890255
2023-11-03,2023,11,3,port57,Antwerp,Belgium,BEL,11,0,5,3,32,19,51,211567,0,1649,0,55344,213216,268560,295651,0,1700,2415,244830,299767,544598,1890256
2023-11-04,2023,11,4,port57,Antwerp,Belgium,BEL,17,1,11,2,40,31,71,326013,29435,2324,0,131690,357773,489464,231045,0,22895,2231,86126,256172,342299,1890257
2023-11-05,2023,11,5,port57,Antwerp,Belgium,BEL,12,2,13,2,32,29,61,65130,2084,5625,374,77968,73214,151183,176409,43060,12189,6671,100004,238331,338335,1890258
2023-11-06,2023,11,6,port57,Antwerp,Belgium,BEL,15,0,12,2,41,29,70,202590,0,6860,0,145810,209451,355262,202727,0,7161,3551,186919,213440,400359,1890259
2023-11-07,2023,11,7,port57,Antwerp,Belgium,BEL,6,1,7,1,29,15,44,73764,9040,3298,0,90999,86103,177103,213332,0,4707,916,178271,218956,397227,1890260
2023-11-08,2023,11,8,port57,Antwerp,Belgium,BEL,11,1,7,2,36,21,57,171064,27606,10285,1924,80659,210881,291541,99909,0,7380,0,173662,107290,280952,1890261
2023-11-09,2023,11,9,port57,Antwerp,Belgium,BEL,17,3,18,2,35,40,75,380174,0,14425,110,130301,394709,525010,310964,0,12399,54,122755,323417,446172,1890262
2023-11-10,2023,11,10,port57,Antwerp,Belgium,BEL,13,3,7,6,30,29,59,80815,90621,5620,8147,186666,185206,371872,173389,0,2696,4836,36147,180922,217070,1890263
2023-11-11,2023,11,11,port57,Antwerp,Belgium,BEL,14,4,2,0,33,20,53,186688,41914,1481,0,101833,230084,331917,239637,36628,6733,0,56527,283000,339527,1890264
2023-11-12,2023,11,12,port57,Antwerp,Belgium,BEL,8,1,12,0,33,21,54,117817,0,5453,0,59332,123271,182603,277491,39789,6507,0,64825,323788,388613,1890265
2023-11-13,2023,11,13,port57,Antwerp,Belgium,BEL,13,2,4,2,32,21,53,213332,22598,2769,0,127839,238700,366539,114104,0,3299,2707,31363,120111,151474,1890266
2023-11-14,2023,11,14,port57,Antwerp,Belgium,BEL,11,0,4,3,39,18,57,151625,0,3746,2034,424189,157407,581596,179389,0,0,54,77618,179443,257062,1890267
2023-11-15,2023,11,15,port57,Antwerp,Belgium,BEL,12,2,9,0,44,23,67,141277,35155,4778,0,175412,181210,356622,299790,29500,13098,0,56320,342389,398709,1890268
2023-11-16,2023,11,16,port57,Antwerp,Belgium,BEL,15,1,9,4,36,29,65,173901,446,9517,3677,89146,187543,276690,203104,0,5800,0,94026,208904,302931,1890269
2023-11-17,2023,11,17,port57,Antwerp,Belgium,BEL,16,2,10,3,30,31,61,146527,1743,11752,1311,78217,161335,239552,374665,32247,7755,3553,83142,418222,501365,1890270
2023-11-18,2023,11,18,port57,Antwerp,Belgium,BEL,13,3,5,3,36,24,60,279236,9258,4546,0,135239,293041,428281,271821,0,2043,1965,167138,275830,442969,1890271
2023-11-19,2023,11,19,port57,Antwerp,Belgium,BEL,12,0,6,3,36,21,57,134171,0,6343,0,168056,140514,308570,151846,0,9240,0,40504,161087,201592,1890272
2023-11-20,2023,11,20,port57,Antwerp,Belgium,BEL,12,2,4,2,34,20,54,655074,32565,1682,0,137500,689322,826822,258126,0,13705,0,125892,271831,397724,1890273
2023-11-21,2023,11,21,port57,Antwerp,Belgium,BEL,9,3,10,2,31,24,55,45525,110182,3136,374,53616,159218,212834,130977,0,11511,1760,99669,144249,243918,1890274
2023-11-22,2023,11,22,port57,Antwerp,Belgium,BEL,17,3,7,2,35,29,64,168649,37092,3202,0,51917,208944,260861,299741,59259,5900,4015,84069,368918,452987,1890275
2023-11-23,2023,11,23,port57,Antwerp,Belgium,BEL,10,3,15,4,35,32,67,318762,52890,7981,2650,257490,382284,639774,204007,0,4908,1123,30866,210040,240906,1890276
2023-11-24,2023,11,24,port57,Antwerp,Belgium,BEL,5,5,8,2,26,20,46,0,31929,1770,0,37343,33700,71044,63639,93710,5509,1761,116638,164621,281259,1890277
2023-11-25,2023,11,25,port57,Antwerp,Belgium,BEL,10,0,4,1,30,15,45,62443,0,2826,0,72907,65270,138177,229870,0,3508,4869,92572,238248,330820,1890278
2023-11-26,2023,11,26,port57,Antwerp,Belgium,BEL,11,6,12,5,37,34,71,92194,70819,5834,1026,76924,169875,246800,167108,53040,12063,1752,155478,233964,389443,1890279
2023-11-27,2023,11,27,port57,Antwerp,Belgium,BEL,14,4,13,1,33,32,65,343235,16781,4221,0,143141,364238,507379,454504,0,21117,922,152423,476544,628967,1890280
2023-11-28,2023,11,28,port57,Antwerp,Belgium,BEL,13,1,8,2,46,24,70,130904,0,2360,5243,60295,138509,198804,144510,0,4406,1760,76753,150676,227430,1890281
2023-11-29,2023,11,29,port57,Antwerp,Belgium,BEL,12,2,7,4,42,25,67,137845,49438,5490,663,88805,193437,282243,127864,0,6538,5989,99413,140392,239805,1890282
2023-11-30,2023,11,30,port57,Antwerp,Belgium,BEL,13,2,15,5,34,35,69,37967,20360,18500,0,132208,76828,209036,336963,0,10160,15168,136704,362292,498996,1890283
2023-12-01,2023,12,1,port57,Antwerp,Belgium,BEL,10,1,6,2,34,19,53,79687,0,6731,2392,136652,88811,225463,273686,39278,5088,0,133041,318054,451095,1890284
2023-12-02,2023,12,2,port57,Antwerp,Belgium,BEL,14,3,3,1,31,21,52,420900,48649,0,588,34258,470138,504397,219827,14367,7584,0,117058,241780,358838,1890285
2023-12-03,2023,12,3,port57,Antwerp,Belgium,BEL,14,1,5,6,43,26,69,72909,33202,2502,1824,109926,110438,220364,173149,0,2402,3568,66997,179120,246117,1890286
2023-12-04,2023,12,4,port57,Antwerp,Belgium,BEL,8,0,8,1,36,17,53,36654,0,7785,0,190764,44440,235205,124982,0,2568,6271,102806,133822,236628,1890287
2023-12-05,2023,12,5,port57,Antwerp,Belgium,BEL,5,0,3,0,17,8,25,70054,0,1180,0,147305,71235,218541,27950,0,1153,0,15056,29103,44160,1890288
2023-12-06,2023,12,6,port57,Antwerp,Belgium,BEL,6,0,6,4,25,16,41,31850,0,3410,5026,105636,40287,145924,162960,0,3274,1422,17634,167657,185291,1890289
2023-12-07,2023,12,7,port57,Antwerp,Belgium,BEL,9,1,7,5,27,22,49,259930,26850,3780,840,58101,291402,349504,66078,0,4443,8407,76670,78929,155599,1890290
2023-12-08,2023,12,8,port57,Antwerp,Belgium,BEL,13,0,11,3,45,27,72,388290,0,2954,0,155122,391244,546366,297683,0,21764,4119,142527,323567,466094,1890291
2023-12-09,2023,12,9,port57,Antwerp,Belgium,BEL,15,4,8,3,38,30,68,318437,109805,2209,374,140440,430827,571268,345425,7403,6689,7171,84482,366690,451172,1890292
2023-12-10,2023,12,10,port57,Antwerp,Belgium,BEL,12,1,4,0,43,17,60,226062,14856,1180,0,154308,242099,396407,122652,7403,4264,0,194815,134320,329135,1890293
2023-12-11,2023,12,11,port57,Antwerp,Belgium,BEL,13,2,9,3,39,27,66,108665,32687,5842,4869,144954,152064,297019,335684,48253,10963,7837,181531,402739,584270,1890294
2023-12-12,2023,12,12,port57,Antwerp,Belgium,BEL,11,0,15,3,35,29,64,48759,0,7477,374,131966,56611,188577,122661,0,13426,9995,51299,146082,197381,1890295
2023-12-13,2023,12,13,port57,Antwerp,Belgium,BEL,15,5,8,0,37,28,65,327536,69627,3416,0,120126,400580,520707,254287,46879,6895,0,207717,308062,515780,1890296
2023-12-14,2023,12,14,port57,Antwerp,Belgium,BEL,12,1,10,1,28,24,52,186242,0,3370,0,126717,189613,316331,260633,47832,13187,0,85778,321653,407431,1890297
2023-12-15,2023,12,15,port57,Antwerp,Belgium,BEL,14,0,10,5,44,29,73,298732,0,8005,374,171804,307113,478917,216716,0,5008,7779,174916,229504,404420,1890298
2023-12-16,2023,12,16,port57,Antwerp,Belgium,BEL,13,2,10,4,40,29,69,214615,0,10652,267,162465,225535,388001,377144,0,3364,3132,77399,383641,461041,1890299
2023-12-17,2023,12,17,port57,Antwerp,Belgium,BEL,10,2,14,6,32,32,64,158231,34711,6535,1201,117347,200680,318028,178220,33938,9347,5842,75430,227348,302779,1890300
2023-12-18,2023,12,18,port57,Antwerp,Belgium,BEL,12,2,9,3,32,26,58,192699,18271,7960,975,99364,219906,319271,224221,0,2722,4777,32234,231721,263955,1890301
2023-12-19,2023,12,19,port57,Antwerp,Belgium,BEL,10,1,1,2,33,14,47,111057,0,1056,207,58342,112322,170664,234032,1431,0,3348,70640,238812,309452,1890302
2023-12-20,2023,12,20,port57,Antwerp,Belgium,BEL,15,1,8,4,38,28,66,70564,14856,5981,110,128062,91512,219574,227692,7403,26775,2888,135774,264759,400534,1890303
2023-12-21,2023,12,21,port57,Antwerp,Belgium,BEL,13,0,3,4,33,20,53,204786,0,1709,748,86568,207245,293813,298831,0,1206,3521,100345,303558,403904,1890304
2023-12-22,2023,12,22,port57,Antwerp,Belgium,BEL,10,1,5,2,28,18,46,112549,0,1180,0,58267,113730,171997,136187,32951,5085,3711,66039,177937,243977,1890305
2023-12-23,2023,12,23,port57,Antwerp,Belgium,BEL,7,0,4,3,32,14,46,276947,0,3035,4768,123693,284751,408445,130781,0,487,0,77383,131269,208653,1890306
2023-12-24,2023,12,24,port57,Antwerp,Belgium,BEL,5,0,6,1,27,12,39,20455,0,3074,0,78857,23529,102386,83810,0,4539,1294,107321,89645,196966,1890307
2023-12-25,2023,12,25,port57,Antwerp,Belgium,BEL,11,3,6,2,26,22,48,79322,89857,5248,9512,84659,183940,268600,71965,0,1192,0,70504,73157,143662,1890308
2023-12-26,2023,12,26,port57,Antwerp,Belgium,BEL,10,1,8,1,36,20,56,40887,0,5013,0,118506,45901,164408,272692,49244,6438,0,157466,328374,485841,1890309
2023-12-27,2023,12,27,port57,Antwerp,Belgium,BEL,15,2,12,2,35,31,66,327283,25283,6625,3075,88879,362268,451148,118503,0,10761,0,40235,129264,169500,1890310
2023-12-28,2023,12,28,port57,Antwerp,Belgium,BEL,5,3,6,4,31,18,49,120387,41397,2566,641,99808,164993,264802,148183,40506,7993,8312,80330,204995,285325,1890311
2023-12-29,2023,12,29,port57,Antwerp,Belgium,BEL,12,1,5,1,39,19,58,77187,35097,2061,0,37908,114346,152255,288774,0,5227,0,83548,294002,377551,1890312
2023-12-30,2023,12,30,port57,Antwerp,Belgium,BEL,13,1,5,7,31,26,57,23785,13817,2357,2085,115699,42046,157746,319937,0,18368,11933,22474,350238,372712,1890313
2023-12-31,2023,12,31,port57,Antwerp,Belgium,BEL,11,1,5,2,29,19,48,111763,0,1545,0,161339,113309,274648,144520,0,12595,3155,79256,160271,239528,1890314
2024-01-01,2024,1,1,port57,Antwerp,Belgium,BEL,3,0,8,0,33,11,44,182899,0,5317,0,120113,188217,308330,88986,0,2920,0,68548,91906,160454,1890315
2024-01-02,2024,1,2,port57,Antwerp,Belgium,BEL,9,1,4,2,26,16,42,55129,43259,2661,5291,62535,106341,168877,133622,0,4050,1738,206330,139411,345741,1890316
2024-01-03,2024,1,3,port57,Antwerp,Belgium,BEL,16,1,4,1,28,22,50,679567,0,3647,0,156895,683214,840110,140966,26238,930,4234,43822,172369,216192,1890317
2024-01-04,2024,1,4,port57,Antwerp,Belgium,BEL,12,1,6,5,37,24,61,204338,33471,1180,4237,114896,243227,358124,309033,0,5276,1760,66162,316070,382233,1890318
2024-01-05,2024,1,5,port57,Antwerp,Belgium,BEL,11,0,2,1,46,14,60,131205,0,590,0,117199,131795,248995,143729,0,8777,0,137766,152506,290272,1890319
2024-01-06,2024,1,6,port57,Antwerp,Belgium,BEL,15,3,11,2,36,31,67,550967,36437,2701,0,131435,590107,721542,192830,69061,10497,7409,69613,279797,349411,1890320
2024-01-07,2024,1,7,port57,Antwerp,Belgium,BEL,9,2,4,2,27,17,44,263832,22692,4545,0,68083,291070,359153,55942,0,620,1348,30929,57911,88840,1890321
2024-01-08,2024,1,8,port57,Antwerp,Belgium,BEL,14,3,9,2,44,28,72,288062,23242,7727,0,91883,319032,410915,151587,33896,6303,6657,142450,198445,340895,1890322
2024-01-09,2024,1,9,port57,Antwerp,Belgium,BEL,16,0,9,3,32,28,60,369116,0,6689,5291,91212,381097,472310,284606,0,5694,1538,72051,291840,363891,1890323
2024-01-10,2024,1,10,port57,Antwerp,Belgium,BEL,14,2,13,3,35,32,67,349344,61030,7120,0,146687,417495,564183,301324,30152,15049,5951,203763,352478,556241,1890324
2024-01-11,2024,1,11,port57,Antwerp,Belgium,BEL,14,1,10,4,38,29,67,194259,0,8214,564,68546,203038,271584,242228,0,5417,5479,69281,253125,322406,1890325
2024-01-12,2024,1,12,port57,Antwerp,Belgium,BEL,15,0,7,3,28,25,53,39179,0,2692,0,45817,41872,87690,421245,0,1002,3183,76613,425431,502044,1890326
2024-01-13,2024,1,13,port57,Antwerp,Belgium,BEL,11,1,5,0,33,17,50,55350,0,2238,0,164536,57588,222124,288622,15409,5522,0,101779,309554,411333,1890327
2024-01-14,2024,1,14,port57,Antwerp,Belgium,BEL,11,1,11,2,37,25,62,228725,48759,12078,2763,123770,292326,416096,272939,0,6184,0,166689,279123,445813,1890328
2024-01-15,2024,1,15,port57,Antwerp,Belgium,BEL,12,0,4,1,31,17,48,102013,0,2672,0,89634,104685,194319,152914,0,2364,0,48824,155278,204103,1890329
2024-01-16,2024,1,16,port57,Antwerp,Belgium,BEL,18,3,5,4,43,30,73,316792,103745,1544,4292,263661,426375,690036,287967,0,11548,2427,103718,301943,405662,1890330
2024-01-17,2024,1,17,port57,Antwerp,Belgium,BEL,10,2,11,1,34,24,58,76327,36966,2517,0,75191,115811,191002,244957,35398,16493,0,58658,296849,355508,1890331
2024-01-18,2024,1,18,port57,Antwerp,Belgium,BEL,14,1,4,6,40,25,65,350929,29436,2616,594,212257,383577,595835,107963,0,2391,2528,165816,112883,278700,1890332
2024-01-19,2024,1,19,port57,Antwerp,Belgium,BEL,14,1,9,3,36,27,63,169475,0,5452,600,120830,175528,296359,213388,0,6748,3239,79136,223376,302513,1890333
2024-01-20,2024,1,20,port57,Antwerp,Belgium,BEL,9,0,7,1,39,17,56,56254,0,1294,1223,249305,58772,308077,279501,0,5650,1078,130498,286229,416728,1890334
2024-01-21,2024,1,21,port57,Antwerp,Belgium,BEL,11,6,8,3,32,28,60,53702,99978,6208,0,76795,159890,236686,254152,19856,3318,4569,121471,281897,403368,1890335
2024-01-22,2024,1,22,port57,Antwerp,Belgium,BEL,6,3,6,2,29,17,46,87772,89970,3388,2343,51009,183475,234485,131386,0,3613,1971,93092,136970,230062,1890336
2024-01-23,2024,1,23,port57,Antwerp,Belgium,BEL,12,0,9,2,51,23,74,92859,0,3092,2528,126297,98480,224777,169435,0,11326,4839,165287,185601,350889,1890337
2024-01-24,2024,1,24,port57,Antwerp,Belgium,BEL,10,1,4,0,33,15,48,30983,0,3573,0,155989,34556,190545,193519,31190,5109,0,14714,229818,244532,1890338
2024-01-25,2024,1,25,port57,Antwerp,Belgium,BEL,10,3,6,5,36,24,60,169290,61765,1321,1597,100546,233976,334522,207001,43741,9074,8711,124994,268528,393522,1890339
2024-01-26,2024,1,26,port57,Antwerp,Belgium,BEL,10,2,9,3,37,24,61,228360,30557,24590,0,37527,283508,321035,113409,31552,9926,6188,52829,161076,213906,1890340
2024-01-27,2024,1,27,port57,Antwerp,Belgium,BEL,11,1,5,4,45,21,66,103680,0,817,3437,111908,107935,219843,101641,34120,8468,9101,180153,153331,333485,1890341
2024-01-28,2024,1,28,port57,Antwerp,Belgium,BEL,14,1,8,3,33,26,59,132851,30228,6109,600,68224,169790,238014,513322,0,5102,2404,66651,520828,587479,1890342
2024-01-29,2024,1,29,port57,Antwerp,Belgium,BEL,13,1,8,2,39,24,63,91192,0,3379,1685,117574,96257,213832,243722,8698,6424,1760,39776,260606,300382,1890343
2024-01-30,2024,1,30,port57,Antwerp,Belgium,BEL,16,0,12,2,32,30,62,434383,0,7186,110,116100,441679,557780,320694,0,8706,6686,90692,336087,426780,1890344
2024-01-31,2024,1,31,port57,Antwerp,Belgium,BEL,8,0,10,2,34,20,54,61047,0,4104,0,63784,65152,128936,147550,0,13785,654,71592,161990,233583,1890345
2024-02-01,2024,2,1,port57,Antwerp,Belgium,BEL,17,3,10,6,32,36,68,142863,52113,4419,1930,68062,201328,269390,394536,7403,20350,3826,69526,426118,495645,1890346
2024-02-02,2024,2,2,port57,Antwerp,Belgium,BEL,10,3,9,2,39,24,63,194815,25045,2871,2181,66355,224914,291270,254721,10193,16125,2763,56907,283803,340711,1890347
2024-02-03,2024,2,3,port57,Antwerp,Belgium,BEL,12,3,11,2,38,28,66,87305,72416,16832,2763,142695,179318,322013,498670,0,16442,0,46326,515113,561439,1890348
2024-02-04,2024,2,4,port57,Antwerp,Belgium,BEL,15,4,11,0,35,30,65,161312,28110,9411,0,152190,198834,351024,110771,14642,3816,0,234668,129231,363899,1890349
2024-02-05,2024,2,5,port57,Antwerp,Belgium,BEL,13,4,7,2,28,26,54,176509,28182,4065,600,31881,209358,241240,185153,26426,5295,5186,131856,222061,353918,1890350
2024-02-06,2024,2,6,port57,Antwerp,Belgium,BEL,10,0,11,4,34,25,59,282143,0,7857,748,275609,290749,566359,84745,0,4070,3521,20201,92336,112538,1890351
2024-02-07,2024,2,7,port57,Antwerp,Belgium,BEL,17,0,10,4,39,31,70,208606,0,6027,374,78345,215007,293353,189135,0,26005,5378,172174,220519,392693,1890352
2024-02-08,2024,2,8,port57,Antwerp,Belgium,BEL,13,1,12,0,42,26,68,147155,0,4532,0,202372,151687,354060,487159,35177,13169,0,194515,535505,730021,1890353
2024-02-09,2024,2,9,port57,Antwerp,Belgium,BEL,14,4,9,3,45,30,75,266623,59697,1180,0,99940,327500,427441,507177,26624,12090,9964,144181,555856,700037,1890354
2024-02-10,2024,2,10,port57,Antwerp,Belgium,BEL,9,0,6,4,25,19,44,148078,0,1462,267,111195,149808,261003,136511,0,6207,4288,117468,147007,264475,1890355
2024-02-11,2024,2,11,port57,Antwerp,Belgium,BEL,11,2,9,2,41,24,65,337873,0,13643,0,122502,351517,474020,81860,33336,8136,5852,113789,129185,242975,1890356
2024-02-12,2024,2,12,port57,Antwerp,Belgium,BEL,15,0,5,2,38,22,60,58204,0,3763,0,85379,61967,147347,371401,0,1195,1080,121012,373677,494690,1890357
2024-02-13,2024,2,13,port57,Antwerp,Belgium,BEL,9,1,4,0,24,14,38,314039,0,1180,0,79146,315219,394366,88618,44235,6018,0,39704,138873,178577,1890358
2024-02-14,2024,2,14,port57,Antwerp,Belgium,BEL,13,2,13,2,28,30,58,76147,14856,4839,0,123026,95844,218871,226655,40965,7562,840,110129,276025,386154,1890359
2024-02-15,2024,2,15,port57,Antwerp,Belgium,BEL,15,2,7,3,34,27,61,271283,12403,20796,267,65276,304749,370025,236055,0,6067,2820,203789,244944,448733,1890360
2024-02-16,2024,2,16,port57,Antwerp,Belgium,BEL,15,0,6,4,47,25,72,68408,0,4554,0,130501,72963,203465,288903,0,2520,3687,80397,295111,375508,1890361
2024-02-17,2024,2,17,port57,Antwerp,Belgium,BEL,15,0,5,2,35,22,57,182158,0,590,0,142508,182749,325257,95753,0,7044,5073,43209,107871,151080,1890362
2024-02-18,2024,2,18,port57,Antwerp,Belgium,BEL,12,0,7,6,32,25,57,240422,0,2360,5601,53723,248384,302108,282339,0,20654,9512,72931,312505,385437,1890363
2024-02-19,2024,2,19,port57,Antwerp,Belgium,BEL,13,0,10,1,35,24,59,429904,0,6090,0,149034,435995,585029,105786,0,9403,2073,49193,117263,166457,1890364
2024-02-20,2024,2,20,port57,Antwerp,Belgium,BEL,13,1,14,1,41,29,70,286409,33316,7868,1586,143235,329181,472416,297921,0,10524,0,64613,308445,373059,1890365
2024-02-21,2024,2,21,port57,Antwerp,Belgium,BEL,14,4,9,2,31,29,60,108502,92346,2666,0,90843,203515,294359,192231,7403,6270,504,139426,206409,345835,1890366
2024-02-22,2024,2,22,port57,Antwerp,Belgium,BEL,8,1,15,4,28,28,56,33746,0,7265,374,87627,41385,129012,323871,9864,8992,5041,87634,347769,435404,1890367
2024-02-23,2024,2,23,port57,Antwerp,Belgium,BEL,16,5,4,1,39,26,65,374926,7412,1321,3000,103709,386660,490369,347894,107047,2619,0,49570,457562,507132,1890368
2024-02-24,2024,2,24,port57,Antwerp,Belgium,BEL,9,1,7,2,37,19,56,185046,0,5262,3126,165538,193435,358974,143327,31928,6869,0,90144,182125,272270,1890369
2024-02-25,2024,2,25,port57,Antwerp,Belgium,BEL,7,3,4,1,29,15,44,196059,94710,2360,657,70888,293788,364677,74623,25533,1240,0,51632,101397,153029,1890370
2024-02-26,2024,2,26,port57,Antwerp,Belgium,BEL,11,1,4,2,27,18,45,225811,0,1744,374,22324,227930,250254,198598,19487,2764,2264,25020,223115,248136,1890371
2024-02-27,2024,2,27,port57,Antwerp,Belgium,BEL,9,0,11,1,37,21,58,115630,0,5507,267,131453,121405,252858,155721,0,8805,0,115699,164526,280226,1890372
2024-02-28,2024,2,28,port57,Antwerp,Belgium,BEL,12,0,6,1,40,19,59,64954,0,2643,1924,64805,69523,134328,289317,0,6178,0,166624,295496,462121,1890373
2024-02-29,2024,2,29,port57,Antwerp,Belgium,BEL,10,1,3,1,39,15,54,210722,0,1180,0,102052,211902,313955,230552,16187,3244,0,74078,249985,324063,1890374
2024-03-01,2024,3,1,port57,Antwerp,Belgium,BEL,17,2,4,5,19,28,47,449007,28985,2716,1111,93444,481819,575264,278769,33316,1878,9351,28490,323316,351806,1890375
2024-03-02,2024,3,2,port57,Antwerp,Belgium,BEL,10,0,11,2,38,23,61,95836,0,4822,4869,121809,105527,227337,117776,0,14207,0,33348,131983,165331,1890376
2024-03-03,2024,3,3,port57,Antwerp,Belgium,BEL,12,2,8,4,33,26,59,207063,28629,4863,600,103967,241156,345124,254998,6841,3029,6104,68964,270974,339938,1890377
2024-03-04,2024,3,4,port57,Antwerp,Belgium,BEL,16,2,12,1,36,31,67,555890,60644,7509,600,73198,624645,697843,278175,0,7144,966,44843,286286,331129,1890378
2024-03-05,2024,3,5,port57,Antwerp,Belgium,BEL,14,1,6,4,31,25,56,61592,32711,5956,2638,151694,102899,254593,305158,0,4289,4158,59976,313606,373583,1890379
2024-03-06,2024,3,6,port57,Antwerp,Belgium,BEL,11,1,7,2,32,21,53,384811,28744,2292,0,82292,415849,498142,58515,0,7667,1701,80859,67884,148743,1890380
2024-03-07,2024,3,7,port57,Antwerp,Belgium,BEL,14,0,14,4,40,32,72,289459,0,4769,0,159958,294228,454187,207254,0,27764,7373,222706,242392,465098,1890381
2024-03-08,2024,3,8,port57,Antwerp,Belgium,BEL,13,2,7,3,36,25,61,382134,19259,1912,0,76751,403305,480057,275254,0,9651,5694,54888,290599,345488,1890382
2024-03-09,2024,3,9,port57,Antwerp,Belgium,BEL,13,1,6,1,31,21,52,83534,12567,12499,0,113366,108601,221968,471422,0,3473,1069,30508,475966,506475,1890383
2024-03-10,2024,3,10,port57,Antwerp,Belgium,BEL,10,2,14,3,33,29,62,115507,8242,6396,2718,83725,132864,216589,140631,44236,8130,4852,185868,197850,383719,1890384
2024-03-11,2024,3,11,port57,Antwerp,Belgium,BEL,13,3,8,2,40,26,66,77021,0,3114,1466,112693,81602,194296,177000,84559,6622,966,121230,269149,390379,1890385
2024-03-12,2024,3,12,port57,Antwerp,Belgium,BEL,12,2,4,1,48,19,67,134768,63993,2779,0,261973,201541,463514,451837,0,5807,2245,123082,459890,582972,1890386
2024-03-13,2024,3,13,port57,Antwerp,Belgium,BEL,15,1,13,1,32,30,62,188312,62972,6877,2343,132317,260506,392823,124696,0,13562,0,63135,138258,201394,1890387
2024-03-14,2024,3,14,port57,Antwerp,Belgium,BEL,17,2,12,2,37,33,70,181524,19142,10996,0,120615,211663,332279,383152,0,2978,0,100455,386131,486587,1890388
2024-03-15,2024,3,15,port57,Antwerp,Belgium,BEL,15,1,9,2,38,27,65,136148,0,3832,0,201676,139981,341657,239839,0,5560,6246,154303,251646,405949,1890389
2024-03-16,2024,3,16,port57,Antwerp,Belgium,BEL,12,4,6,2,28,24,52,196088,23814,2923,3335,54902,226162,281064,227416,72263,6651,1760,80489,308092,388581,1890390
2024-03-17,2024,3,17,port57,Antwerp,Belgium,BEL,12,1,8,4,36,25,61,217090,0,5228,3185,134005,225504,359510,195957,0,8380,1747,94651,206085,300736,1890391
2024-03-18,2024,3,18,port57,Antwerp,Belgium,BEL,12,1,10,5,34,28,62,106845,41027,4910,374,180374,153158,333532,166443,0,15002,9951,59369,191397,250767,1890392
2024-03-19,2024,3,19,port57,Antwerp,Belgium,BEL,10,0,10,2,47,22,69,173299,0,11285,2209,277233,186794,464028,54567,0,4991,1882,67749,61440,129190,1890393
2024-03-20,2024,3,20,port57,Antwerp,Belgium,BEL,12,1,14,1,28,28,56,122210,0,4820,0,57290,127030,184321,123982,0,12630,1738,58627,138350,196978,1890394
2024-03-21,2024,3,21,port57,Antwerp,Belgium,BEL,14,2,14,3,51,33,84,55477,26933,2777,614,189113,85802,274915,418799,27309,16073,7191,238724,469373,708097,1890395
2024-03-22,2024,3,22,port57,Antwerp,Belgium,BEL,18,2,4,3,35,27,62,369301,49791,1818,2375,63516,423286,486803,199995,13419,10672,0,114610,224086,338696,1890396
2024-03-23,2024,3,23,port57,Antwerp,Belgium,BEL,13,1,10,4,28,28,56,129052,0,8524,110,110486,137687,248174,339479,14412,5969,524,132312,360384,492697,1890397
2024-03-24,2024,3,24,port57,Antwerp,Belgium,BEL,9,2,6,2,31,19,50,186691,42200,6193,0,102974,235085,338059,192691,0,6987,5356,157558,205035,362593,1890398
2024-03-25,2024,3,25,port57,Antwerp,Belgium,BEL,12,3,3,2,37,20,57,247427,20879,2691,0,174687,270999,445686,243972,0,370,5550,153123,249893,403017,1890399
2024-03-26,2024,3,26,port57,Antwerp,Belgium,BEL,18,2,8,2,30,30,60,501949,49804,2853,374,107734,554982,662716,296093,37310,5401,5786,65814,344591,410406,1890400
2024-03-27,2024,3,27,port57,Antwerp,Belgium,BEL,16,1,13,4,50,34,84,55471,14856,4341,975,180562,75644,256207,406898,7403,9611,8020,90992,431933,522926,1890401
2024-03-28,2024,3,28,port57,Antwerp,Belgium,BEL,12,3,8,1,37,24,61,265266,43622,1180,374,81297,310443,391741,133709,42779,13979,1760,68576,192229,260805,1890402
2024-03-29,2024,3,29,port57,Antwerp,Belgium,BEL,13,1,3,1,28,18,46,197148,0,3408,0,82861,200557,283418,569005,11679,1481,504,96863,582671,679535,1890403
2024-03-30,2024,3,30,port57,Antwerp,Belgium,BEL,5,3,10,3,26,21,47,25912,21251,6347,3200,101597,56711,158308,120602,27376,13176,4614,35745,165770,201516,1890404
2024-03-31,2024,3,31,port57,Antwerp,Belgium,BEL,14,0,7,1,51,22,73,272032,0,3375,600,111830,276007,387838,200168,0,7256,966,170576,208391,378967,1890405
2024-04-01,2024,4,1,port57,Antwerp,Belgium,BEL,14,4,11,4,28,33,61,86361,61890,3753,110,65165,152115,217281,508393,66676,19893,7048,38057,602010,640068,1890406
2024-04-02,2024,4,2,port57,Antwerp,Belgium,BEL,8,0,7,2,38,17,55,124417,0,6308,0,132152,130725,262878,148717,0,3962,2896,104428,155576,260005,1890407
2024-04-03,2024,4,3,port57,Antwerp,Belgium,BEL,10,1,7,4,37,22,59,418491,17599,7827,748,180488,444666,625154,101859,0,5749,7536,217804,115145,332950,1890408
2024-04-04,2024,4,4,port57,Antwerp,Belgium,BEL,12,1,6,1,35,20,55,231331,31671,1818,0,167634,264821,432455,162808,0,4125,700,159630,167634,327265,1890409
2024-04-05,2024,4,5,port57,Antwerp,Belgium,BEL,15,2,7,2,51,26,77,40562,43618,9401,267,182140,93849,275989,503039,0,4885,3951,182460,511877,694337,1890410
2024-04-06,2024,4,6,port57,Antwerp,Belgium,BEL,12,2,6,1,35,21,56,75515,40393,2418,0,83127,118327,201455,213608,0,8884,2587,48399,225080,273479,1890411
2024-04-07,2024,4,7,port57,Antwerp,Belgium,BEL,10,2,9,0,40,21,61,171792,99425,8134,0,176722,279352,456075,110951,0,4041,0,41578,114993,156571,1890412
2024-04-08,2024,4,8,port57,Antwerp,Belgium,BEL,11,0,4,1,37,16,53,261404,0,2217,0,197314,263622,460937,197678,0,2807,4447,96162,204932,301095,1890413
2024-04-09,2024,4,9,port57,Antwerp,Belgium,BEL,18,3,6,2,30,29,59,256379,31040,2507,110,46306,290037,336344,155205,30741,4973,244,36067,191164,227232,1890414
2024-04-10,2024,4,10,port57,Antwerp,Belgium,BEL,10,1,13,2,38,26,64,148041,14856,3781,3704,80052,170383,250436,69747,7403,29050,6398,129580,112600,242181,1890415
2024-04-11,2024,4,11,port57,Antwerp,Belgium,BEL,12,1,6,3,42,22,64,339726,12539,2413,0,141534,354679,496214,223598,0,10634,5977,192777,240210,432988,1890416
2024-04-12,2024,4,12,port57,Antwerp,Belgium,BEL,16,5,5,2,35,28,63,627003,43595,3136,600,58359,674335,732695,242735,56993,2550,3302,115201,305581,420783,1890417
2024-04-13,2024,4,13,port57,Antwerp,Belgium,BEL,5,1,11,4,45,21,66,35589,26611,4495,457,179946,67153,247099,114186,0,6684,3964,164549,124835,289385,1890418
2024-04-14,2024,4,14,port57,Antwerp,Belgium,BEL,15,0,8,3,37,26,63,102968,0,4535,2450,121766,109953,231720,595073,0,3783,4805,108796,603662,712459,1890419
2024-04-15,2024,4,15,port57,Antwerp,Belgium,BEL,10,4,5,2,27,21,48,146727,14856,1770,2528,93018,165883,258901,144709,41492,5687,3556,65761,195445,261207,1890420
2024-04-16,2024,4,16,port57,Antwerp,Belgium,BEL,8,0,4,5,34,17,51,13016,0,1211,7276,127893,21504,149397,236082,0,4944,5482,72500,246509,319010,1890421
2024-04-17,2024,4,17,port57,Antwerp,Belgium,BEL,19,1,14,1,32,35,67,242051,42851,8503,0,222937,293406,516344,385948,0,8850,0,45839,394798,440638,1890422
2024-04-18,2024,4,18,port57,Antwerp,Belgium,BEL,14,5,8,2,45,29,74,294650,71280,4752,1023,76540,371707,448248,184984,67505,17821,4361,159334,274673,434007,1890423
2024-04-19,2024,4,19,port57,Antwerp,Belgium,BEL,14,1,5,3,40,23,63,145038,6472,590,0,84742,152101,236843,201218,0,2421,7786,140626,211426,352052,1890424
2024-04-20,2024,4,20,port57,Antwerp,Belgium,BEL,13,1,4,2,37,20,57,247062,0,6145,6233,99031,259441,358473,295398,20489,3226,0,171089,319114,490204,1890425
2024-04-21,2024,4,21,port57,Antwerp,Belgium,BEL,14,2,7,1,38,24,62,332021,67268,3092,0,148383,402382,550766,148922,7403,4492,0,71379,160819,232198,1890426
2024-04-22,2024,4,22,port57,Antwerp,Belgium,BEL,9,4,8,7,44,28,72,391926,16919,15784,4149,124297,428780,553077,236924,8853,3093,9300,126545,258171,384717,1890427
2024-04-23,2024,4,23,port57,Antwerp,Belgium,BEL,10,0,7,3,41,20,61,495900,0,2890,437,19251,499228,518480,83377,0,6851,398,287672,90627,378299,1890428
2024-04-24,2024,4,24,port57,Antwerp,Belgium,BEL,11,2,8,1,39,22,61,79064,56039,3788,0,107503,138893,246397,141743,7403,8444,3986,75195,161579,236774,1890429
2024-04-25,2024,4,25,port57,Antwerp,Belgium,BEL,17,0,7,3,42,27,69,117218,0,2951,600,243583,120770,364354,447378,0,7900,4892,162148,460170,622319,1890430
2024-04-26,2024,4,26,port57,Antwerp,Belgium,BEL,10,4,12,4,37,30,67,195778,78414,12571,3711,141158,290475,431634,350983,52110,14157,4180,86195,421433,507628,1890431
2024-05-05,2024,5,5,port57,Antwerp,Belgium,BEL,11,0,7,1,35,19,54,96653,0,6565,0,101023,103218,204241,472927,0,2258,1933,145149,477119,622269,1890432
2019-12-18,2019,12,18,port57,Antwerp,Belgium,BEL,16,1,8,2,37,27,64,461010,61197,4697,374,90427,527279,617706,260219,0,21343,1760,67746,283322,351069,1890433
2021-01-20,2021,1,20,port57,Antwerp,Belgium,BEL,13,0,7,3,45,23,68,350502,0,6825,511,92132,357839,449972,594886,0,16595,4865,117621,616347,733969,1890434
2021-01-21,2021,1,21,port57,Antwerp,Belgium,BEL,16,1,6,1,33,24,57,129264,14856,3355,0,56633,147476,204109,388180,7403,4890,6542,156431,407016,563448,1890435
2021-01-22,2021,1,22,port57,Antwerp,Belgium,BEL,13,0,14,2,45,29,74,237218,0,6471,1400,152141,245090,397231,462487,0,10817,4025,127466,477330,604796,1890436
2022-02-25,2022,2,25,port57,Antwerp,Belgium,BEL,11,4,12,5,41,32,73,47998,29756,8030,0,173169,85786,258956,357036,61627,10869,8898,52567,438431,490999,1890437
2024-05-06,2024,5,6,port57,Antwerp,Belgium,BEL,15,2,15,2,37,34,71,245286,41786,8580,0,158933,295653,454586,268395,32424,10767,3177,94517,314765,409283,1890438
2019-12-19,2019,12,19,port57,Antwerp,Belgium,BEL,20,3,7,3,41,33,74,207302,107734,3416,600,95830,319053,414883,322963,14807,11003,5558,70755,354332,425088,1890439
2021-01-23,2021,1,23,port57,Antwerp,Belgium,BEL,13,2,5,3,38,23,61,220903,9779,1321,843,108744,232848,341592,292836,0,8510,3059,58775,304407,363183,1890440
2022-02-26,2022,2,26,port57,Antwerp,Belgium,BEL,8,1,13,3,35,25,60,180298,16990,7495,778,132560,205562,338122,167827,0,22557,1102,32704,191487,224191,1890441
2024-05-07,2024,5,7,port57,Antwerp,Belgium,BEL,4,3,5,4,36,16,52,77806,89618,2604,600,251656,170630,422287,77324,0,4483,3772,62759,85580,148340,1890442
2019-12-20,2019,12,20,port57,Antwerp,Belgium,BEL,8,2,13,6,38,29,67,58543,0,6891,3446,77844,68882,146726,229707,25310,11872,4715,64921,271605,336526,1890443
2021-01-24,2021,1,24,port57,Antwerp,Belgium,BEL,12,2,9,2,34,25,59,32140,0,11055,0,284450,43195,327646,362207,59180,10492,4919,28194,436800,464994,1890444
2022-02-27,2022,2,27,port57,Antwerp,Belgium,BEL,12,1,11,2,35,26,61,426524,0,12793,0,84620,439318,523939,177009,31092,1725,1262,41133,211090,252223,1890445
2024-05-08,2024,5,8,port57,Antwerp,Belgium,BEL,16,0,6,2,45,24,69,299504,0,1363,2763,287115,303631,590746,294605,0,9827,2392,92061,306825,398887,1890446
2019-12-21,2019,12,21,port57,Antwerp,Belgium,BEL,11,1,3,6,44,21,65,155869,14856,2237,600,151554,173564,325119,221452,7403,1481,12348,71317,242686,314004,1890447
2021-01-25,2021,1,25,port57,Antwerp,Belgium,BEL,9,2,9,1,42,21,63,193441,24299,5475,0,130648,223215,353864,68947,59,6529,0,69041,75536,144578,1890448
2022-02-28,2022,2,28,port57,Antwerp,Belgium,BEL,13,0,12,3,43,28,71,134789,0,8464,0,114962,143254,258216,250028,0,16696,11684,49737,278409,328147,1890449
2024-05-09,2024,5,9,port57,Antwerp,Belgium,BEL,12,2,6,0,34,20,54,143682,65335,3914,0,65502,212932,278435,218563,0,5417,0,132893,223980,356874,1890450
2019-12-22,2019,12,22,port57,Antwerp,Belgium,BEL,15,0,9,2,35,26,61,235866,0,8618,600,152701,245085,397787,271206,0,6479,1905,118706,279591,398298,1890451
2021-01-26,2021,1,26,port57,Antwerp,Belgium,BEL,12,1,5,4,42,22,64,26183,0,3779,3256,87493,33220,120713,274480,0,2280,6707,96841,283468,380310,1890452
2022-03-01,2022,3,1,port57,Antwerp,Belgium,BEL,14,0,7,1,38,22,60,184455,0,2596,1685,177814,188737,366552,358791,0,19815,0,259697,378606,638304,1890453
2024-05-10,2024,5,10,port57,Antwerp,Belgium,BEL,7,0,5,5,48,17,65,93357,0,3123,0,124604,96481,221086,99867,0,4289,6828,156987,110985,267972,1890454
2019-12-23,2019,12,23,port57,Antwerp,Belgium,BEL,13,0,6,3,40,22,62,237475,0,4750,374,131058,242600,373658,334717,0,18408,4782,115486,357909,473396,1890455
2021-01-27,2021,1,27,port57,Antwerp,Belgium,BEL,16,1,13,2,41,32,73,451764,29947,12394,0,174477,494105,668583,243149,0,9754,3373,37962,256277,294239,1890456
2022-03-02,2022,3,2,port57,Antwerp,Belgium,BEL,12,2,14,3,32,31,63,31718,54224,5432,1151,216050,92527,308577,207724,0,17246,6913,25431,231884,257315,1890457
2024-05-11,2024,5,11,port57,Antwerp,Belgium,BEL,18,2,8,2,45,30,75,129473,0,7266,3558,239393,140297,379690,453521,53291,3747,1760,162619,512320,674939,1890458
2019-12-24,2019,12,24,port57,Antwerp,Belgium,BEL,12,0,4,2,34,18,52,525605,0,2053,2571,93678,530229,623908,149401,0,3388,5014,44341,157804,202145,1890459
2021-01-28,2021,1,28,port57,Antwerp,Belgium,BEL,14,0,9,3,47,26,73,284197,0,3761,0,119900,287959,407859,308596,0,12407,4675,114526,325679,440205,1890460
2022-03-03,2022,3,3,port57,Antwerp,Belgium,BEL,11,5,12,3,40,31,71,174175,69850,6695,1910,116671,252631,369302,181647,51375,3446,3427,46449,239895,286344,1890461
2024-05-12,2024,5,12,port57,Antwerp,Belgium,BEL,10,2,8,3,31,23,54,198763,39531,6895,975,194739,246165,440905,183009,0,2412,2726,70203,188148,258351,1890462
2019-12-25,2019,12,25,port57,Antwerp,Belgium,BEL,14,2,4,3,35,23,58,150795,14856,1463,1349,63912,168464,232377,345066,45012,4009,4487,48317,398576,446894,1890463
2021-01-29,2021,1,29,port57,Antwerp,Belgium,BEL,13,0,14,3,36,30,66,205449,0,18354,0,82847,223803,306650,439915,0,7776,7607,32341,455300,487642,1890464
2022-03-04,2022,3,4,port57,Antwerp,Belgium,BEL,13,3,9,2,37,27,64,177264,0,7805,0,294108,185070,479178,147961,23189,3180,5398,76703,179729,256433,1890465
2024-05-13,2024,5,13,port57,Antwerp,Belgium,BEL,17,2,6,3,39,28,67,242079,6340,3245,3727,138740,255392,394133,255095,39572,1178,3380,55699,299227,354927,1890466
2019-12-26,2019,12,26,port57,Antwerp,Belgium,BEL,11,2,6,1,45,20,65,152838,14856,4258,0,124145,171952,296098,164551,36345,3927,2760,268783,207584,476368,1890467
2021-01-30,2021,1,30,port57,Antwerp,Belgium,BEL,9,4,13,3,43,29,72,141298,0,6738,422,158309,148459,306769,201717,64850,12937,5345,101304,284852,386156,1890468
2022-03-05,2022,3,5,port57,Antwerp,Belgium,BEL,9,2,12,0,31,23,54,117850,65289,10513,0,35392,193653,229045,248109,0,24469,0,109392,272579,381971,1890469
2024-05-14,2024,5,14,port57,Antwerp,Belgium,BEL,14,1,12,2,32,29,61,271233,14856,11334,6674,85707,304099,389807,103886,7403,9004,0,89194,120294,209489,1890470
2019-12-27,2019,12,27,port57,Antwerp,Belgium,BEL,11,3,5,0,48,19,67,97252,44172,2784,0,69626,144209,213835,150300,9430,4845,0,47792,164576,212368,1890471
2021-01-31,2021,1,31,port57,Antwerp,Belgium,BEL,9,1,6,3,27,19,46,411553,31182,1985,600,27542,445322,472864,213728,0,16823,6584,28593,237136,265730,1890472
2022-03-06,2022,3,6,port57,Antwerp,Belgium,BEL,17,1,8,3,36,29,65,192837,0,5139,0,95805,197976,293782,634681,14605,2032,2961,200013,654281,854294,1890473
2022-03-07,2022,3,7,port57,Antwerp,Belgium,BEL,8,3,8,3,44,22,66,37382,29648,8370,1263,73542,76664,150207,211796,0,4267,3076,230620,219140,449761,1890474
2022-03-08,2022,3,8,port57,Antwerp,Belgium,BEL,11,2,12,2,33,27,60,110699,139187,5039,3604,117892,258529,376422,393543,0,11768,2902,45723,408214,453938,1890475
2022-03-09,2022,3,9,port57,Antwerp,Belgium,BEL,13,1,10,2,37,26,63,163082,0,7636,600,135737,171320,307057,394758,0,7589,1814,82703,404162,486865,1890476
2022-03-10,2022,3,10,port57,Antwerp,Belgium,BEL,11,1,13,0,37,25,62,498704,25063,11783,0,92146,535551,627698,163461,0,8653,0,34491,172114,206606,1890477
2022-03-11,2022,3,11,port57,Antwerp,Belgium,BEL,9,2,3,6,47,20,67,104499,83832,1463,4963,78075,194758,272833,109938,0,3971,5516,58631,119427,178058,1890478
2022-03-12,2022,3,12,port57,Antwerp,Belgium,BEL,10,3,6,4,29,23,52,335278,38579,3267,0,133014,377125,510140,41496,0,5822,7477,61535,54795,116331,1890479
2022-03-13,2022,3,13,port57,Antwerp,Belgium,BEL,11,2,6,1,30,20,50,273124,41509,2865,374,75679,317874,393553,133379,10369,4226,1760,31728,149735,181464,1890480
2022-03-14,2022,3,14,port57,Antwerp,Belgium,BEL,10,0,11,2,41,23,64,74599,0,3836,0,79196,78435,157631,197768,0,17258,2787,50803,217815,268618,1890481
2022-03-15,2022,3,15,port57,Antwerp,Belgium,BEL,13,4,10,5,31,32,63,147929,27762,4513,1932,86244,182138,268382,229293,6940,10872,3416,71348,250522,321871,1890482
2022-03-16,2022,3,16,port57,Antwerp,Belgium,BEL,12,3,10,4,36,29,65,28348,77474,5145,3303,77814,114271,192086,556152,7403,8128,966,104139,572651,676790,1890483
2022-03-17,2022,3,17,port57,Antwerp,Belgium,BEL,9,4,13,1,40,27,67,116516,112534,5848,0,195821,234900,430721,103608,15256,10579,1525,87110,130970,218080,1890484
2022-03-18,2022,3,18,port57,Antwerp,Belgium,BEL,14,2,11,5,28,32,60,202324,0,3092,0,51525,205416,256942,201260,30073,8516,10035,57054,249886,306941,1890485
2022-03-19,2022,3,19,port57,Antwerp,Belgium,BEL,7,3,6,2,41,18,59,47313,108325,1321,191,97231,157152,254384,101120,7403,10044,1839,50350,120408,170759,1890486
2022-03-20,2022,3,20,port57,Antwerp,Belgium,BEL,15,3,5,3,30,26,56,256904,0,611,600,174494,258117,432611,411303,83371,6623,4982,109519,506279,615798,1890487
2022-03-21,2022,3,21,port57,Antwerp,Belgium,BEL,7,2,10,2,43,21,64,90111,2396,7329,0,71771,99837,171608,94285,0,3894,4138,40021,102317,142339,1890488
2022-03-22,2022,3,22,port57,Antwerp,Belgium,BEL,13,2,8,4,31,27,58,411620,36904,2993,1442,218263,452961,671225,165572,5741,6563,10536,31262,188414,219676,1890489
2022-03-23,2022,3,23,port57,Antwerp,Belgium,BEL,12,1,13,3,30,29,59,283078,0,4517,3658,73304,291254,364559,188105,27049,29123,487,106277,244766,351043,1890490
2022-03-24,2022,3,24,port57,Antwerp,Belgium,BEL,13,3,9,0,37,25,62,316317,27995,6077,0,159263,350390,509653,222191,20324,12463,0,77738,254979,332718,1890491
2022-03-25,2022,3,25,port57,Antwerp,Belgium,BEL,8,0,6,5,44,19,63,71636,0,2080,0,84079,73716,157795,316605,0,1619,11664,131098,329889,460988,1890492
2022-03-26,2022,3,26,port57,Antwerp,Belgium,BEL,14,4,7,3,29,28,57,89718,93841,17506,2232,114082,203299,317381,426181,2257,5263,0,128894,433702,562597,1890493
2022-03-27,2022,3,27,port57,Antwerp,Belgium,BEL,11,4,12,0,26,27,53,496753,137907,10832,0,63364,645494,708858,168163,34440,9322,0,67931,211927,279858,1890494
2022-03-28,2022,3,28,port57,Antwerp,Belgium,BEL,10,2,11,2,45,25,70,193450,3650,7488,0,269328,204588,473916,145894,0,5561,504,123258,151959,275218,1890495
2022-03-29,2022,3,29,port57,Antwerp,Belgium,BEL,17,3,10,3,32,33,65,648356,60691,6584,0,64624,715633,780257,387308,18251,6814,3484,64256,415859,480115,1890496
2022-03-30,2022,3,30,port57,Antwerp,Belgium,BEL,12,2,16,4,30,34,64,341543,24227,7023,3525,33518,376320,409838,318851,2876,8893,7948,82824,338569,421394,1890497
2022-03-31,2022,3,31,port57,Antwerp,Belgium,BEL,9,3,7,1,36,20,56,89886,479,4623,0,97034,94989,192023,208975,47653,4562,2834,142477,264026,406503,1890498
2022-04-01,2022,4,1,port57,Antwerp,Belgium,BEL,6,0,4,2,29,12,41,103431,0,2053,0,27599,105484,133084,104936,0,4631,4786,36794,114354,151149,1890499
2022-04-02,2022,4,2,port57,Antwerp,Belgium,BEL,11,4,6,2,36,23,59,206607,117130,2406,3657,99925,329801,429727,175190,0,3530,3604,77398,182324,259723,1890500
2022-04-03,2022,4,3,port57,Antwerp,Belgium,BEL,12,2,8,5,36,27,63,199570,26422,4990,1305,252636,232287,484924,357268,0,13290,11314,34218,381873,416091,1890501
2022-04-04,2022,4,4,port57,Antwerp,Belgium,BEL,7,0,10,4,35,21,56,200778,0,6740,4910,235670,212429,448100,118173,0,10244,5939,22375,134358,156734,1890502
2022-04-05,2022,4,5,port57,Antwerp,Belgium,BEL,12,0,11,4,35,27,62,620304,0,5732,0,207195,626036,833231,301491,0,6356,9068,92715,316916,409632,1890503
2022-04-06,2022,4,6,port57,Antwerp,Belgium,BEL,17,0,14,0,32,31,63,157172,0,3865,0,136784,161038,297822,477464,0,18632,0,56748,496097,552846,1890504
2022-04-07,2022,4,7,port57,Antwerp,Belgium,BEL,11,2,8,2,33,23,56,157955,55968,2360,509,136940,216793,353734,227412,0,19094,0,62532,246507,309040,1890505
2022-04-08,2022,4,8,port57,Antwerp,Belgium,BEL,10,2,3,3,39,18,57,64501,56388,590,0,58603,121479,180083,262014,0,2033,7293,203720,271341,475061,1890506
2022-04-09,2022,4,9,port57,Antwerp,Belgium,BEL,14,4,7,4,31,29,60,265259,80566,2216,110,195918,348153,544071,186224,2884,9499,6596,44616,205206,249822,1890507
2022-04-10,2022,4,10,port57,Antwerp,Belgium,BEL,11,5,6,3,21,25,46,246607,112959,4610,0,19371,364177,383548,144553,52870,1629,3585,27449,202638,230088,1890508
2022-04-11,2022,4,11,port57,Antwerp,Belgium,BEL,12,1,8,3,34,24,58,228777,0,3987,600,180862,233365,414227,175763,34356,3795,7512,150714,221427,372142,1890509
2022-04-12,2022,4,12,port57,Antwerp,Belgium,BEL,9,1,8,4,41,22,63,115911,0,3855,374,72080,120140,192221,130845,0,6228,12322,32639,149395,182035,1890510
2022-04-13,2022,4,13,port57,Antwerp,Belgium,BEL,12,2,10,3,37,27,64,113199,0,11415,0,152515,124615,277130,358320,0,6758,5300,50833,370379,421213,1890511
2022-04-14,2022,4,14,port57,Antwerp,Belgium,BEL,12,0,14,1,42,27,69,127572,0,8725,0,202809,136298,339108,276400,0,15484,0,103951,291884,395836,1890512
2022-04-15,2022,4,15,port57,Antwerp,Belgium,BEL,10,0,5,2,40,17,57,183825,0,2022,0,198685,185848,384533,488838,0,4585,1924,47685,495348,543034,1890513
2022-04-16,2022,4,16,port57,Antwerp,Belgium,BEL,11,2,7,2,36,22,58,101173,47412,2079,0,185819,150665,336484,412787,0,5268,3635,89168,421692,510861,1890514
2022-04-17,2022,4,17,port57,Antwerp,Belgium,BEL,12,3,3,3,35,21,56,298375,31282,0,484,66700,330142,396842,149637,7403,3545,1814,162874,162401,325275,1890515
2022-04-18,2022,4,18,port57,Antwerp,Belgium,BEL,12,4,10,3,30,29,59,98889,85345,4064,3267,154279,191567,345847,156619,7403,12421,1662,91507,178107,269615,1890516
2022-04-19,2022,4,19,port57,Antwerp,Belgium,BEL,8,4,5,2,33,19,52,271163,96620,6648,3183,74846,377615,452461,18872,42465,1779,3574,118029,66691,184721,1890517
2022-04-20,2022,4,20,port57,Antwerp,Belgium,BEL,18,1,12,1,34,32,66,293206,0,6612,2957,140110,302776,442887,423357,0,24970,0,42344,448327,490671,1890518
2022-04-21,2022,4,21,port57,Antwerp,Belgium,BEL,9,2,10,3,35,24,59,43981,60237,3865,0,136236,108083,244320,199039,0,15527,4101,64285,218668,282953,1890519
2022-04-22,2022,4,22,port57,Antwerp,Belgium,BEL,14,2,9,6,33,31,64,478827,0,5695,600,78949,485123,564072,376935,0,7782,13785,51886,398503,450389,1890520
2022-04-23,2022,4,23,port57,Antwerp,Belgium,BEL,9,1,6,2,44,18,62,80168,0,2707,0,161479,82875,244355,116251,47560,3981,3382,280235,171175,451411,1890521
2022-04-24,2022,4,24,port57,Antwerp,Belgium,BEL,10,1,10,2,34,23,57,417360,0,6028,600,149433,423990,573424,159829,35500,6114,7509,46147,208954,255101,1890522
2022-04-25,2022,4,25,port57,Antwerp,Belgium,BEL,13,0,11,4,42,28,70,329623,0,10161,1528,76460,341312,417773,274124,0,9636,4766,92698,288527,381225,1890523
2022-04-26,2022,4,26,port57,Antwerp,Belgium,BEL,11,1,10,1,40,23,63,449287,5446,8297,4025,199644,467057,666702,123661,0,9206,0,42287,132867,175154,1890524
2022-04-27,2022,4,27,port57,Antwerp,Belgium,BEL,13,6,12,3,43,34,77,112146,103030,8444,2905,148615,226527,375143,472638,39093,9446,1269,56342,522447,578789,1890525
2022-04-28,2022,4,28,port57,Antwerp,Belgium,BEL,13,3,14,3,37,33,70,199764,21319,19075,374,35649,240534,276183,262808,3388,9912,8295,74781,284404,359185,1890526
2022-04-29,2022,4,29,port57,Antwerp,Belgium,BEL,8,3,4,4,36,19,55,40116,101899,9057,550,78321,151624,229945,292043,7403,1481,9076,78525,310006,388532,1890527
2022-04-30,2022,4,30,port57,Antwerp,Belgium,BEL,15,4,3,3,38,25,63,94827,29713,989,1395,112674,126925,239599,165703,50889,310,1760,177255,218664,395919,1890528
2022-05-01,2022,5,1,port57,Antwerp,Belgium,BEL,11,0,5,0,33,16,49,131799,0,8583,0,136998,140382,277381,406058,0,5728,0,111088,411787,522876,1890529
2022-05-02,2022,5,2,port57,Antwerp,Belgium,BEL,7,2,12,3,48,24,72,119899,40760,12122,0,101699,172782,274482,102732,41201,3198,4516,147188,151648,298836,1890530
2022-05-03,2022,5,3,port57,Antwerp,Belgium,BEL,8,2,11,3,34,24,58,235099,36513,9560,0,58341,281173,339514,203833,7403,13866,2975,80689,228079,308769,1890531
2022-05-04,2022,5,4,port57,Antwerp,Belgium,BEL,13,0,11,4,44,28,72,96840,0,4646,0,196464,101486,297951,493285,0,15847,3524,47224,512657,559882,1890532
2022-05-05,2022,5,5,port57,Antwerp,Belgium,BEL,8,2,7,2,34,19,53,175582,23980,5542,0,171882,205105,376988,74927,32877,2711,8791,70525,119308,189833,1890533
2022-05-06,2022,5,6,port57,Antwerp,Belgium,BEL,13,0,5,5,41,23,64,538528,0,2093,2826,113416,543447,656864,387263,0,13605,12091,114618,412960,527579,1890534
2022-05-07,2022,5,7,port57,Antwerp,Belgium,BEL,14,2,10,4,39,30,69,121077,1934,5543,1400,202256,129956,332212,325023,0,6015,4215,100960,335254,436214,1890535
2022-05-08,2022,5,8,port57,Antwerp,Belgium,BEL,12,1,10,2,32,25,57,243513,0,4886,600,100333,249000,349333,102515,0,7894,2915,98414,113325,211740,1890536
2022-05-09,2022,5,9,port57,Antwerp,Belgium,BEL,10,3,5,2,37,20,57,152512,73390,5278,0,119325,231181,350506,412181,0,620,4272,95353,417075,512428,1890537
2022-05-10,2022,5,10,port57,Antwerp,Belgium,BEL,12,1,9,3,33,25,58,162372,9365,4431,2873,61796,179042,240839,265571,0,8111,5019,48438,278702,327141,1890538
2022-05-11,2022,5,11,port57,Antwerp,Belgium,BEL,14,4,10,4,45,32,77,186289,89631,6850,600,198707,283371,482078,509746,0,1152,5541,98938,516440,615379,1890539
2022-05-12,2022,5,12,port57,Antwerp,Belgium,BEL,10,6,14,1,41,31,72,220774,54960,10863,595,74618,287194,361812,170930,18158,10950,0,138059,200039,338099,1890540
2022-05-13,2022,5,13,port57,Antwerp,Belgium,BEL,11,1,5,3,32,20,52,476702,60892,3600,2343,90884,543538,634422,204553,0,5534,5431,42846,215520,258366,1890541
2022-05-14,2022,5,14,port57,Antwerp,Belgium,BEL,12,1,11,1,43,25,68,201801,0,8548,435,127700,210784,338485,134363,0,6480,0,64717,140844,205562,1890542
2022-05-15,2022,5,15,port57,Antwerp,Belgium,BEL,14,3,9,3,29,29,58,344981,80656,7960,872,101940,434471,536411,162294,5643,5090,0,113233,173028,286261,1890543
2022-05-16,2022,5,16,port57,Antwerp,Belgium,BEL,12,1,14,3,35,30,65,262153,1930,8911,1687,78621,274683,353304,246257,0,7620,3884,34083,257762,291846,1890544
2022-05-17,2022,5,17,port57,Antwerp,Belgium,BEL,11,3,11,5,31,30,61,140934,76995,4505,3183,113038,225619,338657,241486,7403,7982,2555,203026,259427,462454,1890545
2022-05-18,2022,5,18,port57,Antwerp,Belgium,BEL,18,1,7,3,32,29,61,342482,92626,5800,0,91240,440909,532149,258861,0,7492,3517,132040,269871,401911,1890546
2022-05-19,2022,5,19,port57,Antwerp,Belgium,BEL,14,3,14,2,35,33,68,109380,115938,10893,374,57712,236586,294298,299909,0,18402,5314,73698,323626,397324,1890547
2022-05-20,2022,5,20,port57,Antwerp,Belgium,BEL,11,1,15,5,35,32,67,122040,14856,17707,1899,105223,156503,261726,351209,7403,11212,10086,126608,379912,506521,1890548
2022-05-21,2022,5,21,port57,Antwerp,Belgium,BEL,13,5,6,3,32,27,59,315155,87351,10036,0,59344,412543,471887,169820,26775,5390,4296,111479,206283,317763,1890549
2022-05-22,2022,5,22,port57,Antwerp,Belgium,BEL,16,2,9,4,36,31,67,395744,60077,5050,3680,176128,464553,640682,279483,0,5808,3713,56599,289005,345605,1890550
2022-05-23,2022,5,23,port57,Antwerp,Belgium,BEL,9,1,12,0,32,22,54,185818,27345,8979,0,77648,222143,299791,168893,0,8621,0,110094,177514,287608,1890551
2022-05-24,2022,5,24,port57,Antwerp,Belgium,BEL,10,2,11,2,37,25,62,99540,43568,6322,3789,122670,153220,275890,211479,7403,8906,0,171940,227790,399731,1890552
2022-05-25,2022,5,25,port57,Antwerp,Belgium,BEL,14,1,13,5,32,33,65,58807,5968,9526,1530,66040,75833,141873,280603,0,8831,8344,154278,297779,452058,1890553
2022-05-26,2022,5,26,port57,Antwerp,Belgium,BEL,14,2,7,2,42,25,67,329876,786,5576,374,139554,336613,476167,396746,0,3203,9494,66332,409444,475776,1890554
2022-05-27,2022,5,27,port57,Antwerp,Belgium,BEL,11,5,8,5,35,29,64,450082,88183,4645,0,115688,542911,658600,75164,47346,11582,8456,138877,142549,281426,1890555
2022-05-28,2022,5,28,port57,Antwerp,Belgium,BEL,8,2,10,1,39,21,60,106048,14856,3748,2343,215941,126997,342939,118066,55046,25501,0,125314,198614,323928,1890556
2022-05-29,2022,5,29,port57,Antwerp,Belgium,BEL,12,3,6,1,26,22,48,235914,8661,1180,605,88201,246361,334563,207106,0,7125,0,37903,214231,252134,1890557
2022-05-30,2022,5,30,port57,Antwerp,Belgium,BEL,10,0,8,2,28,20,48,35661,0,5618,6805,49668,48085,97753,180174,0,3589,0,48243,183764,232007,1890558
2022-05-31,2022,5,31,port57,Antwerp,Belgium,BEL,6,0,5,1,25,12,37,189299,0,2437,0,70415,191737,262153,102783,0,1092,4447,27299,108322,135621,1890559
2022-06-01,2022,6,1,port57,Antwerp,Belgium,BEL,15,5,16,4,50,40,90,148983,123189,6065,956,241921,279194,521116,296433,12581,17429,4043,73511,330487,403998,1890560
2022-06-02,2022,6,2,port57,Antwerp,Belgium,BEL,12,3,9,2,41,26,67,589789,14856,6455,0,121471,611102,732574,212832,50210,7193,3986,257896,274223,532120,1890561
2022-06-03,2022,6,3,port57,Antwerp,Belgium,BEL,14,3,8,2,41,27,68,314876,81819,9714,552,161282,406962,568244,282123,0,8152,4025,109273,294301,403575,1890562
2022-06-04,2022,6,4,port57,Antwerp,Belgium,BEL,8,2,4,4,41,18,59,36268,14856,1870,267,142967,53262,196230,231001,7403,3531,11584,143038,253521,396559,1890563
2022-06-05,2022,6,5,port57,Antwerp,Belgium,BEL,13,3,5,1,27,22,49,391710,59776,7216,436,68779,459139,527919,207782,0,1481,0,46261,209264,255525,1890564
2022-06-06,2022,6,6,port57,Antwerp,Belgium,BEL,14,5,10,3,33,32,65,379352,99443,3954,422,68646,483173,551819,269683,12455,8862,6176,111195,297178,408374,1890565
2022-06-07,2022,6,7,port57,Antwerp,Belgium,BEL,8,2,10,4,41,24,65,36639,46495,5440,4447,169129,93021,262151,251776,7403,4508,4613,97796,268302,366098,1890566
2022-06-08,2022,6,8,port57,Antwerp,Belgium,BEL,13,2,7,2,38,24,62,107741,15176,15759,0,146318,138677,284996,229209,7403,506,972,168903,238091,406995,1890567
2022-06-09,2022,6,9,port57,Antwerp,Belgium,BEL,8,3,8,1,35,20,55,130498,87420,4841,0,210887,222760,433647,243715,0,7358,0,109132,251073,360206,1890568
2022-06-10,2022,6,10,port57,Antwerp,Belgium,BEL,10,3,5,4,43,22,65,217289,5157,2616,5643,141792,230707,372500,146900,4700,3726,4998,210643,160325,370968,1890569
2022-06-11,2022,6,11,port57,Antwerp,Belgium,BEL,12,1,7,4,40,24,64,171552,42150,1180,267,68887,215150,284037,237540,0,7675,1511,247792,246726,494519,1890570
2022-06-12,2022,6,12,port57,Antwerp,Belgium,BEL,12,0,7,1,35,20,55,251891,0,4722,0,145963,256613,402577,271298,0,16122,0,132071,287421,419492,1890571
2022-06-13,2022,6,13,port57,Antwerp,Belgium,BEL,12,3,10,3,34,28,62,236208,10584,9620,600,92797,257014,349811,244303,0,4120,2340,65229,250764,315993,1890572
2022-06-14,2022,6,14,port57,Antwerp,Belgium,BEL,6,2,13,3,32,24,56,85840,28623,18421,2528,82165,135414,217580,268981,0,4473,3445,23486,276900,300387,1890573
2022-06-15,2022,6,15,port57,Antwerp,Belgium,BEL,14,1,14,4,35,33,68,116050,0,8586,0,172631,124637,297269,255381,0,8294,4546,128995,268222,397217,1890574
2022-06-16,2022,6,16,port57,Antwerp,Belgium,BEL,10,1,12,4,46,27,73,221531,0,7207,2592,108173,231331,339504,81594,20744,17338,8559,185672,128237,313909,1890575
2022-06-17,2022,6,17,port57,Antwerp,Belgium,BEL,14,3,11,4,36,32,68,350657,4371,11523,0,146573,366552,513126,177751,5472,3799,11405,42481,198428,240910,1890576
2022-06-18,2022,6,18,port57,Antwerp,Belgium,BEL,12,1,5,2,37,20,57,258935,7680,2691,0,182915,269308,452223,289021,0,3641,2278,133019,294941,427961,1890577
2022-06-19,2022,6,19,port57,Antwerp,Belgium,BEL,14,1,5,2,22,22,44,130144,0,1951,0,17363,132096,149459,157227,48244,2385,3340,38101,211197,249298,1890578
2022-06-20,2022,6,20,port57,Antwerp,Belgium,BEL,6,3,4,1,42,14,56,216538,36737,590,0,171733,253866,425599,39195,0,1330,5645,99227,46171,145399,1890579
2022-06-21,2022,6,21,port57,Antwerp,Belgium,BEL,10,2,11,5,39,28,67,245957,8770,4837,6987,149826,266553,416379,328815,41345,11023,10293,76857,391477,468334,1890580
2022-06-22,2022,6,22,port57,Antwerp,Belgium,BEL,11,3,14,1,37,29,66,119919,84170,4853,0,171610,208943,380554,128556,0,19983,0,151927,148540,300468,1890581
2022-06-23,2022,6,23,port57,Antwerp,Belgium,BEL,10,3,13,2,42,28,70,98009,72033,17523,600,132937,188166,321104,276697,22854,8939,1614,140892,310105,450998,1890582
2022-06-24,2022,6,24,port57,Antwerp,Belgium,BEL,13,3,3,5,29,24,53,330031,14856,3313,975,117958,349176,467135,167760,7403,2406,12799,115847,190369,306217,1890583
2022-06-25,2022,6,25,port57,Antwerp,Belgium,BEL,12,1,6,2,51,21,72,155201,0,1194,5291,122431,161688,284119,468036,29931,21637,7003,150341,526609,676951,1890584
2022-06-26,2022,6,26,port57,Antwerp,Belgium,BEL,12,1,10,3,35,26,61,282249,0,4838,975,126251,288063,414314,176298,27504,10959,5210,113180,219972,333152,1890585
2022-06-27,2022,6,27,port57,Antwerp,Belgium,BEL,9,2,13,2,36,26,62,132943,33290,14995,0,96710,181229,277939,237067,1150,3954,3986,135865,246160,382025,1890586
2022-06-28,2022,6,28,port57,Antwerp,Belgium,BEL,10,3,8,2,34,23,57,158930,0,4724,0,81963,163654,245618,368890,28717,9804,5219,140567,412632,553199,1890587
2022-06-29,2022,6,29,port57,Antwerp,Belgium,BEL,11,4,5,2,33,22,55,212373,94908,1180,0,120795,308462,429258,244578,0,5145,1860,28932,251584,280516,1890588
2022-06-30,2022,6,30,port57,Antwerp,Belgium,BEL,13,3,11,2,33,29,62,122421,16508,5629,3944,86253,148503,234757,488488,51269,8353,4019,67388,552130,619518,1890589
2022-07-01,2022,7,1,port57,Antwerp,Belgium,BEL,11,5,15,6,36,37,73,40388,69243,6089,2433,71003,118154,189158,212709,57747,11933,12331,68016,294722,362739,1890590
2022-07-02,2022,7,2,port57,Antwerp,Belgium,BEL,11,3,4,2,29,20,49,247566,7215,2067,1755,182695,258604,441299,151003,0,3282,0,19158,154285,173444,1890591
2022-07-03,2022,7,3,port57,Antwerp,Belgium,BEL,15,3,9,3,37,30,67,329988,29715,11211,0,116086,370915,487001,178159,0,6636,2318,84937,187113,272051,1890592
2022-07-04,2022,7,4,port57,Antwerp,Belgium,BEL,12,2,14,3,38,31,69,351566,49609,9944,5048,197367,416168,613535,148113,0,5732,649,80346,154494,234841,1890593
2022-07-05,2022,7,5,port57,Antwerp,Belgium,BEL,9,2,13,6,33,30,63,95081,14856,7805,1526,99621,119269,218891,282406,49093,10338,11153,34450,352992,387443,1890594
2022-07-06,2022,7,6,port57,Antwerp,Belgium,BEL,14,2,8,1,31,25,56,186085,56477,9870,0,140916,252432,393349,341016,0,6044,5242,162080,352303,514383,1890595
2022-07-07,2022,7,7,port57,Antwerp,Belgium,BEL,13,3,13,2,37,31,68,39026,52960,19622,1801,65546,113410,178956,202563,0,14929,0,134940,217493,352434,1890596
2022-07-08,2022,7,8,port57,Antwerp,Belgium,BEL,11,1,9,3,38,24,62,217677,20795,7869,0,240330,246342,486672,297261,0,5001,5630,93443,307894,401337,1890597
2022-07-09,2022,7,9,port57,Antwerp,Belgium,BEL,12,3,10,2,27,27,54,258157,81977,12554,374,117364,353064,470428,179274,552,8621,1760,55574,190209,245783,1890598
2022-07-10,2022,7,10,port57,Antwerp,Belgium,BEL,11,0,5,2,35,18,53,201144,0,3003,0,85432,204148,289580,106326,0,4689,1460,69385,112476,181861,1890599
2022-07-11,2022,7,11,port57,Antwerp,Belgium,BEL,9,1,10,2,39,22,61,190787,44194,6533,0,138336,241515,379851,171363,0,6212,4636,91946,182212,274158,1890600
2022-07-12,2022,7,12,port57,Antwerp,Belgium,BEL,14,2,12,3,36,31,67,332969,4890,9224,0,53388,347084,400473,433959,13105,12175,8677,56996,467917,524914,1890601
2022-07-13,2022,7,13,port57,Antwerp,Belgium,BEL,7,0,9,3,33,19,52,23218,0,5825,267,175507,29311,204819,387489,0,8162,5105,47199,400756,447956,1890602
2022-07-14,2022,7,14,port57,Antwerp,Belgium,BEL,12,1,13,3,37,29,66,182459,14856,5787,0,172449,203104,375553,457938,7403,15640,10811,126510,491794,618305,1890603
2022-07-15,2022,7,15,port57,Antwerp,Belgium,BEL,14,2,7,5,33,28,61,181144,41034,11081,600,65372,233860,299233,200090,0,2803,5112,208193,208005,416199,1890604
2022-07-16,2022,7,16,port57,Antwerp,Belgium,BEL,11,3,9,2,36,25,61,246556,58408,6938,0,102068,311903,413971,140073,0,4614,0,85724,144687,230411,1890605
2022-07-17,2022,7,17,port57,Antwerp,Belgium,BEL,15,1,11,3,33,30,63,227865,53671,3546,2782,74251,287865,362117,253435,0,21565,3637,210958,278638,489596,1890606
2022-07-18,2022,7,18,port57,Antwerp,Belgium,BEL,11,4,6,1,41,22,63,107345,13555,2414,0,132941,123314,256256,251003,44222,5252,3246,202878,303724,506602,1890607
2022-07-19,2022,7,19,port57,Antwerp,Belgium,BEL,9,1,13,2,35,25,60,176721,6044,10681,4025,57811,197471,255283,250498,0,8112,1693,154586,260304,414891,1890608
2022-07-20,2022,7,20,port57,Antwerp,Belgium,BEL,10,2,5,3,32,20,52,144892,22957,4254,374,110138,172478,282617,167697,0,3355,3815,80600,174868,255468,1890609
2022-07-21,2022,7,21,port57,Antwerp,Belgium,BEL,12,0,8,4,47,24,71,164678,0,2178,4539,167398,171396,338795,84418,0,13009,4761,66902,102189,169092,1890610
2022-07-22,2022,7,22,port57,Antwerp,Belgium,BEL,11,1,6,5,35,23,58,52922,0,2632,374,161319,55929,217248,269821,0,1639,7013,148582,278475,427058,1890611
2022-07-23,2022,7,23,port57,Antwerp,Belgium,BEL,15,2,5,3,42,25,67,343268,33441,1321,0,142194,378032,520226,297334,35156,6745,2247,116427,341484,457911,1890612
2022-07-24,2022,7,24,port57,Antwerp,Belgium,BEL,10,3,13,1,36,27,63,105180,41397,5940,0,167771,152518,320289,201300,0,7184,0,96276,208485,304762,1890613
2022-07-25,2022,7,25,port57,Antwerp,Belgium,BEL,14,3,9,2,36,28,64,203777,64319,9879,0,116511,277976,394488,229166,0,4883,869,80257,234920,315177,1890614
2022-07-26,2022,7,26,port57,Antwerp,Belgium,BEL,11,2,12,2,36,27,63,578955,0,3669,5291,109996,587917,697913,79365,26230,12789,511,119888,118896,238784,1890615
2022-07-27,2022,7,27,port57,Antwerp,Belgium,BEL,15,2,9,2,35,28,63,643041,0,8049,2990,127629,654081,781710,300996,0,8492,0,102459,309488,411948,1890616
2022-07-28,2022,7,28,port57,Antwerp,Belgium,BEL,9,2,7,2,37,20,57,42095,40864,2784,1028,93026,86773,179799,146647,0,6687,1760,106493,155095,261588,1890617
2022-07-29,2022,7,29,port57,Antwerp,Belgium,BEL,14,6,5,3,32,28,60,87111,110770,14056,741,178731,212679,391410,231400,54337,3383,5406,46407,294527,340935,1890618
2022-07-30,2022,7,30,port57,Antwerp,Belgium,BEL,14,3,12,5,40,34,74,50979,46034,17888,2795,108470,117698,226169,549494,6718,9960,2726,139159,568900,708060,1890619
2022-07-31,2022,7,31,port57,Antwerp,Belgium,BEL,14,1,11,2,26,28,54,374425,4949,3848,6249,50153,389472,439626,181238,0,8416,0,49891,189655,239547,1890620
2022-08-01,2022,8,1,port57,Antwerp,Belgium,BEL,18,2,8,3,39,31,70,304459,28724,2810,374,103660,336368,440028,175866,0,9013,9609,24411,194490,218901,1890621
2022-08-02,2022,8,2,port57,Antwerp,Belgium,BEL,9,2,9,2,48,22,70,39314,33102,2275,844,132367,75537,207905,238025,0,10033,6671,120599,254729,375328,1890622
2022-08-03,2022,8,3,port57,Antwerp,Belgium,BEL,9,2,14,5,38,30,68,171606,121856,5239,2700,106307,301402,407710,316504,0,14503,54,48602,331062,379664,1890623
2022-08-04,2022,8,4,port57,Antwerp,Belgium,BEL,9,2,11,4,36,26,62,42969,14856,4058,0,44186,61884,106070,274215,12221,13890,8191,99634,308519,408153,1890624
2022-08-05,2022,8,5,port57,Antwerp,Belgium,BEL,16,1,9,4,39,30,69,134483,21073,6740,0,90933,162297,253230,260169,0,23763,7655,37206,291589,328795,1890625
2022-08-06,2022,8,6,port57,Antwerp,Belgium,BEL,14,3,7,2,36,26,62,148716,80687,1770,0,98669,231175,329844,260397,31871,6829,0,101377,299098,400475,1890626
2022-08-07,2022,8,7,port57,Antwerp,Belgium,BEL,9,0,7,4,29,20,49,155171,0,4743,0,111670,159915,271585,207415,0,2102,6923,117009,216441,333450,1890627
2022-08-08,2022,8,8,port57,Antwerp,Belgium,BEL,9,0,6,1,33,16,49,97684,0,3175,0,106406,100859,207266,146173,0,6023,4063,34933,156259,191193,1890628
2022-08-09,2022,8,9,port57,Antwerp,Belgium,BEL,12,1,12,2,37,27,64,131077,14856,4896,3604,109025,154434,263460,180830,7403,13454,0,78090,201689,279779,1890629
2022-08-10,2022,8,10,port57,Antwerp,Belgium,BEL,17,0,13,3,30,33,63,312776,0,7521,0,113831,320297,434128,112351,0,15111,9508,101390,136970,238361,1890630
2022-08-11,2022,8,11,port57,Antwerp,Belgium,BEL,8,2,9,1,33,20,53,234374,48228,2926,0,110556,285530,396086,399716,7403,20166,6806,35705,434093,469798,1890631
2022-08-12,2022,8,12,port57,Antwerp,Belgium,BEL,10,3,8,5,34,26,60,266221,46949,21616,1201,156334,335988,492323,335102,0,5641,6250,81867,346994,428862,1890632
2022-08-13,2022,8,13,port57,Antwerp,Belgium,BEL,12,2,8,3,41,25,66,377323,61940,13002,1528,38263,453796,492060,186442,0,1278,7247,133796,194968,328764,1890633
2022-08-14,2022,8,14,port57,Antwerp,Belgium,BEL,15,1,10,3,39,29,68,368259,0,5762,600,79179,374622,453801,290503,0,12653,3779,94263,306935,401198,1890634
2022-08-15,2022,8,15,port57,Antwerp,Belgium,BEL,12,1,9,2,39,24,63,205317,21533,7518,6093,148137,240462,388599,189753,0,3660,2334,77493,195747,273241,1890635
2022-08-16,2022,8,16,port57,Antwerp,Belgium,BEL,10,2,15,2,36,29,65,32460,14856,9117,4891,44377,61326,105704,237646,7403,12551,0,186364,257601,443966,1890636
2022-08-17,2022,8,17,port57,Antwerp,Belgium,BEL,12,1,13,2,27,28,55,101503,0,6251,0,65865,107755,173620,426538,41445,28900,0,56912,496884,553797,1890637
2022-08-18,2022,8,18,port57,Antwerp,Belgium,BEL,13,4,9,2,29,28,57,321148,42890,4876,0,174034,368915,542949,268468,36879,7828,5227,74440,318403,392843,1890638
2022-08-19,2022,8,19,port57,Antwerp,Belgium,BEL,11,1,10,4,39,26,65,130778,0,1993,4631,217597,137403,355001,260033,0,10641,0,107340,270675,378015,1890639
2022-08-20,2022,8,20,port57,Antwerp,Belgium,BEL,17,1,9,2,38,29,67,84814,52346,2726,0,92769,139886,232655,289421,0,8284,4790,86468,302497,388965,1890640
2022-08-21,2022,8,21,port57,Antwerp,Belgium,BEL,11,3,10,4,38,28,66,702766,70575,2520,267,107448,776130,883578,165954,29590,8802,2760,29711,207108,236819,1890641
2022-08-22,2022,8,22,port57,Antwerp,Belgium,BEL,13,2,14,1,38,30,68,347576,49314,13598,0,125627,410489,536117,107516,0,12118,4340,179286,123975,303261,1890642
2022-08-23,2022,8,23,port57,Antwerp,Belgium,BEL,14,1,10,4,42,29,71,165267,0,2925,963,148981,169156,318137,132814,0,9152,1760,70823,143727,214551,1890643
2022-08-24,2022,8,24,port57,Antwerp,Belgium,BEL,13,5,12,2,26,32,58,122430,54270,9020,267,60971,185988,246959,315977,58431,17978,0,24839,392387,417227,1890644
2022-08-25,2022,8,25,port57,Antwerp,Belgium,BEL,10,3,13,1,30,27,57,215952,29605,6824,600,89892,252983,342875,170003,0,5860,966,162007,176830,338837,1890645
2022-08-26,2022,8,26,port57,Antwerp,Belgium,BEL,10,3,5,5,32,23,55,111821,25972,1321,0,70935,139114,210050,233418,7403,4054,0,147271,244876,392148,1890646
2022-08-27,2022,8,27,port57,Antwerp,Belgium,BEL,9,1,10,3,44,23,67,262906,30761,5511,1159,124661,300338,425000,332884,0,9184,0,129843,342069,471912,1890647
2022-08-28,2022,8,28,port57,Antwerp,Belgium,BEL,10,1,10,1,32,22,54,303132,21580,4394,0,74124,329107,403231,64388,0,8948,0,37980,73337,111317,1890648
2022-08-29,2022,8,29,port57,Antwerp,Belgium,BEL,10,0,6,0,30,16,46,81972,0,1821,0,63370,83794,147165,72488,0,4127,0,69887,76616,146503,1890649
2022-08-30,2022,8,30,port57,Antwerp,Belgium,BEL,11,1,12,4,36,28,64,257487,61170,7178,2060,290328,327897,618225,317344,0,11187,3347,108563,331879,440442,1890650
2022-08-31,2022,8,31,port57,Antwerp,Belgium,BEL,16,3,11,2,30,32,62,252520,14382,4347,0,46228,271251,317479,320664,31281,16626,4074,66900,372647,439547,1890651
2022-09-01,2022,9,1,port57,Antwerp,Belgium,BEL,12,0,10,1,39,23,62,41100,0,32768,0,101810,73869,175680,451445,0,11306,1743,228102,464494,692597,1890652
2022-09-02,2022,9,2,port57,Antwerp,Belgium,BEL,14,3,7,2,38,26,64,324917,0,4027,0,148901,328945,477847,106370,78906,3804,0,38945,189081,228026,1890653
2022-09-03,2022,9,3,port57,Antwerp,Belgium,BEL,11,3,10,3,35,27,62,74820,69721,9709,748,107878,155000,262879,147740,0,9589,3521,107852,160850,268703,1890654
2022-09-04,2022,9,4,port57,Antwerp,Belgium,BEL,12,4,6,4,24,26,50,68660,189985,1758,1836,74224,262241,336465,317035,41881,3979,8243,80212,371140,451352,1890655
2022-09-05,2022,9,5,port57,Antwerp,Belgium,BEL,6,3,13,3,37,25,62,48605,59369,10073,2010,229720,120059,349780,74583,0,26305,2370,43812,103259,147072,1890656
2022-09-06,2022,9,6,port57,Antwerp,Belgium,BEL,14,1,9,4,34,28,62,231161,0,7539,748,37076,239449,276526,553273,0,4971,9763,106149,568008,674158,1890657
2022-09-07,2022,9,7,port57,Antwerp,Belgium,BEL,15,1,7,2,34,25,59,100832,1384,7246,374,126186,109838,236024,271552,0,2853,1760,164924,276166,441090,1890658
2022-09-08,2022,9,8,port57,Antwerp,Belgium,BEL,13,1,12,1,42,27,69,135748,14856,3965,2593,64062,157163,221225,210082,7403,16212,0,45724,233698,279423,1890659
2022-09-09,2022,9,9,port57,Antwerp,Belgium,BEL,13,1,6,3,41,23,64,274831,35558,2157,654,165906,313202,479108,388440,0,5559,3564,45611,397564,443175,1890660
2022-09-10,2022,9,10,port57,Antwerp,Belgium,BEL,10,0,6,3,35,19,54,99235,0,2880,0,160079,102115,262194,84667,0,6520,3971,46633,95159,141792,1890661
2022-09-11,2022,9,11,port57,Antwerp,Belgium,BEL,9,0,10,2,23,21,44,256050,0,7717,0,49605,263767,313373,86440,0,7741,3144,81304,97325,178629,1890662
2022-09-12,2022,9,12,port57,Antwerp,Belgium,BEL,10,2,7,3,38,22,60,303937,37087,3400,3627,90981,348052,439034,175165,0,3254,420,163018,178839,341858,1890663
2022-09-13,2022,9,13,port57,Antwerp,Belgium,BEL,17,0,7,1,26,25,51,455309,0,2639,0,71987,457948,529936,359746,0,5433,0,33332,365179,398512,1890664
2022-09-14,2022,9,14,port57,Antwerp,Belgium,BEL,11,1,12,2,39,26,65,83748,0,4282,374,44142,88405,132548,272199,45995,12346,5316,180818,335858,516676,1890665
2022-09-15,2022,9,15,port57,Antwerp,Belgium,BEL,14,3,10,4,44,31,75,320073,10521,5604,0,54075,336199,390274,305554,42639,14729,7247,106478,370170,476648,1890666
2022-09-16,2022,9,16,port57,Antwerp,Belgium,BEL,8,3,5,5,43,21,64,165264,43828,3080,0,171354,212173,383528,52139,55670,5243,10912,54795,123965,178761,1890667
2022-09-17,2022,9,17,port57,Antwerp,Belgium,BEL,8,1,9,1,23,19,42,69335,33214,3640,374,40233,106565,146799,186916,0,9074,1760,44452,197751,242204,1890668
2022-09-18,2022,9,18,port57,Antwerp,Belgium,BEL,13,2,7,5,40,27,67,330215,62502,4513,3531,232657,400762,633420,320279,0,2316,7381,106860,329977,436837,1890669
2022-09-19,2022,9,19,port57,Antwerp,Belgium,BEL,16,3,8,1,40,28,68,171603,6262,8386,0,308383,186252,494636,179577,0,2376,0,103069,181954,285023,1890670
2022-09-20,2022,9,20,port57,Antwerp,Belgium,BEL,13,1,12,4,30,30,60,452910,0,5053,10415,164686,468379,633065,223379,0,8569,5014,149027,236963,385990,1890671
2022-09-21,2022,9,21,port57,Antwerp,Belgium,BEL,15,2,13,2,43,32,75,270880,65574,8199,0,82314,344654,426968,307043,0,14101,1356,202140,322501,524642,1890672
2022-09-22,2022,9,22,port57,Antwerp,Belgium,BEL,13,0,7,1,34,21,55,189011,0,1321,0,127372,190333,317705,199902,0,10198,0,67814,210100,277915,1890673
2022-09-23,2022,9,23,port57,Antwerp,Belgium,BEL,13,1,6,5,47,25,72,48951,0,0,710,176650,49662,226313,337941,36648,6887,4805,129283,386282,515566,1890674
2022-09-24,2022,9,24,port57,Antwerp,Belgium,BEL,12,4,10,3,35,29,64,63050,104524,15958,1163,76853,184697,261550,304671,10991,2820,5383,135828,323867,459696,1890675
2022-09-25,2022,9,25,port57,Antwerp,Belgium,BEL,13,1,7,3,38,24,62,279379,0,3946,4187,64527,287512,352040,294467,32861,17945,4608,57877,349882,407760,1890676
2022-09-26,2022,9,26,port57,Antwerp,Belgium,BEL,13,3,12,4,45,32,77,529270,74641,5330,2948,137065,612190,749256,284220,28253,6323,3544,119704,322342,442047,1890677
2022-09-27,2022,9,27,port57,Antwerp,Belgium,BEL,10,3,10,0,35,23,58,246044,0,5049,0,55401,251094,306495,335685,63269,5563,0,162490,404518,567008,1890678
2022-09-28,2022,9,28,port57,Antwerp,Belgium,BEL,15,3,9,2,36,29,65,531402,32179,2095,2052,56810,567729,624540,166949,0,7474,0,93930,174424,268354,1890679
2022-09-29,2022,9,29,port57,Antwerp,Belgium,BEL,15,1,12,3,37,31,68,68123,0,4636,600,101047,73361,174408,298525,0,16406,2217,69321,317149,386471,1890680
2022-09-30,2022,9,30,port57,Antwerp,Belgium,BEL,11,3,5,4,32,23,55,126477,0,0,600,218287,127078,345366,116374,37514,13838,7474,104677,175201,279878,1890681
2022-10-01,2022,10,1,port57,Antwerp,Belgium,BEL,13,0,7,3,38,23,61,442578,0,7115,0,58680,449694,508374,273298,0,4241,9787,127752,287327,415080,1890682
2022-10-02,2022,10,2,port57,Antwerp,Belgium,BEL,11,2,10,3,25,26,51,54031,18897,3830,267,114903,77027,191930,241244,0,16045,4015,69525,261305,330830,1890683
2022-10-03,2022,10,3,port57,Antwerp,Belgium,BEL,11,2,11,1,38,25,63,127785,16354,11443,374,167202,155958,323160,103501,0,5502,1760,64280,110764,175044,1890684
2022-10-04,2022,10,4,port57,Antwerp,Belgium,BEL,13,2,10,3,29,28,57,373673,33889,18930,7742,80852,434235,515087,418269,0,6784,2247,162888,427301,590189,1890685
2022-10-05,2022,10,5,port57,Antwerp,Belgium,BEL,12,1,14,1,27,28,55,109488,8988,7813,0,168410,126291,294701,191565,0,15312,0,151670,206878,358548,1890686
2022-10-06,2022,10,6,port57,Antwerp,Belgium,BEL,15,2,13,2,29,32,61,314505,25878,6847,0,72923,347231,420154,172434,35105,8617,8499,28064,224656,252721,1890687
2022-10-07,2022,10,7,port57,Antwerp,Belgium,BEL,12,2,10,4,34,28,62,61335,2190,5659,0,68841,69184,138025,215467,0,18475,14857,48265,248800,297066,1890688
2022-10-08,2022,10,8,port57,Antwerp,Belgium,BEL,15,3,9,0,36,27,63,255490,0,12652,0,228174,268142,496316,215350,28628,5674,0,121513,249652,371165,1890689
2022-10-09,2022,10,9,port57,Antwerp,Belgium,BEL,16,1,8,2,40,27,67,367192,0,4403,600,131408,372196,503604,321560,12188,4476,966,179404,339191,518595,1890690
2022-10-10,2022,10,10,port57,Antwerp,Belgium,BEL,13,1,8,0,36,22,58,58074,0,4919,0,101404,62994,164399,251446,0,7778,0,74449,259224,333673,1890691
2022-10-11,2022,10,11,port57,Antwerp,Belgium,BEL,18,3,10,5,27,36,63,471828,14856,5652,6558,22513,498896,521410,257684,29864,8473,2287,208879,298309,507189,1890692
2022-10-12,2022,10,12,port57,Antwerp,Belgium,BEL,15,3,8,3,35,29,64,214688,138554,2307,1026,91841,356577,448418,268757,0,7055,4509,148747,280321,429069,1890693
2022-10-13,2022,10,13,port57,Antwerp,Belgium,BEL,12,2,12,5,34,31,65,173003,27542,7263,0,108294,207809,316104,307665,0,6873,9171,38478,323710,362189,1890694
2022-10-14,2022,10,14,port57,Antwerp,Belgium,BEL,13,0,10,4,39,27,66,38058,0,8201,0,135410,46260,181671,236167,0,7439,6471,189091,250078,439169,1890695
2022-10-15,2022,10,15,port57,Antwerp,Belgium,BEL,15,1,7,2,33,25,58,193115,0,2053,4626,112727,199794,312522,341632,68407,19421,966,111236,430427,541663,1890696
2022-10-16,2022,10,16,port57,Antwerp,Belgium,BEL,10,2,7,0,38,19,57,5893,14856,1180,0,114428,21930,136358,350683,10994,8664,0,122587,370342,492930,1890697
2022-10-17,2022,10,17,port57,Antwerp,Belgium,BEL,10,1,8,3,29,22,51,54139,5878,5338,1369,65649,66726,132375,172477,0,6404,2745,26363,181627,207991,1890698
2022-10-18,2022,10,18,port57,Antwerp,Belgium,BEL,12,0,14,0,19,26,45,343761,0,7374,0,89553,351135,440689,156290,0,8828,0,205523,165118,370642,1890699
2022-10-19,2022,10,19,port57,Antwerp,Belgium,BEL,12,3,8,2,27,25,52,251381,30463,855,3787,43026,286488,329514,160457,0,9847,0,194810,170305,365115,1890700
2022-10-20,2022,10,20,port57,Antwerp,Belgium,BEL,16,3,18,3,36,40,76,179741,14856,7693,7986,45439,210278,255718,490419,7403,27055,3131,58311,528009,586321,1890701
2022-10-21,2022,10,21,port57,Antwerp,Belgium,BEL,10,5,5,5,43,25,68,237634,56671,0,1690,176526,295995,472522,144705,54013,9615,11503,97417,219838,317255,1890702
2022-10-22,2022,10,22,port57,Antwerp,Belgium,BEL,10,0,9,2,27,21,48,116112,0,6775,4869,131519,127757,259276,188461,0,7026,2569,68254,198056,266311,1890703
2022-10-23,2022,10,23,port57,Antwerp,Belgium,BEL,16,0,10,2,19,28,47,199298,0,10782,374,152912,210455,363367,270896,0,3938,1760,12566,276595,289161,1890704
2022-10-24,2022,10,24,port57,Antwerp,Belgium,BEL,10,2,9,3,28,24,52,64905,0,5510,748,135261,71164,206425,45780,0,6762,3943,26411,56486,82897,1890705
2022-10-25,2022,10,25,port57,Antwerp,Belgium,BEL,12,2,8,3,31,25,56,170739,0,2779,6034,64129,179552,243682,277395,37419,30277,0,99354,345092,444446,1890706
2022-10-26,2022,10,26,port57,Antwerp,Belgium,BEL,14,3,11,3,43,31,74,115205,42329,8853,5239,61205,171628,232833,426110,59965,13988,2915,148117,502979,651097,1890707
2022-10-27,2022,10,27,port57,Antwerp,Belgium,BEL,11,3,7,1,40,22,62,264984,73823,2360,0,105233,341168,446402,144770,0,8649,0,222783,153419,376203,1890708
2022-10-28,2022,10,28,port57,Antwerp,Belgium,BEL,10,2,0,3,29,15,44,110342,61208,0,0,55496,171551,227047,233683,0,0,5651,118562,239335,357898,1890709
2022-10-29,2022,10,29,port57,Antwerp,Belgium,BEL,15,2,10,3,41,30,71,195785,19637,12017,4025,98616,231466,330082,174594,0,13958,4949,208962,193502,402465,1890710
2022-10-30,2022,10,30,port57,Antwerp,Belgium,BEL,14,1,7,1,35,23,58,248095,66466,9681,0,128258,324243,452502,227835,0,620,0,23608,228456,252064,1890711
2022-10-31,2022,10,31,port57,Antwerp,Belgium,BEL,8,3,10,2,31,23,54,247288,0,8155,2528,184004,257972,441977,292500,13647,7256,648,59744,314052,373796,1890712
2022-11-01,2022,11,1,port57,Antwerp,Belgium,BEL,11,1,7,2,32,21,53,174782,22554,1180,374,135484,198891,334376,143271,0,16950,2232,42736,162454,205191,1890713
2022-11-02,2022,11,2,port57,Antwerp,Belgium,BEL,16,1,9,2,41,28,69,325572,0,6050,600,154277,332223,486501,129971,0,9326,1233,74616,140531,215147,1890714
2022-11-03,2022,11,3,port57,Antwerp,Belgium,BEL,11,2,10,3,37,26,63,410786,10408,5647,374,163301,427216,590518,284033,32016,7592,11591,95569,335233,430803,1890715
2022-11-04,2022,11,4,port57,Antwerp,Belgium,BEL,10,0,4,5,42,19,61,55140,0,4618,4375,139289,64134,203424,100688,0,5052,4353,289802,110095,399897,1890716
2022-11-05,2022,11,5,port57,Antwerp,Belgium,BEL,10,1,7,2,33,20,53,265931,32265,6108,3604,62116,307909,370026,195967,0,4142,0,106900,200110,307010,1890717
2022-11-06,2022,11,6,port57,Antwerp,Belgium,BEL,12,0,4,3,34,19,53,197150,0,2929,0,93694,200079,293774,239542,0,2431,3071,113108,245046,358154,1890718
2022-11-07,2022,11,7,port57,Antwerp,Belgium,BEL,10,1,8,3,43,22,65,117028,8049,5909,4025,80590,135012,215602,439918,0,3220,6570,139023,449708,588731,1890719
2022-11-08,2022,11,8,port57,Antwerp,Belgium,BEL,10,1,6,0,32,17,49,196408,4852,1912,0,55964,203172,259137,240229,0,17718,0,58560,257947,316508,1890720
2022-11-09,2022,11,9,port57,Antwerp,Belgium,BEL,10,1,10,1,41,22,63,105492,0,2084,0,86500,107576,194077,96998,0,10485,0,68294,107483,175778,1890721
2022-11-10,2022,11,10,port57,Antwerp,Belgium,BEL,11,1,4,4,31,20,51,29110,11115,590,975,179168,41790,220959,205642,0,1906,4263,72044,211813,283858,1890722
2022-11-11,2022,11,11,port57,Antwerp,Belgium,BEL,16,1,8,3,26,28,54,343433,11565,3822,600,80356,359422,439779,250588,0,6071,1477,69109,258136,327245,1890723
2022-11-12,2022,11,12,port57,Antwerp,Belgium,BEL,15,1,8,4,32,28,60,403110,0,5028,3078,173398,411217,584615,396667,0,6723,2877,174558,406268,580827,1890724
2022-11-13,2022,11,13,port57,Antwerp,Belgium,BEL,13,1,17,1,32,32,64,153671,25918,10392,0,74207,189982,264189,200098,0,24290,0,72364,224389,296753,1890725
2022-11-14,2022,11,14,port57,Antwerp,Belgium,BEL,12,3,12,2,33,29,62,334951,31649,7395,580,118963,374577,493540,198681,0,10960,2356,131465,211999,343464,1890726
2022-11-15,2022,11,15,port57,Antwerp,Belgium,BEL,13,6,12,2,38,33,71,83765,73813,6390,839,75123,164809,239932,162866,60396,22060,0,65409,245323,310733,1890727
2022-11-16,2022,11,16,port57,Antwerp,Belgium,BEL,13,2,8,3,38,26,64,262623,14856,2643,3353,168256,283477,451733,164506,7403,5576,2576,278981,180062,459044,1890728
2022-11-17,2022,11,17,port57,Antwerp,Belgium,BEL,8,3,11,1,29,23,52,38004,0,4750,600,103173,43355,146528,344756,25590,4527,966,65694,375841,441535,1890729
2022-11-18,2022,11,18,port57,Antwerp,Belgium,BEL,10,0,9,5,36,24,60,27961,0,9766,110,84354,37838,122192,199211,0,11804,11233,84673,222249,306922,1890730
2022-11-19,2022,11,19,port57,Antwerp,Belgium,BEL,10,0,6,7,34,23,57,223951,0,4128,0,86923,228080,315004,170415,0,4776,17820,56808,193012,249820,1890731
2022-11-20,2022,11,20,port57,Antwerp,Belgium,BEL,17,0,6,1,33,24,57,301678,0,1180,0,84770,302858,387629,228476,0,6525,0,170163,235001,405165,1890732
2022-11-21,2022,11,21,port57,Antwerp,Belgium,BEL,9,2,10,2,43,23,66,20724,48802,5354,2667,83858,77548,161407,150262,0,10967,420,295295,161651,456946,1890733
2022-11-22,2022,11,22,port57,Antwerp,Belgium,BEL,14,5,15,3,28,37,65,201452,57713,7343,0,97450,266508,363959,158593,28721,27844,6867,53782,222027,275809,1890734
2022-11-23,2022,11,23,port57,Antwerp,Belgium,BEL,15,1,6,2,24,24,48,208866,0,3218,110,35464,212194,247658,310999,30910,3485,54,37633,345449,383082,1890735
2022-11-24,2022,11,24,port57,Antwerp,Belgium,BEL,12,0,12,1,35,25,60,222512,0,3768,374,102870,226655,329525,299209,0,14204,1760,133922,315174,449097,1890736
2022-11-25,2022,11,25,port57,Antwerp,Belgium,BEL,9,3,9,2,36,23,59,123420,58657,2383,0,186178,184461,370640,191027,44311,11373,4495,94058,251208,345266,1890737
2022-11-26,2022,11,26,port57,Antwerp,Belgium,BEL,6,1,3,2,37,12,49,19002,0,590,267,144058,19859,163917,347449,0,2413,0,146121,349863,495984,1890738
2022-11-27,2022,11,27,port57,Antwerp,Belgium,BEL,8,3,7,1,29,19,48,94703,48793,3813,600,80664,147912,228576,92150,36446,6613,966,113479,136177,249656,1890739
2022-11-28,2022,11,28,port57,Antwerp,Belgium,BEL,14,2,10,2,31,28,59,332241,4614,2922,4063,138110,343841,481952,101970,0,9755,514,130610,112240,242850,1890740
2022-11-29,2022,11,29,port57,Antwerp,Belgium,BEL,17,1,11,1,35,30,65,153150,14856,5814,0,66089,173821,239910,371666,7403,10935,422,67994,390428,458423,1890741
2022-11-30,2022,11,30,port57,Antwerp,Belgium,BEL,9,2,9,3,29,23,52,155405,6572,3548,0,48493,165526,214019,147477,0,10445,7199,91924,165122,257047,1890742
2022-12-01,2022,12,1,port57,Antwerp,Belgium,BEL,18,2,11,3,43,34,77,161520,33269,2053,3198,250608,200040,450649,461314,7567,17097,4576,103145,490554,593699,1890743
2022-12-02,2022,12,2,port57,Antwerp,Belgium,BEL,7,1,10,6,36,24,60,176553,36369,6874,1488,119126,221286,340412,68662,0,11564,4036,100590,84263,184853,1890744
2022-12-03,2022,12,3,port57,Antwerp,Belgium,BEL,14,2,6,2,42,24,66,313885,21449,1321,0,233817,336656,570473,197448,0,8557,5533,174648,211539,386188,1890745
2022-12-04,2022,12,4,port57,Antwerp,Belgium,BEL,13,0,10,2,34,25,59,120168,0,4955,3593,109142,128716,237859,282884,0,12377,0,69639,295262,364901,1890746
2022-12-05,2022,12,5,port57,Antwerp,Belgium,BEL,14,0,5,1,28,20,48,57060,0,2659,0,96068,59719,155788,302870,0,4185,267,58115,307323,365439,1890747
2022-12-06,2022,12,6,port57,Antwerp,Belgium,BEL,14,4,11,3,39,32,71,212673,41382,7471,7774,212961,269303,482264,262606,14250,10807,0,86697,287664,374361,1890748
2022-12-07,2022,12,7,port57,Antwerp,Belgium,BEL,16,1,10,2,36,29,65,299480,0,4949,0,107837,304429,412267,152692,1788,14629,2661,63942,171771,235714,1890749
2022-12-08,2022,12,8,port57,Antwerp,Belgium,BEL,16,4,12,3,35,35,70,151497,23118,10545,484,141183,185645,326828,345193,53246,8017,3002,106613,409460,516073,1890750
2022-12-09,2022,12,9,port57,Antwerp,Belgium,BEL,6,3,6,2,29,17,46,38512,53464,2166,0,109513,94143,203656,97707,0,2396,0,90330,100103,190434,1890751
2022-12-10,2022,12,10,port57,Antwerp,Belgium,BEL,6,2,8,4,28,20,48,33120,0,2499,748,43180,36367,79548,15827,19394,5937,5282,27909,46442,74351,1890752
2022-12-11,2022,12,11,port57,Antwerp,Belgium,BEL,21,1,10,2,36,34,70,289310,4978,23186,374,220674,317849,538523,366486,0,5655,5206,72470,377347,449818,1890753
2022-12-12,2022,12,12,port57,Antwerp,Belgium,BEL,9,2,8,1,33,20,53,46682,0,5333,110,68339,52125,120464,241604,46996,4821,54,79039,293476,372516,1890754
2022-12-13,2022,12,13,port57,Antwerp,Belgium,BEL,19,2,7,3,38,31,69,205448,2241,6969,3137,49436,217796,267233,367328,0,5617,2788,89476,375734,465210,1890755
2022-12-14,2022,12,14,port57,Antwerp,Belgium,BEL,21,3,7,4,30,35,65,166076,0,1912,0,163881,167988,331869,333074,68503,6798,1756,76766,410132,486899,1890756
2022-12-15,2022,12,15,port57,Antwerp,Belgium,BEL,11,2,18,1,37,32,69,94203,0,5991,0,103784,100195,203979,269224,43934,16414,0,94775,329573,424349,1890757
2022-12-16,2022,12,16,port57,Antwerp,Belgium,BEL,11,1,6,4,30,22,52,379998,0,2729,4827,74072,387555,461628,199972,18206,2692,1530,30141,222402,252543,1890758
2022-12-17,2022,12,17,port57,Antwerp,Belgium,BEL,10,2,15,3,30,30,60,234820,40718,24469,374,71974,300382,372357,158259,0,11820,1760,122814,171840,294655,1890759
2022-12-18,2022,12,18,port57,Antwerp,Belgium,BEL,19,1,5,3,24,28,52,465128,0,1321,1018,61129,467469,528598,137868,36408,5224,569,56350,180071,236421,1890760
2022-12-19,2022,12,19,port57,Antwerp,Belgium,BEL,11,0,9,3,34,23,57,132377,0,5320,0,62042,137697,199740,396386,0,4412,1641,49193,402440,451633,1890761
2022-12-20,2022,12,20,port57,Antwerp,Belgium,BEL,13,1,9,1,43,24,67,355423,0,6230,0,115913,361653,477567,175733,12474,4374,1679,221095,194262,415358,1890762
2022-12-21,2022,12,21,port57,Antwerp,Belgium,BEL,12,2,13,3,22,30,52,65215,32573,2598,374,58296,100761,159058,240008,0,37399,5669,110376,283076,393453,1890763
2022-12-22,2022,12,22,port57,Antwerp,Belgium,BEL,13,2,7,2,40,24,64,157924,5468,6920,2957,115292,173271,288564,543697,30882,8450,0,72776,583030,655806,1890764
2022-12-23,2022,12,23,port57,Antwerp,Belgium,BEL,13,1,7,5,30,26,56,190771,0,4620,600,56115,195992,252108,199085,28241,9347,3195,37465,239870,277335,1890765
2022-12-24,2022,12,24,port57,Antwerp,Belgium,BEL,12,1,7,5,26,25,51,256682,0,3782,0,55570,260464,316034,147208,41874,6716,9959,34648,205759,240407,1890766
2022-12-25,2022,12,25,port57,Antwerp,Belgium,BEL,5,1,6,1,40,13,53,19256,0,4095,0,179904,23351,203256,103072,28677,5642,0,112775,137393,250168,1890767
2022-12-26,2022,12,26,port57,Antwerp,Belgium,BEL,14,1,5,2,29,22,51,202791,0,3589,2343,274938,208724,483663,239887,0,8,0,60747,239896,300643,1890768
2022-12-27,2022,12,27,port57,Antwerp,Belgium,BEL,10,5,5,1,25,21,46,120825,26235,3925,2377,82545,153362,235908,233957,54639,3421,0,63872,292018,355890,1890769
2022-12-28,2022,12,28,port57,Antwerp,Belgium,BEL,11,0,15,2,39,28,67,172147,0,9844,110,87375,182102,269478,134133,0,7519,54,200779,141706,342486,1890770
2022-12-29,2022,12,29,port57,Antwerp,Belgium,BEL,13,3,3,1,23,20,43,391669,41304,590,0,64496,433564,498060,341337,0,2381,0,51008,343718,394727,1890771
2022-12-30,2022,12,30,port57,Antwerp,Belgium,BEL,10,1,6,3,34,20,54,569122,0,2665,4761,185914,576549,762463,55663,23706,3258,1884,23514,84513,108027,1890772
2022-12-31,2022,12,31,port57,Antwerp,Belgium,BEL,12,0,5,2,30,19,49,51643,0,731,600,127970,52976,180946,430078,0,4850,2240,45724,437169,482893,1890773
2023-01-01,2023,1,1,port57,Antwerp,Belgium,BEL,6,0,7,2,25,15,40,47086,0,5634,374,105734,53095,158829,40220,0,2198,2784,92859,45203,138063,1890774
2023-01-02,2023,1,2,port57,Antwerp,Belgium,BEL,7,5,10,1,36,23,59,256688,93974,7384,0,131617,358047,489664,57824,3959,10431,3131,99873,75347,175220,1890775
2023-01-03,2023,1,3,port57,Antwerp,Belgium,BEL,9,1,13,5,32,28,60,77163,0,14888,6711,39495,98763,138259,179927,0,9883,6900,34924,196712,231636,1890776
2023-01-04,2023,1,4,port57,Antwerp,Belgium,BEL,14,4,6,4,35,28,63,209768,40498,1456,0,61646,251723,313370,98031,9836,10386,3479,155032,121735,276767,1890777
2023-01-05,2023,1,5,port57,Antwerp,Belgium,BEL,13,2,6,4,42,25,67,190516,38275,2530,2913,75541,234235,309776,197419,0,3243,5028,79015,205691,284707,1890778
2023-01-06,2023,1,6,port57,Antwerp,Belgium,BEL,12,2,7,2,35,23,58,323573,5782,8355,0,36427,337710,374138,347622,0,5251,5087,114470,357961,472431,1890779
2023-01-07,2023,1,7,port57,Antwerp,Belgium,BEL,15,3,10,2,35,30,65,112360,136990,6165,748,248882,256266,505148,247487,0,12334,3521,76750,263342,340093,1890780
2023-01-08,2023,1,8,port57,Antwerp,Belgium,BEL,14,1,10,3,26,28,54,438589,0,13058,600,85125,452247,537373,205271,0,3502,4545,84961,213319,298281,1890781
2023-01-09,2023,1,9,port57,Antwerp,Belgium,BEL,10,3,6,1,33,20,53,238289,141706,1912,0,139231,381907,521139,195852,0,24423,1948,63585,222225,285810,1890782
2023-01-10,2023,1,10,port57,Antwerp,Belgium,BEL,16,1,12,3,34,32,66,133041,0,8896,4025,130900,145963,276864,323435,0,12301,267,29777,336003,365781,1890783
2023-01-11,2023,1,11,port57,Antwerp,Belgium,BEL,11,0,3,2,27,16,43,181359,0,1837,0,89971,183196,273168,108153,0,1481,4596,90685,114231,204917,1890784
2023-01-12,2023,1,12,port57,Antwerp,Belgium,BEL,8,1,4,1,33,14,47,21796,10313,3905,0,240077,36015,276093,373717,0,310,1024,126558,375051,501610,1890785
2023-01-13,2023,1,13,port57,Antwerp,Belgium,BEL,10,0,6,3,33,19,52,138029,0,1947,109,128865,140086,268952,188603,0,5191,4305,162704,198101,360805,1890786
2023-01-14,2023,1,14,port57,Antwerp,Belgium,BEL,13,1,4,2,31,20,51,353744,0,1348,3704,101430,358797,460227,124202,34275,4169,0,239786,162647,402434,1890787
2023-01-15,2023,1,15,port57,Antwerp,Belgium,BEL,15,2,8,4,25,29,54,131506,28487,6408,4774,87771,171175,258947,324837,7403,5195,3521,39358,340957,380315,1890788
2023-01-16,2023,1,16,port57,Antwerp,Belgium,BEL,8,3,8,1,37,20,57,59017,0,9936,0,148553,68953,217506,245728,0,620,0,78254,246348,324603,1890789
2023-01-17,2023,1,17,port57,Antwerp,Belgium,BEL,12,4,11,1,34,28,62,157187,62394,5054,0,112709,224635,337344,143173,72232,8287,2823,62939,226516,289455,1890790
2023-01-18,2023,1,18,port57,Antwerp,Belgium,BEL,16,0,12,2,34,30,64,149713,0,8598,0,115750,158312,274063,283951,0,10965,870,93982,295788,389770,1890791
2023-01-19,2023,1,19,port57,Antwerp,Belgium,BEL,13,0,5,4,35,22,57,327433,0,1180,374,138132,328987,467120,141384,0,5608,4752,93372,151746,245118,1890792
2023-01-20,2023,1,20,port57,Antwerp,Belgium,BEL,9,2,10,4,38,25,63,193647,55781,5467,0,188277,254896,443173,258013,0,8220,8391,150695,274625,425321,1890793
2023-01-21,2023,1,21,port57,Antwerp,Belgium,BEL,8,1,7,2,38,18,56,107364,0,5298,4641,121400,117303,238704,130296,43674,2138,1750,166218,177860,344079,1890794
2023-01-22,2023,1,22,port57,Antwerp,Belgium,BEL,14,0,10,1,26,25,51,339607,0,5438,374,69475,345420,414895,225970,0,10861,1760,84065,238592,322657,1890795
2023-01-23,2023,1,23,port57,Antwerp,Belgium,BEL,14,0,11,2,40,27,67,135930,0,9388,3214,109564,148534,258099,211626,0,10487,1311,179052,223426,402478,1890796
2023-01-24,2023,1,24,port57,Antwerp,Belgium,BEL,12,2,12,2,32,28,60,248840,2917,5037,710,109408,257505,366914,305122,0,17547,1020,97480,323690,421171,1890797
2023-01-25,2023,1,25,port57,Antwerp,Belgium,BEL,13,2,11,3,34,29,63,116621,66605,3954,3604,161348,190786,352134,244491,27427,7771,0,145215,279690,424906,1890798
2023-01-26,2023,1,26,port57,Antwerp,Belgium,BEL,14,3,13,3,34,33,67,30679,77985,9730,4166,49595,122562,172157,416038,7403,10283,5274,64610,439000,503610,1890799
2023-01-27,2023,1,27,port57,Antwerp,Belgium,BEL,11,1,5,4,37,21,58,179489,28902,6035,2767,153360,217194,370554,112761,0,6929,6465,172414,126156,298570,1890800
2023-01-28,2023,1,28,port57,Antwerp,Belgium,BEL,16,4,12,4,35,36,71,202218,95315,13667,2343,200433,313545,513979,366490,28856,9025,4381,52543,408753,461296,1890801
2023-01-29,2023,1,29,port57,Antwerp,Belgium,BEL,11,0,5,3,30,19,49,114622,0,5713,0,74523,120335,194859,174258,0,1572,6383,90344,182214,272559,1890802
2023-01-30,2023,1,30,port57,Antwerp,Belgium,BEL,8,3,8,3,35,22,57,176196,32110,6166,4025,97621,218498,316119,97752,0,7937,10232,97498,115922,213420,1890803
2023-01-31,2023,1,31,port57,Antwerp,Belgium,BEL,11,3,8,1,26,23,49,177988,126842,3965,0,114369,308795,423165,259966,0,8802,0,84241,268769,353010,1890804
2023-02-01,2023,2,1,port57,Antwerp,Belgium,BEL,15,1,10,4,46,30,76,417331,28751,2432,374,126510,448889,575399,258841,0,17272,5976,138774,282090,420864,1890805
2023-02-02,2023,2,2,port57,Antwerp,Belgium,BEL,5,2,8,3,38,18,56,9654,14856,1770,2040,215946,28322,244268,129001,7403,15271,0,89473,151676,241150,1890806
2023-02-03,2023,2,3,port57,Antwerp,Belgium,BEL,17,2,9,2,29,30,59,302713,31547,3601,374,51135,338237,389372,193711,0,17426,6207,69434,217346,286780,1890807
2023-02-04,2023,2,4,port57,Antwerp,Belgium,BEL,9,4,8,6,27,27,54,86205,68872,2490,2513,180950,160082,341032,42985,96940,5837,6101,136287,151864,288152,1890808
2023-02-05,2023,2,5,port57,Antwerp,Belgium,BEL,16,1,10,2,30,29,59,301651,43142,7517,0,161278,352311,513589,194037,0,5252,4409,58580,203699,262280,1890809
2023-02-06,2023,2,6,port57,Antwerp,Belgium,BEL,8,3,6,3,40,20,60,71277,129660,6411,110,112974,207459,320433,234708,0,4431,6772,46074,245912,291986,1890810
2023-02-07,2023,2,7,port57,Antwerp,Belgium,BEL,13,1,10,4,32,28,60,56361,0,6394,748,177705,63504,241210,243485,28482,8624,3521,150176,284113,434289,1890811
2023-02-08,2023,2,8,port57,Antwerp,Belgium,BEL,11,1,7,1,26,20,46,181315,0,2212,0,58370,183527,241897,236849,32455,9745,0,123196,279050,402246,1890812
2023-02-09,2023,2,9,port57,Antwerp,Belgium,BEL,14,0,7,1,45,22,67,403118,0,6191,0,92805,409309,502115,149373,0,4365,0,192229,153739,345968,1890813
2023-02-10,2023,2,10,port57,Antwerp,Belgium,BEL,13,2,7,5,31,27,58,88560,57495,1180,0,55085,147237,202322,388751,0,4673,13113,30190,406538,436729,1890814
2023-02-11,2023,2,11,port57,Antwerp,Belgium,BEL,11,2,5,3,45,21,66,209941,0,2053,748,356272,212744,569016,213053,70248,4002,6082,89025,293387,382413,1890815
2023-02-12,2023,2,12,port57,Antwerp,Belgium,BEL,14,1,7,5,33,27,60,252529,0,4430,4451,156500,261411,417912,131241,11585,3811,7029,178137,153667,331804,1890816
2023-02-13,2023,2,13,port57,Antwerp,Belgium,BEL,13,3,12,2,37,30,67,305998,40253,8344,0,300295,354596,654891,291508,9869,6284,4516,47045,312178,359224,1890817
2023-02-14,2023,2,14,port57,Antwerp,Belgium,BEL,11,2,12,5,32,30,62,117412,13541,7628,6266,148873,144848,293722,187612,0,15605,5083,83702,208301,292004,1890818
2023-02-15,2023,2,15,port57,Antwerp,Belgium,BEL,13,2,7,3,31,25,56,269650,34728,2502,869,115702,307751,423453,250056,0,6044,0,97802,256100,353902,1890819
2023-02-16,2023,2,16,port57,Antwerp,Belgium,BEL,15,1,12,1,25,29,54,69417,14856,3546,0,90462,87820,178282,251922,7403,14407,0,114584,273734,388318,1890820
2023-02-17,2023,2,17,port57,Antwerp,Belgium,BEL,11,0,8,4,27,23,50,403665,0,3571,1201,67754,408438,476192,322414,0,11043,5519,118296,338977,457273,1890821
2023-02-18,2023,2,18,port57,Antwerp,Belgium,BEL,14,1,3,4,34,22,56,184832,56486,1148,0,66102,242466,308569,232405,0,2416,8982,103425,243805,347231,1890822
2023-02-19,2023,2,19,port57,Antwerp,Belgium,BEL,10,5,12,1,36,28,64,196966,28726,21024,0,48239,246716,294955,99378,63397,7749,0,71717,170526,242244,1890823
2023-02-20,2023,2,20,port57,Antwerp,Belgium,BEL,14,2,11,3,39,30,69,153778,8604,6131,1924,105542,170439,275982,240047,34525,26318,5367,75151,306259,381411,1890824
2023-02-21,2023,2,21,port57,Antwerp,Belgium,BEL,12,1,9,2,30,24,54,69560,35679,8009,484,66652,113733,180386,116141,0,8023,1814,105588,125979,231568,1890825
2023-02-22,2023,2,22,port57,Antwerp,Belgium,BEL,12,2,7,2,28,23,51,23733,30859,1912,0,114291,56504,170796,410953,13147,5141,0,19862,429242,449105,1890826
2023-02-23,2023,2,23,port57,Antwerp,Belgium,BEL,14,3,11,2,35,30,65,243441,31892,3608,267,148971,279209,428181,299071,21255,13648,4190,122189,338165,460355,1890827
2023-02-24,2023,2,24,port57,Antwerp,Belgium,BEL,15,1,8,3,34,27,61,245342,0,4390,0,59499,249732,309232,327971,27912,2930,8197,110539,367012,477552,1890828
2023-02-25,2023,2,25,port57,Antwerp,Belgium,BEL,11,1,7,2,38,21,59,45898,79351,3360,456,249638,129067,378706,351827,0,23543,512,105790,375883,481673,1890829
2023-02-26,2023,2,26,port57,Antwerp,Belgium,BEL,13,0,10,4,27,27,54,236006,0,7658,600,66673,244266,310939,140384,0,9396,6840,39282,156622,195904,1890830
2023-02-27,2023,2,27,port57,Antwerp,Belgium,BEL,14,1,12,1,36,28,64,314084,0,10591,267,78029,324942,402971,160434,0,5964,0,92487,166398,258886,1890831
2023-02-28,2023,2,28,port57,Antwerp,Belgium,BEL,13,1,4,2,42,20,62,153161,13700,1403,374,146628,168640,315269,284627,0,3084,1760,171831,289473,461304,1890832
2023-03-01,2023,3,1,port57,Antwerp,Belgium,BEL,12,0,9,2,34,23,57,153608,0,8210,0,102012,161818,263831,123367,0,3438,1803,57840,128608,186448,1890833
2023-03-02,2023,3,2,port57,Antwerp,Belgium,BEL,13,2,12,3,39,30,69,200433,552,4638,0,91750,205623,297374,264701,41164,7284,5419,125754,318570,444325,1890834
2023-03-03,2023,3,3,port57,Antwerp,Belgium,BEL,12,2,3,1,25,18,43,240027,0,2760,0,89798,242787,332585,270827,34787,9786,4350,152073,319752,471825,1890835
2023-03-04,2023,3,4,port57,Antwerp,Belgium,BEL,10,0,9,0,32,19,51,214123,0,6425,0,225333,220548,445881,111073,0,8620,0,72350,119693,192044,1890836
2023-03-05,2023,3,5,port57,Antwerp,Belgium,BEL,16,1,10,3,31,30,61,261733,34905,5909,0,67655,302548,370204,222817,0,1550,5824,62200,230192,292393,1890837
2023-03-06,2023,3,6,port57,Antwerp,Belgium,BEL,12,0,6,0,28,18,46,0,0,3113,0,56008,3113,59121,375169,0,7191,0,27187,382360,409548,1890838
2023-03-07,2023,3,7,port57,Antwerp,Belgium,BEL,13,4,9,3,38,29,67,200088,114341,7405,2864,133794,324699,458494,50464,0,7066,2817,139406,60348,199755,1890839
2023-03-08,2023,3,8,port57,Antwerp,Belgium,BEL,19,3,7,2,28,31,59,487106,40219,4928,0,100766,532255,633021,242539,11145,20755,3452,66500,277892,344393,1890840
2023-03-09,2023,3,9,port57,Antwerp,Belgium,BEL,16,0,9,2,34,27,61,174962,0,3659,8603,153400,187225,340626,323237,0,8990,0,102220,332227,434448,1890841
2023-03-10,2023,3,10,port57,Antwerp,Belgium,BEL,8,3,2,1,26,14,40,279988,45975,1814,0,14117,327778,341895,127660,0,310,4025,162115,131995,294110,1890842
2023-03-11,2023,3,11,port57,Antwerp,Belgium,BEL,15,3,6,4,36,28,64,234429,14856,12224,398,120269,261909,382178,82914,34253,4140,4916,76496,126224,202720,1890843
2023-03-12,2023,3,12,port57,Antwerp,Belgium,BEL,13,2,6,2,35,23,58,126489,0,2157,0,169719,128646,298366,204748,12488,4482,3058,132148,224777,356925,1890844
2023-03-13,2023,3,13,port57,Antwerp,Belgium,BEL,12,4,15,1,27,32,59,51396,15340,8596,0,195399,75333,270733,429230,37634,17478,3295,41708,487640,529348,1890845
2023-03-14,2023,3,14,port57,Antwerp,Belgium,BEL,13,1,9,3,42,26,68,105356,0,5062,4821,96331,115240,211571,186452,0,12197,4744,193866,203393,397260,1890846
2023-03-15,2023,3,15,port57,Antwerp,Belgium,BEL,10,2,9,2,35,23,58,74226,0,7704,0,149031,81930,230961,256814,0,3977,157,57712,260948,318661,1890847
2023-03-16,2023,3,16,port57,Antwerp,Belgium,BEL,15,2,11,1,33,29,62,168985,0,5029,6829,49959,180844,230803,251049,0,12254,0,264264,263303,527568,1890848
2023-03-17,2023,3,17,port57,Antwerp,Belgium,BEL,12,2,8,3,46,25,71,229614,21760,6033,585,103923,257993,361917,167366,0,4542,1924,69030,173833,242864,1890849
2023-03-18,2023,3,18,port57,Antwerp,Belgium,BEL,12,1,8,2,41,23,64,210676,0,5125,4447,93105,220248,313354,72133,43251,9418,3062,79530,127865,207396,1890850
2023-03-19,2023,3,19,port57,Antwerp,Belgium,BEL,14,0,10,0,29,24,53,187047,0,10158,0,44447,197206,241653,156990,0,19937,0,48996,176927,225924,1890851
2023-03-20,2023,3,20,port57,Antwerp,Belgium,BEL,13,2,14,1,32,30,62,279309,28774,6153,0,76175,314238,390413,330282,11722,13803,6730,45414,362539,407953,1890852
2023-03-21,2023,3,21,port57,Antwerp,Belgium,BEL,11,2,5,5,47,23,70,312698,43979,4282,8178,59841,369138,428980,122181,0,2807,267,137451,125256,262708,1890853
2023-03-22,2023,3,22,port57,Antwerp,Belgium,BEL,16,4,12,1,34,33,67,202947,111647,8084,0,73178,322679,395857,353636,0,9086,0,130961,362722,493684,1890854
2023-03-23,2023,3,23,port57,Antwerp,Belgium,BEL,10,1,12,4,29,27,56,143790,1165,3521,2451,170870,150929,321799,298166,0,11439,8673,103406,318279,421685,1890855
2024-05-15,2024,5,15,port57,Antwerp,Belgium,BEL,15,3,11,3,38,32,70,219176,898,7755,110,154312,227941,382253,143387,30139,9321,54,110720,182901,293622,1890856
2021-02-01,2021,2,1,port57,Antwerp,Belgium,BEL,19,0,9,1,56,29,85,327097,0,8178,600,138306,335876,474183,360023,0,10777,966,124668,371767,496436,1890857
2019-12-28,2019,12,28,port57,Antwerp,Belgium,BEL,10,0,8,3,42,21,63,212638,0,2194,975,95091,215808,310899,147841,0,12616,3211,74826,163669,238496,1890858
2024-05-16,2024,5,16,port57,Antwerp,Belgium,BEL,8,0,12,2,43,22,65,44454,0,5321,0,185759,49776,235536,193039,0,14928,512,191864,208480,400345,1890859
2021-02-02,2021,2,2,port57,Antwerp,Belgium,BEL,10,1,6,3,40,20,60,74582,0,5007,2522,129842,82111,211954,170309,28521,4227,4523,176579,207581,384160,1890860
2019-12-29,2019,12,29,port57,Antwerp,Belgium,BEL,15,0,11,2,35,28,63,267490,0,5267,374,102043,273132,375176,160271,0,17714,2789,37203,180776,217980,1890861
2021-02-03,2021,2,3,port57,Antwerp,Belgium,BEL,12,1,8,1,42,22,64,138182,20754,2993,2045,68681,163975,232656,332833,0,7460,0,79107,340293,419401,1890862
2019-12-30,2019,12,30,port57,Antwerp,Belgium,BEL,11,3,6,3,39,23,62,303268,22330,8239,975,150255,334813,485068,150803,37707,14446,11100,46079,214058,260138,1890863
2024-05-17,2024,5,17,port57,Antwerp,Belgium,BEL,9,0,7,6,38,22,60,142015,0,1321,374,108276,143711,251987,218241,0,13145,13183,110575,244570,355145,1890864
2021-02-04,2021,2,4,port57,Antwerp,Belgium,BEL,13,0,8,3,39,24,63,381747,0,2894,0,63100,384641,447742,366560,0,8036,5403,109183,380001,489184,1890865
2019-12-31,2019,12,31,port57,Antwerp,Belgium,BEL,12,0,7,1,48,20,68,87905,0,1171,0,117288,89076,206365,187456,0,6542,1022,139950,195021,334972,1890866
2024-05-18,2024,5,18,port57,Antwerp,Belgium,BEL,14,3,9,5,36,31,67,197017,112044,7071,3978,107085,320112,427197,332939,0,5615,3941,138387,342496,480883,1890867
2021-02-05,2021,2,5,port57,Antwerp,Belgium,BEL,12,3,8,5,30,28,58,228342,14856,8979,1481,82055,253659,335715,337306,32274,2546,7739,81200,379867,461068,1890868
2020-01-01,2020,1,1,port57,Antwerp,Belgium,BEL,6,1,5,4,35,16,51,86754,0,2343,975,293179,90072,383251,99832,81402,3933,6321,87994,191489,279484,1890869
2024-05-19,2024,5,19,port57,Antwerp,Belgium,BEL,15,1,9,0,37,25,62,203114,30039,3566,0,95126,236720,331846,339153,0,16201,0,82006,355355,437361,1890870
2021-02-06,2021,2,6,port57,Antwerp,Belgium,BEL,15,4,13,3,39,35,74,165287,35369,1321,1866,43044,203845,246890,469979,56017,15410,966,179489,542374,721864,1890871
2020-01-02,2020,1,2,port57,Antwerp,Belgium,BEL,14,1,5,2,35,22,57,335914,26051,5244,0,166861,367210,534071,100961,0,5049,3129,50973,109140,160113,1890872
2024-05-20,2024,5,20,port57,Antwerp,Belgium,BEL,14,1,5,2,39,22,61,523079,27079,5051,2997,58406,558207,616614,127878,0,12294,1760,56980,141934,198914,1890873
2021-02-07,2021,2,7,port57,Antwerp,Belgium,BEL,4,1,6,3,18,14,32,38837,71455,8774,374,13455,119442,132898,38210,0,2890,6117,17925,47217,65143,1890874
2020-01-03,2020,1,3,port57,Antwerp,Belgium,BEL,13,1,9,1,34,24,58,131003,89311,9790,0,128782,230106,358888,237698,0,2412,0,117842,240110,357953,1890875
2024-05-21,2024,5,21,port57,Antwerp,Belgium,BEL,9,2,6,2,37,19,56,261254,51198,4453,0,72792,316906,389698,60118,0,1370,4641,88011,66129,154141,1890876
2021-02-08,2021,2,8,port57,Antwerp,Belgium,BEL,14,1,7,4,47,26,73,502268,10249,1463,0,141862,513980,655842,212840,0,21151,10936,146155,244929,391084,1890877
2020-01-04,2020,1,4,port57,Antwerp,Belgium,BEL,15,0,6,1,45,22,67,100243,0,1492,0,82313,101736,184050,266313,0,6436,4080,70634,276829,347464,1890878
2024-05-22,2024,5,22,port57,Antwerp,Belgium,BEL,11,2,11,3,30,27,57,115889,0,11646,374,168374,127910,296284,71047,0,9837,3021,135453,83906,219359,1890879
2021-02-09,2021,2,9,port57,Antwerp,Belgium,BEL,5,0,13,3,31,21,52,60395,0,9208,3183,63392,72786,136179,193160,0,11541,1455,48067,206157,254224,1890880
2020-01-05,2020,1,5,port57,Antwerp,Belgium,BEL,14,1,8,1,34,24,58,340287,21461,6363,0,134728,368112,502840,161550,0,3370,3362,99536,168283,267820,1890881
2024-05-23,2024,5,23,port57,Antwerp,Belgium,BEL,11,2,12,2,38,27,65,562227,35742,2580,110,50049,600660,650709,393987,35853,14531,54,169575,444427,614002,1890882
2021-02-10,2021,2,10,port57,Antwerp,Belgium,BEL,12,0,7,2,43,21,64,163087,0,5781,0,44807,168868,213675,117227,0,3235,3720,118804,124183,242988,1890883
2020-01-06,2020,1,6,port57,Antwerp,Belgium,BEL,12,1,8,1,40,22,62,322014,26315,6001,374,118776,354705,473482,71126,0,6497,1760,41197,79384,120582,1890884
2024-05-24,2024,5,24,port57,Antwerp,Belgium,BEL,15,2,7,1,39,25,64,376399,24272,5753,2763,243599,409189,652788,224247,476,4186,0,36409,228910,265320,1890885
2021-02-11,2021,2,11,port57,Antwerp,Belgium,BEL,13,1,6,2,46,22,68,267139,258,3061,0,100819,270459,371278,248902,0,3723,9650,131820,262275,394095,1890886
2020-01-07,2020,1,7,port57,Antwerp,Belgium,BEL,16,1,9,3,48,29,77,388042,14856,7903,2763,112652,413566,526218,280663,7403,3079,2368,88768,293515,382284,1890887
2024-05-25,2024,5,25,port57,Antwerp,Belgium,BEL,11,2,4,2,44,19,63,194058,0,1180,3358,76233,198597,274831,355901,26611,1304,0,129196,383817,513014,1890888
2021-02-12,2021,2,12,port57,Antwerp,Belgium,BEL,15,1,11,7,39,34,73,279410,0,8335,600,80528,288346,368875,592595,33603,4471,5927,98904,636597,735501,1890889
2020-01-08,2020,1,8,port57,Antwerp,Belgium,BEL,17,3,9,3,43,32,75,313597,11435,3634,374,163521,329042,492563,168341,31999,6464,2947,43622,209753,253376,1890890
2024-05-26,2024,5,26,port57,Antwerp,Belgium,BEL,16,2,6,1,30,25,55,298951,58690,5540,0,125509,363181,488691,226402,0,1792,0,107358,228194,335553,1890891
2021-02-13,2021,2,13,port57,Antwerp,Belgium,BEL,12,1,11,2,34,26,60,116964,32275,3541,600,161500,153381,314881,251187,0,22007,5184,130141,278379,408520,1890892
2020-01-09,2020,1,9,port57,Antwerp,Belgium,BEL,16,0,5,0,44,21,65,186923,0,3473,0,144491,190397,334888,576135,0,13411,0,224160,589547,813708,1890893
2024-05-27,2024,5,27,port57,Antwerp,Belgium,BEL,12,1,7,3,34,23,57,258719,0,7545,1956,92399,268221,360621,301827,0,2053,1760,33048,305642,338690,1890894
2021-02-14,2021,2,14,port57,Antwerp,Belgium,BEL,12,0,6,8,33,26,59,69998,0,3930,4082,67659,78011,145670,246891,0,5245,2673,163918,254811,418729,1890895
2020-01-10,2020,1,10,port57,Antwerp,Belgium,BEL,12,2,8,2,46,24,70,338717,14856,3752,0,135912,357326,493238,180750,46560,7877,2581,127049,237770,364820,1890896
2024-05-28,2024,5,28,port57,Antwerp,Belgium,BEL,9,1,9,5,26,24,50,48027,0,10853,2466,160658,61347,222005,154577,0,3192,10718,32224,168488,200713,1890897
2021-02-15,2021,2,15,port57,Antwerp,Belgium,BEL,12,1,10,1,39,24,63,58089,19635,6068,0,119304,83793,203098,260578,0,9026,2820,107129,272425,379555,1890898
2020-01-11,2020,1,11,port57,Antwerp,Belgium,BEL,10,0,7,2,35,19,54,102962,0,3886,2763,95272,109612,204885,110117,0,9847,0,36427,119964,156392,1890899
2024-05-29,2024,5,29,port57,Antwerp,Belgium,BEL,14,0,6,3,34,23,57,271833,0,17674,1924,99216,291433,390649,197064,0,12484,3743,136516,213292,349809,1890900
2021-02-16,2021,2,16,port57,Antwerp,Belgium,BEL,11,1,9,7,37,28,65,239436,47568,2931,5239,141141,295175,436316,310124,0,6081,9402,48975,325608,374583,1890901
2020-01-12,2020,1,12,port57,Antwerp,Belgium,BEL,15,2,7,3,35,27,62,114204,88033,3302,2755,173947,208296,382243,245915,0,8211,1534,42237,255661,297899,1890902
2024-05-30,2024,5,30,port57,Antwerp,Belgium,BEL,12,4,12,1,40,29,69,106997,73772,4973,0,275712,185743,461455,262527,0,5207,0,113463,267735,381198,1890903
2021-02-17,2021,2,17,port57,Antwerp,Belgium,BEL,23,3,8,2,45,36,81,437298,789,4219,0,110558,442307,552866,416630,50757,4831,3840,70561,476060,546621,1890904
2020-01-13,2020,1,13,port57,Antwerp,Belgium,BEL,9,1,9,1,37,20,57,156513,53324,5792,0,55525,215631,271157,243278,0,4864,0,63318,248143,311462,1890905
2020-01-14,2020,1,14,port57,Antwerp,Belgium,BEL,14,1,5,6,46,26,72,88722,17765,4369,5618,84831,116475,201307,92651,0,1960,4036,140003,98648,238651,1890906
2020-01-15,2020,1,15,port57,Antwerp,Belgium,BEL,17,0,8,5,35,30,65,120316,0,5242,600,124833,126159,250993,310444,0,2303,2747,47220,315494,362714,1890907
2020-01-16,2020,1,16,port57,Antwerp,Belgium,BEL,15,0,8,0,36,23,59,308903,0,6655,0,146961,315559,462520,241873,0,4735,0,26359,246608,272967,1890908
2020-01-17,2020,1,17,port57,Antwerp,Belgium,BEL,13,2,8,4,41,27,68,146405,14856,3279,0,208696,164542,373238,242341,7403,10161,13712,38278,273619,311898,1890909
2020-01-18,2020,1,18,port57,Antwerp,Belgium,BEL,11,2,5,6,33,24,57,133443,39762,1691,2249,116757,177146,293904,262557,0,6003,11016,65645,279578,345223,1890910
2020-01-19,2020,1,19,port57,Antwerp,Belgium,BEL,16,0,8,0,41,24,65,279575,0,11638,0,90419,291213,381633,274086,0,19203,0,48280,293290,341570,1890911
2020-01-20,2020,1,20,port57,Antwerp,Belgium,BEL,11,2,9,1,42,23,65,155492,0,4273,0,70198,159765,229964,272174,18529,16328,4081,183701,311114,494816,1890912
2020-01-21,2020,1,21,port57,Antwerp,Belgium,BEL,11,0,10,5,28,26,54,247312,0,11395,4453,125191,263161,388352,70382,0,6003,14587,40411,90973,131385,1890913
2020-01-22,2020,1,22,port57,Antwerp,Belgium,BEL,18,0,5,3,35,26,61,240529,0,2785,3538,115113,246853,361967,476334,0,3260,2452,39370,482047,521417,1890914
2020-01-23,2020,1,23,port57,Antwerp,Belgium,BEL,13,0,9,1,44,23,67,342472,0,3969,0,127149,346442,473591,192144,0,9248,4259,65404,205652,271056,1890915
2020-01-24,2020,1,24,port57,Antwerp,Belgium,BEL,18,1,13,3,34,35,69,320435,0,7586,0,82282,328021,410303,462489,51534,16017,10922,199294,540963,740258,1890916
2020-01-25,2020,1,25,port57,Antwerp,Belgium,BEL,11,3,7,4,33,25,58,166112,17540,2936,2103,184201,188693,372894,268137,7403,19196,9070,77389,303808,381197,1890917
2020-01-26,2020,1,26,port57,Antwerp,Belgium,BEL,12,2,8,1,39,23,62,314217,29713,7875,374,68203,352180,420384,298629,14807,6111,1760,57393,321309,378702,1890918
2020-01-27,2020,1,27,port57,Antwerp,Belgium,BEL,11,2,10,1,47,24,71,121099,20033,6900,0,319264,148034,467298,272917,0,9807,0,100953,282724,383678,1890919
2020-01-28,2020,1,28,port57,Antwerp,Belgium,BEL,16,7,11,5,55,39,94,239413,151558,7255,4487,153178,402715,555894,234809,44423,8232,6248,106614,293714,400328,1890920
2020-01-29,2020,1,29,port57,Antwerp,Belgium,BEL,24,4,11,3,52,42,94,220535,44569,6004,3926,232096,275035,507132,492300,22211,12222,4460,195731,531194,726926,1890921
2020-01-30,2020,1,30,port57,Antwerp,Belgium,BEL,17,6,15,2,42,40,82,77655,100416,25453,0,78633,203525,282158,632045,95889,16090,5779,36371,749804,786176,1890922
2020-01-31,2020,1,31,port57,Antwerp,Belgium,BEL,20,9,10,4,43,43,86,397911,108253,2053,0,149316,508217,657534,217803,37019,11654,10353,190275,276830,467105,1890923
2020-02-01,2020,2,1,port57,Antwerp,Belgium,BEL,12,0,2,6,49,20,69,134108,0,686,2586,128247,137381,265628,379404,0,385,7943,234936,387734,622671,1890924
2020-02-02,2020,2,2,port57,Antwerp,Belgium,BEL,14,0,10,4,40,28,68,275552,0,6806,374,200319,282732,483052,321707,0,4174,3804,30374,329685,360060,1890925
2020-02-03,2020,2,3,port57,Antwerp,Belgium,BEL,12,4,14,2,43,32,75,224234,34518,16073,1679,110732,276505,387238,225613,42632,27581,2294,119499,298121,417621,1890926
2020-02-04,2020,2,4,port57,Antwerp,Belgium,BEL,14,0,12,2,37,28,65,294395,0,9483,3558,62767,307437,370204,135932,0,4469,1760,33395,142162,175557,1890927
2020-02-05,2020,2,5,port57,Antwerp,Belgium,BEL,16,1,13,1,48,31,79,242305,11740,5007,0,149953,259053,409007,217585,0,18099,5377,171611,241062,412674,1890928
2020-02-06,2020,2,6,port57,Antwerp,Belgium,BEL,16,0,14,3,37,33,70,112669,0,4821,374,84800,117865,202665,437132,0,8524,7047,29564,452705,482269,1890929
2020-02-07,2020,2,7,port57,Antwerp,Belgium,BEL,10,1,8,3,40,22,62,306600,0,4387,374,54914,311362,366277,240385,0,5631,9396,122754,255413,378167,1890930
2020-02-08,2020,2,8,port57,Antwerp,Belgium,BEL,14,0,9,2,50,25,75,239955,0,4148,2300,280451,246404,526856,240514,0,4400,0,173067,244915,417982,1890931
2020-02-09,2020,2,9,port57,Antwerp,Belgium,BEL,6,2,4,1,33,13,46,102616,2889,1979,0,92028,107485,199514,53890,4185,1359,2805,84193,62242,146435,1890932
2020-02-10,2020,2,10,port57,Antwerp,Belgium,BEL,3,1,6,1,30,11,41,135685,35177,4319,0,22604,175182,197786,15534,0,12507,0,35586,28041,63627,1890933
2020-02-11,2020,2,11,port57,Antwerp,Belgium,BEL,6,0,4,1,21,11,32,249092,0,2982,4447,65275,256522,321797,67947,0,2134,0,18145,70082,88227,1890934
2020-02-12,2020,2,12,port57,Antwerp,Belgium,BEL,13,1,7,1,38,22,60,225726,0,3965,0,71635,229692,301327,544484,33475,9405,0,98568,587366,685934,1890935
2020-02-13,2020,2,13,port57,Antwerp,Belgium,BEL,16,2,9,3,43,30,73,265843,0,15264,600,85183,281708,366892,122899,0,7918,4495,79020,135313,214333,1890936
2020-02-14,2020,2,14,port57,Antwerp,Belgium,BEL,16,0,10,5,40,31,71,253851,0,7300,0,192145,261151,453297,448790,0,5343,13142,42121,467276,509397,1890937
2020-02-15,2020,2,15,port57,Antwerp,Belgium,BEL,12,1,11,5,53,29,82,135183,0,4716,374,230840,140275,371115,157839,0,5245,10776,75922,173861,249784,1890938
2020-02-16,2020,2,16,port57,Antwerp,Belgium,BEL,9,1,5,2,24,17,41,166808,4168,2380,0,118621,173357,291979,128293,0,10737,0,59715,139030,198745,1890939
2020-02-17,2020,2,17,port57,Antwerp,Belgium,BEL,14,2,12,2,37,30,67,161384,0,9909,0,151095,171293,322388,51924,39184,4363,5839,49768,101312,151080,1890940
2020-02-18,2020,2,18,port57,Antwerp,Belgium,BEL,13,2,6,1,33,22,55,288402,6769,3975,0,54444,299147,353591,299659,0,4534,0,44966,304193,349159,1890941
2020-02-19,2020,2,19,port57,Antwerp,Belgium,BEL,16,1,9,2,41,28,69,169664,29996,5956,374,70938,205991,276929,319835,0,5198,5888,98028,330922,428951,1890942
2020-02-20,2020,2,20,port57,Antwerp,Belgium,BEL,16,2,11,3,51,32,83,236589,5973,19735,374,213607,262673,476281,323102,27224,14219,11702,62509,376248,438758,1890943
2020-02-21,2020,2,21,port57,Antwerp,Belgium,BEL,13,2,4,2,40,21,61,21964,0,1611,0,84163,23575,107739,275075,66977,881,1924,38930,344859,383790,1890944
2020-02-22,2020,2,22,port57,Antwerp,Belgium,BEL,13,1,6,6,38,26,64,270382,5827,3211,6023,301932,285445,587377,197784,0,4194,14107,87686,216086,303773,1890945
2020-02-23,2020,2,23,port57,Antwerp,Belgium,BEL,6,2,10,2,37,20,57,79182,11923,1321,0,61070,92427,153497,198575,20737,15353,9534,60349,244200,304549,1890946
2020-02-24,2020,2,24,port57,Antwerp,Belgium,BEL,13,3,9,0,25,25,50,53914,55549,4911,0,25125,114375,139501,134113,0,11678,0,24517,145792,170309,1890947
2020-02-25,2020,2,25,port57,Antwerp,Belgium,BEL,18,0,8,5,51,31,82,273536,0,18540,4612,115005,296689,411695,339060,0,7258,2888,59857,349206,409064,1890948
2020-02-26,2020,2,26,port57,Antwerp,Belgium,BEL,16,2,3,1,40,22,62,216434,23005,590,0,62822,240031,302853,238215,0,3101,0,45784,241317,287102,1890949
2020-02-27,2020,2,27,port57,Antwerp,Belgium,BEL,11,2,21,3,44,37,81,119233,36935,14705,0,97637,170874,268512,226616,40044,30797,5881,78993,303340,382334,1890950
2020-02-28,2020,2,28,port57,Antwerp,Belgium,BEL,12,1,14,5,49,32,81,146484,10226,8603,0,115026,165314,280341,340969,0,17482,4813,159197,363266,522464,1890951
2020-02-29,2020,2,29,port57,Antwerp,Belgium,BEL,15,0,7,4,43,26,69,154657,0,8453,0,54433,163111,217544,201170,0,6652,10334,114419,218157,332577,1890952
2020-03-01,2020,3,1,port57,Antwerp,Belgium,BEL,14,1,11,3,26,29,55,400314,32836,5068,0,188469,438220,626689,539341,0,9478,1739,25591,550560,576151,1890953
2020-03-02,2020,3,2,port57,Antwerp,Belgium,BEL,11,2,12,1,29,26,55,51941,0,9981,600,28913,62524,91438,301525,11283,10633,966,73515,324408,397924,1890954
2020-03-03,2020,3,3,port57,Antwerp,Belgium,BEL,13,0,10,2,35,25,60,185578,0,6858,0,146168,192437,338605,115190,0,7455,0,51419,122646,174065,1890955
2020-03-04,2020,3,4,port57,Antwerp,Belgium,BEL,15,2,14,2,48,33,81,530686,45943,6400,0,131295,583030,714325,334368,7403,8177,4886,183732,354836,538568,1890956
2020-03-05,2020,3,5,port57,Antwerp,Belgium,BEL,16,1,9,3,44,29,73,243118,0,2637,2721,55417,248478,303895,487333,0,9316,0,160483,496650,657133,1890957
2020-03-06,2020,3,6,port57,Antwerp,Belgium,BEL,12,0,6,3,50,21,71,137916,0,5216,0,114319,143132,257452,242011,0,4859,11502,229292,258374,487667,1890958
2020-03-07,2020,3,7,port57,Antwerp,Belgium,BEL,12,1,8,5,46,26,72,66431,0,3551,1743,162380,71725,234106,473696,26790,7092,12446,66628,520025,586653,1890959
2020-03-08,2020,3,8,port57,Antwerp,Belgium,BEL,10,4,11,2,32,27,59,142857,23879,6530,0,52902,173268,226170,106765,48976,5941,6163,39897,167846,207744,1890960
2020-03-09,2020,3,9,port57,Antwerp,Belgium,BEL,17,1,10,2,41,30,71,295589,0,5201,1345,97304,302136,399440,311563,16186,4624,1760,122110,334135,456246,1890961
2020-03-10,2020,3,10,port57,Antwerp,Belgium,BEL,16,0,7,4,41,27,68,168753,0,3168,7684,244730,179606,424336,388200,0,6896,0,33460,395097,428557,1890962
2020-03-11,2020,3,11,port57,Antwerp,Belgium,BEL,18,2,17,0,36,37,73,549731,0,11121,0,57685,560852,618538,141900,35050,10415,0,80620,187366,267987,1890963
2020-03-12,2020,3,12,port57,Antwerp,Belgium,BEL,13,1,11,1,35,26,61,289542,22700,2013,0,140115,314257,454372,236441,0,11334,1393,30413,249169,279583,1890964
2020-03-13,2020,3,13,port57,Antwerp,Belgium,BEL,15,2,10,4,30,31,61,104741,0,1912,0,41687,106653,148341,425844,0,11441,13008,36036,450294,486331,1890965
2020-03-14,2020,3,14,port57,Antwerp,Belgium,BEL,11,2,11,6,35,30,65,106688,62512,4542,374,184774,174116,358891,156596,0,12251,11100,31672,179948,211621,1890966
2020-03-15,2020,3,15,port57,Antwerp,Belgium,BEL,11,1,4,3,38,19,57,22525,0,3652,0,118465,26178,144643,210194,4158,1792,0,79621,216145,295766,1890967
2020-03-16,2020,3,16,port57,Antwerp,Belgium,BEL,17,0,18,2,35,37,72,389761,0,7380,0,145328,397142,542470,218988,0,31258,0,72135,250247,322383,1890968
2020-03-17,2020,3,17,port57,Antwerp,Belgium,BEL,9,1,8,7,46,25,71,206914,0,3102,8471,105132,218488,323620,93952,0,13016,6497,84245,113467,197713,1890969
2020-03-18,2020,3,18,port57,Antwerp,Belgium,BEL,16,3,13,3,36,35,71,353545,13663,6346,0,99043,373555,472598,158440,42829,18622,2614,32209,222507,254717,1890970
2020-03-19,2020,3,19,port57,Antwerp,Belgium,BEL,16,2,16,4,39,38,77,238677,0,10840,374,236817,249892,486710,167960,8056,17606,6752,175355,200375,375730,1890971
2020-03-20,2020,3,20,port57,Antwerp,Belgium,BEL,11,3,4,3,41,21,62,85017,9797,1367,0,127498,96182,223681,226025,95913,1752,9010,48456,332702,381158,1890972
2020-03-21,2020,3,21,port57,Antwerp,Belgium,BEL,12,0,6,1,39,19,58,233127,0,2343,0,147309,235470,382779,406320,0,5950,1016,124288,413287,537576,1890973
2020-03-22,2020,3,22,port57,Antwerp,Belgium,BEL,9,1,6,0,36,16,52,63881,14856,4531,0,68539,83269,151809,105209,7403,2102,0,122180,114715,236896,1890974
2020-03-23,2020,3,23,port57,Antwerp,Belgium,BEL,14,2,10,1,46,27,73,271638,581,6754,2528,47663,281502,329166,352371,0,15211,0,103114,367582,470697,1890975
2020-03-24,2020,3,24,port57,Antwerp,Belgium,BEL,16,4,4,3,49,27,76,178637,0,3783,4783,49854,187203,237058,318310,77103,682,3643,96202,399739,495941,1890976
2020-03-25,2020,3,25,port57,Antwerp,Belgium,BEL,14,2,10,2,37,28,65,159957,41009,5356,0,88359,206323,294682,171749,0,8366,0,92749,180115,272865,1890977
2020-03-26,2020,3,26,port57,Antwerp,Belgium,BEL,17,1,4,1,47,23,70,173704,0,3431,0,96460,177136,273597,236237,0,1818,4483,75252,242538,317790,1890978
2020-03-27,2020,3,27,port57,Antwerp,Belgium,BEL,13,0,10,2,42,25,67,68331,0,7028,0,187813,75359,263173,145678,0,7904,5680,126117,159263,285381,1890979
2020-03-28,2020,3,28,port57,Antwerp,Belgium,BEL,11,2,6,3,34,22,56,119683,14115,731,0,33803,134530,168334,149697,0,9390,8040,40699,167128,207827,1890980
2020-03-29,2020,3,29,port57,Antwerp,Belgium,BEL,5,0,8,0,24,13,37,23580,0,7036,0,14094,30617,44712,56139,0,2022,0,17532,58161,75694,1890981
2020-03-30,2020,3,30,port57,Antwerp,Belgium,BEL,18,2,15,3,63,38,101,353931,29315,8120,0,178679,391368,570047,301432,0,29799,2048,115346,333280,448626,1890982
2020-03-31,2020,3,31,port57,Antwerp,Belgium,BEL,16,2,11,3,39,32,71,186000,49912,2502,5673,257514,244089,501603,264653,7403,13874,3179,36770,289112,325882,1890983
2020-04-01,2020,4,1,port57,Antwerp,Belgium,BEL,17,3,6,4,38,30,68,379564,12304,2210,776,124010,394855,518865,338105,39176,6814,5347,45184,389443,434628,1890984
2020-04-02,2020,4,2,port57,Antwerp,Belgium,BEL,12,0,14,3,41,29,70,261624,0,12781,0,43217,274405,317623,284955,0,12311,13271,110745,310538,421283,1890985
2020-04-03,2020,4,3,port57,Antwerp,Belgium,BEL,12,0,9,3,39,24,63,90059,0,731,0,77683,90790,168474,203907,0,15358,7302,50837,226568,277406,1890986
2020-04-04,2020,4,4,port57,Antwerp,Belgium,BEL,13,1,6,4,37,24,61,371192,0,2153,748,218176,374094,592271,68051,5281,4403,13601,52974,91338,144312,1890987
2020-04-05,2020,4,5,port57,Antwerp,Belgium,BEL,11,2,10,1,33,24,57,169517,47672,5894,2948,90114,226033,316148,346812,0,8998,0,75484,355810,431294,1890988
2020-04-06,2020,4,6,port57,Antwerp,Belgium,BEL,12,3,5,1,38,21,59,256849,10207,3386,2525,64166,272968,337134,295015,42955,3406,0,63271,341377,404649,1890989
2020-04-07,2020,4,7,port57,Antwerp,Belgium,BEL,14,0,10,3,47,27,74,123002,0,7968,6254,140342,137226,277569,272874,0,11362,0,106833,284236,391070,1890990
2020-04-08,2020,4,8,port57,Antwerp,Belgium,BEL,21,2,15,0,34,38,72,259727,14856,6104,0,167645,280688,448333,345128,7403,13309,0,26149,365841,391990,1890991
2020-04-09,2020,4,9,port57,Antwerp,Belgium,BEL,15,1,7,2,46,25,71,145300,16509,694,0,149407,162505,311912,283950,0,21222,7396,56978,312569,369548,1890992
2020-04-10,2020,4,10,port57,Antwerp,Belgium,BEL,14,1,13,4,53,32,85,166341,41073,8689,748,243362,216852,460214,302450,0,7870,10782,57519,321103,378622,1890993
2020-04-11,2020,4,11,port57,Antwerp,Belgium,BEL,12,3,5,4,31,24,55,88119,75343,1758,1189,74260,166410,240671,67458,0,2975,6044,24801,76478,101280,1890994
2020-04-12,2020,4,12,port57,Antwerp,Belgium,BEL,10,0,6,2,38,18,56,218914,0,6373,374,114623,225661,340285,254207,0,3212,1760,64875,259181,324056,1890995
2020-04-13,2020,4,13,port57,Antwerp,Belgium,BEL,10,2,2,1,25,15,40,215375,35202,0,0,39747,250577,290325,96723,0,2885,1509,37726,101118,138845,1890996
2020-04-14,2020,4,14,port57,Antwerp,Belgium,BEL,13,0,7,4,48,24,72,287165,0,3324,8054,110602,298544,409147,179263,0,2997,783,116467,183043,299511,1890997
2020-04-15,2020,4,15,port57,Antwerp,Belgium,BEL,15,1,6,1,39,23,62,161331,30917,590,1203,92777,194042,286820,228823,0,14782,0,37941,243606,281547,1890998
2020-04-16,2020,4,16,port57,Antwerp,Belgium,BEL,14,1,10,2,29,27,56,86970,36348,3387,0,28003,126707,154710,387296,0,7405,4387,96637,399089,495726,1890999
2020-04-17,2020,4,17,port57,Antwerp,Belgium,BEL,13,2,4,3,48,22,70,615773,0,78,0,161098,615852,776950,63231,31565,3792,4268,39694,102857,142552,1891000
2020-04-18,2020,4,18,port57,Antwerp,Belgium,BEL,12,2,6,2,39,22,61,101265,24612,11143,0,148325,137021,285346,370293,34440,0,3000,40169,407734,447904,1891001
2020-04-19,2020,4,19,port57,Antwerp,Belgium,BEL,13,4,7,2,48,26,74,216021,0,1912,0,44312,217933,262246,362093,48790,18877,2956,78743,432718,511462,1891002
2020-04-20,2020,4,20,port57,Antwerp,Belgium,BEL,11,1,11,4,37,27,64,110641,0,8767,4869,101824,124278,226103,272425,0,6667,7090,67912,286182,354095,1891003
2020-04-21,2020,4,21,port57,Antwerp,Belgium,BEL,18,2,5,3,38,28,66,120535,1930,3092,7116,212942,132675,345617,220378,33378,2412,1760,34494,257929,292424,1891004
2020-04-22,2020,4,22,port57,Antwerp,Belgium,BEL,15,2,5,3,51,25,76,222574,20768,1912,2144,101562,247399,348961,154770,0,10590,4411,65972,169772,235744,1891005
2020-04-23,2020,4,23,port57,Antwerp,Belgium,BEL,12,0,5,2,52,19,71,76828,0,1912,0,93642,78740,172383,377666,0,3898,3434,80469,384998,465468,1891006
2020-04-24,2020,4,24,port57,Antwerp,Belgium,BEL,11,1,3,2,39,17,56,187732,0,1707,600,100053,190041,290094,119539,0,709,3729,118892,123978,242871,1891007
2020-04-25,2020,4,25,port57,Antwerp,Belgium,BEL,15,1,9,2,37,27,64,171101,14856,2360,0,92851,188319,281170,184662,7403,20092,2811,88829,214970,303800,1891008
2020-04-26,2020,4,26,port57,Antwerp,Belgium,BEL,12,2,9,3,35,26,61,243227,14856,5693,461,237690,264239,501929,181021,40259,9124,8033,28034,238439,266473,1891009
2020-04-27,2020,4,27,port57,Antwerp,Belgium,BEL,15,3,11,2,40,31,71,346282,25780,7003,3183,137295,382250,519546,233531,0,10995,0,131738,244527,376265,1891010
2020-04-28,2020,4,28,port57,Antwerp,Belgium,BEL,19,0,5,2,41,26,67,110705,0,2920,2211,103939,115838,219777,310476,0,9409,0,44565,319885,364451,1891011
2020-04-29,2020,4,29,port57,Antwerp,Belgium,BEL,16,0,8,1,39,25,64,365181,0,6401,0,87639,371582,459222,139816,0,3070,402,64932,143289,208221,1891012
2020-04-30,2020,4,30,port57,Antwerp,Belgium,BEL,14,0,6,3,34,23,57,35283,0,2827,0,102471,38111,140583,311941,0,5875,5460,25926,323277,349203,1891013
2020-05-01,2020,5,1,port57,Antwerp,Belgium,BEL,12,2,12,1,45,27,72,290327,43365,6934,0,176014,340627,516641,121537,42166,7291,0,105035,170994,276030,1891014
2020-05-02,2020,5,2,port57,Antwerp,Belgium,BEL,6,0,6,2,38,14,52,75250,0,2502,374,81553,78127,159681,61845,0,3268,1760,36561,66873,103434,1891015
2020-05-03,2020,5,3,port57,Antwerp,Belgium,BEL,11,0,14,2,38,27,65,144465,0,16708,0,133928,161174,295102,223619,0,7748,4912,38692,236279,274972,1891016
2020-05-04,2020,5,4,port57,Antwerp,Belgium,BEL,15,0,10,1,34,26,60,186234,0,6367,0,66425,192601,259026,311821,0,7499,0,31507,319321,350828,1891017
2020-05-05,2020,5,5,port57,Antwerp,Belgium,BEL,15,0,9,2,41,26,67,177498,0,3707,600,43799,181806,225605,474711,0,15305,966,116276,490983,607259,1891018
2020-05-06,2020,5,6,port57,Antwerp,Belgium,BEL,15,1,9,1,51,26,77,326507,54945,4171,4245,242077,389869,631946,187199,0,5063,0,141518,192262,333781,1891019
2020-05-07,2020,5,7,port57,Antwerp,Belgium,BEL,15,2,9,1,46,27,73,188135,33916,4981,0,212083,227034,439117,424851,9686,4521,1104,87411,440163,527575,1891020
2020-05-08,2020,5,8,port57,Antwerp,Belgium,BEL,16,2,9,2,45,29,74,290100,578,6092,0,117904,296771,414676,107158,0,7942,3604,82618,118705,201324,1891021
2020-05-09,2020,5,9,port57,Antwerp,Belgium,BEL,10,0,7,2,41,19,60,90505,0,3092,4709,61838,98307,160145,298910,0,6436,2103,55397,307450,362847,1891022
2020-05-10,2020,5,10,port57,Antwerp,Belgium,BEL,10,0,7,2,35,19,54,143707,0,6223,0,94772,149931,244704,108853,0,2708,7801,65180,119363,184544,1891023
2020-05-11,2020,5,11,port57,Antwerp,Belgium,BEL,2,0,9,0,33,11,44,16022,0,10326,0,32681,26349,59031,19670,0,3972,0,31729,23642,55372,1891024
2020-05-12,2020,5,12,port57,Antwerp,Belgium,BEL,20,2,5,5,47,32,79,304348,62972,2213,1379,309526,370913,680440,372588,0,3865,8473,92798,384927,477725,1891025
2020-05-13,2020,5,13,port57,Antwerp,Belgium,BEL,16,4,7,1,36,28,64,212616,62447,3628,0,30032,278691,308723,177019,0,4095,401,68764,181516,250280,1891026
2020-05-14,2020,5,14,port57,Antwerp,Belgium,BEL,16,0,6,2,34,24,58,245243,0,1912,0,93321,247155,340476,295976,0,6358,7373,62149,309708,371857,1891027
2020-05-15,2020,5,15,port57,Antwerp,Belgium,BEL,17,3,7,2,41,29,70,348190,26026,5528,0,38077,379745,417822,141338,77155,3009,2763,52899,224266,277166,1891028
2020-05-16,2020,5,16,port57,Antwerp,Belgium,BEL,10,1,3,1,36,15,51,228321,0,590,600,57238,229512,286750,298189,0,3377,966,109453,302534,411987,1891029
2020-05-17,2020,5,17,port57,Antwerp,Belgium,BEL,11,1,11,3,39,26,65,101712,0,5401,374,185933,107488,293422,192439,30655,6720,5651,62349,235467,297816,1891030
2020-05-18,2020,5,18,port57,Antwerp,Belgium,BEL,6,1,12,1,53,20,73,112220,27051,13722,0,247156,152994,400151,48523,0,9303,0,90239,57826,148065,1891031
2020-05-19,2020,5,19,port57,Antwerp,Belgium,BEL,15,6,6,2,41,29,70,210086,73122,15124,4156,146463,302490,448954,260538,56254,2610,0,74162,319403,393566,1891032
2020-05-20,2020,5,20,port57,Antwerp,Belgium,BEL,12,0,8,3,45,23,68,236854,0,4366,600,135926,241821,377748,182393,0,3983,5150,116400,191527,307928,1891033
2020-05-21,2020,5,21,port57,Antwerp,Belgium,BEL,19,0,9,3,41,31,72,187756,0,6310,1910,146538,195978,342516,469702,0,32135,4477,165840,506315,672156,1891034
2020-05-22,2020,5,22,port57,Antwerp,Belgium,BEL,9,1,10,3,35,23,58,216528,16294,9183,514,223495,242521,466016,45940,0,6535,6369,136563,58845,195408,1891035
2020-05-23,2020,5,23,port57,Antwerp,Belgium,BEL,9,3,8,1,46,21,67,49188,50301,2155,0,285556,101644,387201,313754,26117,3204,4215,127553,347291,474844,1891036
2020-05-24,2020,5,24,port57,Antwerp,Belgium,BEL,16,2,10,2,36,30,66,149052,29232,11223,0,118696,189508,308204,322241,16659,5122,2729,89647,346753,436401,1891037
2020-05-25,2020,5,25,port57,Antwerp,Belgium,BEL,11,1,8,0,44,20,64,151069,7719,7302,0,133829,166091,299920,154315,0,2189,0,107641,156504,264145,1891038
2020-05-26,2020,5,26,port57,Antwerp,Belgium,BEL,14,2,8,2,28,26,54,115257,29857,7722,2525,136901,155363,292264,119806,25382,4540,966,50420,150695,201115,1891039
2020-05-27,2020,5,27,port57,Antwerp,Belgium,BEL,15,1,9,4,41,29,70,230733,0,4468,915,73392,236117,309510,237471,0,6852,3467,30549,247791,278341,1891040
2020-05-28,2020,5,28,port57,Antwerp,Belgium,BEL,16,2,3,3,45,24,69,152957,0,1180,0,188100,154137,342238,274500,29749,2396,6014,114108,312660,426769,1891041
2020-05-29,2020,5,29,port57,Antwerp,Belgium,BEL,8,0,13,3,36,24,60,157557,0,9331,515,48490,167404,215895,235509,0,10180,0,44450,245690,290140,1891042
2020-05-30,2020,5,30,port57,Antwerp,Belgium,BEL,15,0,6,4,33,25,58,133657,0,3468,2551,83092,139677,222769,265265,0,7102,1378,27972,273746,301719,1891043
2020-05-31,2020,5,31,port57,Antwerp,Belgium,BEL,9,0,9,2,44,20,64,339280,0,4411,374,135802,344066,479869,246960,0,8940,6111,102681,262012,364694,1891044
2020-06-01,2020,6,1,port57,Antwerp,Belgium,BEL,10,2,9,2,35,23,58,208117,68216,5619,3844,136100,285797,421898,216101,0,9498,0,76093,225600,301694,1891045
2020-06-02,2020,6,2,port57,Antwerp,Belgium,BEL,12,1,11,2,36,26,62,259049,0,10713,5291,96976,275054,372030,120056,40531,5719,0,81736,166306,248042,1891046
2020-06-03,2020,6,3,port57,Antwerp,Belgium,BEL,13,2,7,2,47,24,71,155670,32258,2888,916,114395,191733,306129,181355,0,3452,1670,144284,186479,330763,1891047
2020-06-04,2020,6,4,port57,Antwerp,Belgium,BEL,15,0,16,1,39,32,71,207992,0,9095,0,68476,217087,285564,147036,0,27001,4912,122676,178950,301627,1891048
2020-06-05,2020,6,5,port57,Antwerp,Belgium,BEL,14,0,8,4,51,26,77,109196,0,2360,0,100211,111557,211768,205669,0,13442,14122,105940,233235,339175,1891049
2020-06-06,2020,6,6,port57,Antwerp,Belgium,BEL,11,0,5,1,32,17,49,76909,0,1998,0,240562,78907,319469,297600,0,1323,2247,74044,301171,375216,1891050
2020-06-07,2020,6,7,port57,Antwerp,Belgium,BEL,15,2,16,1,31,34,65,530171,24871,8629,0,136436,563673,700110,44654,7403,17943,4467,36098,74469,110567,1891051
2020-06-08,2020,6,8,port57,Antwerp,Belgium,BEL,9,3,15,2,43,29,72,77287,17235,14989,2343,167802,111856,279659,309414,28501,8667,3583,124884,350166,475050,1891052
2020-06-09,2020,6,9,port57,Antwerp,Belgium,BEL,14,2,7,4,32,27,59,120753,21134,5700,5946,68764,153534,222299,294724,0,7724,0,69102,302448,371550,1891053
2020-06-10,2020,6,10,port57,Antwerp,Belgium,BEL,13,2,10,1,41,26,67,188965,34015,10577,0,94118,233558,327676,90274,35626,8741,1663,42230,136306,178536,1891054
2020-06-11,2020,6,11,port57,Antwerp,Belgium,BEL,14,0,7,5,38,26,64,37818,0,3233,0,96846,41052,137899,384431,0,3366,7200,72561,394998,467560,1891055
2020-06-12,2020,6,12,port57,Antwerp,Belgium,BEL,11,0,8,3,38,22,60,388444,0,7220,420,199130,396085,595216,230962,0,14122,1924,30523,247010,277533,1891056
2020-06-13,2020,6,13,port57,Antwerp,Belgium,BEL,10,1,4,0,35,15,50,46028,13224,590,0,91393,59843,151236,166230,0,3866,0,55606,170096,225703,1891057
2020-06-14,2020,6,14,port57,Antwerp,Belgium,BEL,12,2,11,3,28,28,56,62502,44863,11250,0,70448,118617,189065,414798,41331,8905,4722,92584,469758,562342,1891058
2020-06-15,2020,6,15,port57,Antwerp,Belgium,BEL,12,2,9,0,45,23,68,258044,39047,4731,0,51976,301824,353801,266127,0,4153,0,122155,270281,392436,1891059
2020-06-16,2020,6,16,port57,Antwerp,Belgium,BEL,11,3,2,4,41,20,61,102338,99561,731,8033,130236,210664,340901,175052,0,2150,435,110363,177638,288001,1891060
2020-06-17,2020,6,17,port57,Antwerp,Belgium,BEL,16,0,6,2,49,24,73,211849,0,11788,0,137061,223638,360699,89157,0,2745,7901,137029,99804,236833,1891061
2020-06-18,2020,6,18,port57,Antwerp,Belgium,BEL,17,3,7,3,40,30,70,320305,28078,1781,374,138151,350540,488691,242873,2254,3554,9615,41272,258296,299569,1891062
2020-06-19,2020,6,19,port57,Antwerp,Belgium,BEL,12,2,10,3,44,27,71,163030,20746,3991,0,111830,187768,299598,267563,0,3332,8677,231299,279573,510873,1891063
2020-06-20,2020,6,20,port57,Antwerp,Belgium,BEL,13,1,7,1,44,22,66,99506,7146,590,0,143240,107243,250484,152432,0,12323,0,112840,164756,277597,1891064
2020-06-21,2020,6,21,port57,Antwerp,Belgium,BEL,12,0,9,2,34,23,57,410067,0,4603,0,56927,414670,471598,168159,0,4782,1195,53065,174137,227202,1891065
2020-06-22,2020,6,22,port57,Antwerp,Belgium,BEL,11,2,9,3,27,25,52,84972,15277,9347,207,108975,109805,218780,350059,0,8617,4382,56301,363059,419361,1891066
2020-06-23,2020,6,23,port57,Antwerp,Belgium,BEL,18,0,16,4,48,38,86,192230,0,6413,2717,87185,201361,288547,158363,0,13281,1372,167260,173016,340277,1891067
2020-06-24,2020,6,24,port57,Antwerp,Belgium,BEL,18,0,11,3,42,32,74,241256,0,4764,0,99993,246021,346015,297670,0,9855,2744,133126,310270,443396,1891068
2020-06-25,2020,6,25,port57,Antwerp,Belgium,BEL,9,0,6,2,46,17,63,83011,0,2523,0,153220,85535,238755,182474,0,1810,6933,153073,191218,344292,1891069
2020-06-26,2020,6,26,port57,Antwerp,Belgium,BEL,17,2,10,2,33,31,64,514146,0,4247,374,57169,518768,575937,301523,3687,6056,4104,42747,315371,358119,1891070
2020-06-27,2020,6,27,port57,Antwerp,Belgium,BEL,12,1,5,4,36,22,58,32650,0,6880,870,37319,40402,77721,580385,0,11756,5104,80861,597246,678108,1891071
2020-06-28,2020,6,28,port57,Antwerp,Belgium,BEL,12,2,10,1,45,25,70,191255,31578,6119,0,103021,228954,331975,73981,35172,5778,0,100902,114931,215834,1891072
2020-06-29,2020,6,29,port57,Antwerp,Belgium,BEL,16,2,13,2,36,33,69,251527,0,15603,1806,165232,268938,434171,396278,7748,4460,966,96074,409453,505527,1891073
2020-06-30,2020,6,30,port57,Antwerp,Belgium,BEL,12,0,5,3,42,20,62,247225,0,4198,1655,215522,253078,468601,128301,0,2963,5450,108386,136715,245101,1891074
2020-07-01,2020,7,1,port57,Antwerp,Belgium,BEL,12,2,14,4,45,32,77,127102,14013,5563,0,140135,146679,286815,203948,35398,18688,2379,227972,260415,488388,1891075
2020-07-02,2020,7,2,port57,Antwerp,Belgium,BEL,14,0,10,3,45,27,72,171498,0,3375,0,82855,174874,257730,276742,0,8677,8745,173512,294166,467678,1891076
2020-07-03,2020,7,3,port57,Antwerp,Belgium,BEL,13,1,7,4,47,25,72,297137,0,3311,550,43843,300999,344842,276848,0,3480,0,76310,280329,356640,1891077
2020-07-04,2020,7,4,port57,Antwerp,Belgium,BEL,10,1,6,1,56,18,74,75851,107363,2433,0,213034,185647,398681,198789,0,15185,0,162558,213974,376532,1891078
2020-07-05,2020,7,5,port57,Antwerp,Belgium,BEL,12,0,6,3,34,21,55,142141,0,1770,0,59819,143912,203731,288461,0,4453,3267,128258,296182,424440,1891079
2020-07-06,2020,7,6,port57,Antwerp,Belgium,BEL,16,3,6,2,54,27,81,287255,15891,5009,0,143082,308156,451239,380350,40842,5815,0,117136,427008,544145,1891080
2020-07-07,2020,7,7,port57,Antwerp,Belgium,BEL,10,0,14,3,26,27,53,26225,0,7214,1375,76300,34815,111115,236869,0,6249,5769,29888,248889,278777,1891081
2020-07-08,2020,7,8,port57,Antwerp,Belgium,BEL,18,0,10,1,32,29,61,207407,0,6763,400,169004,214571,383575,179546,0,5172,0,77153,184719,261872,1891082
2020-07-09,2020,7,9,port57,Antwerp,Belgium,BEL,13,0,9,2,39,24,63,328666,0,7100,600,219180,336368,555549,107046,0,2983,966,92234,110995,203230,1891083
2020-07-10,2020,7,10,port57,Antwerp,Belgium,BEL,12,1,5,3,36,21,57,199376,13970,5697,0,81988,219043,301032,278447,0,3212,4079,34303,285739,320043,1891084
2020-07-11,2020,7,11,port57,Antwerp,Belgium,BEL,13,0,6,3,37,22,59,387140,0,4965,1924,136973,394030,531003,145997,0,3370,3118,107377,152486,259864,1891085
2020-07-12,2020,7,12,port57,Antwerp,Belgium,BEL,9,1,7,3,38,20,58,219167,0,2867,374,137713,222409,360123,187592,29618,3761,6392,59531,227364,286895,1891086
2020-07-13,2020,7,13,port57,Antwerp,Belgium,BEL,14,0,10,2,37,26,63,174725,0,5847,975,115013,181548,296562,459512,0,4711,2726,96395,466950,563346,1891087
2020-07-14,2020,7,14,port57,Antwerp,Belgium,BEL,18,1,15,4,36,38,74,101067,57261,19269,1976,85879,179574,265454,169842,0,9930,3530,78761,183303,262065,1891088
2020-07-15,2020,7,15,port57,Antwerp,Belgium,BEL,17,0,5,3,37,25,62,242207,0,27990,0,104745,270198,374943,214065,0,3235,7351,169469,224653,394123,1891089
2020-07-16,2020,7,16,port57,Antwerp,Belgium,BEL,12,5,11,3,48,31,79,223280,2973,10761,0,56531,237015,293547,123950,66076,5437,5095,115556,200559,316116,1891090
2020-07-17,2020,7,17,port57,Antwerp,Belgium,BEL,14,0,5,2,34,21,55,175439,0,2784,0,84639,178224,262863,247420,0,4312,0,87677,251733,339410,1891091
2020-07-18,2020,7,18,port57,Antwerp,Belgium,BEL,13,2,4,1,39,20,59,41735,15812,1358,0,80676,58906,139582,388118,0,6740,3547,38008,398405,436413,1891092
2020-07-19,2020,7,19,port57,Antwerp,Belgium,BEL,10,1,10,2,34,23,57,131959,36627,11279,600,65613,180467,246081,128588,0,13591,2715,132558,144896,277454,1891093
2020-07-20,2020,7,20,port57,Antwerp,Belgium,BEL,15,2,4,1,33,22,55,218944,23296,2659,0,72416,244899,317316,382885,21658,1249,0,66816,405793,472610,1891094
2020-07-21,2020,7,21,port57,Antwerp,Belgium,BEL,17,2,11,2,32,32,64,176001,0,2937,1657,20121,180596,200718,233361,33072,8272,0,67348,274707,342056,1891095
2020-07-22,2020,7,22,port57,Antwerp,Belgium,BEL,15,2,10,2,37,29,66,184408,23455,11723,1663,111282,221250,332532,271813,12310,11872,3056,152414,299052,451467,1891096
2020-07-23,2020,7,23,port57,Antwerp,Belgium,BEL,15,2,5,3,41,25,66,217063,33458,4386,0,135814,254908,390723,456092,0,3892,2391,97694,462377,560071,1891097
2020-07-24,2020,7,24,port57,Antwerp,Belgium,BEL,12,3,15,5,41,35,76,312816,50903,11860,932,42530,376514,419045,147500,14807,11464,7885,71984,181657,253642,1891098
2020-07-25,2020,7,25,port57,Antwerp,Belgium,BEL,9,0,6,3,34,18,52,77271,0,10125,374,68371,87771,156143,232644,0,2026,5738,25831,240409,266241,1891099
2020-07-26,2020,7,26,port57,Antwerp,Belgium,BEL,8,1,9,1,41,19,60,98004,0,6051,0,108618,104056,212674,58885,30495,3517,515,137998,93413,231411,1891100
2020-07-27,2020,7,27,port57,Antwerp,Belgium,BEL,14,3,6,1,30,24,54,339802,36055,3794,0,176776,379652,556429,358519,0,738,0,57479,359257,416737,1891101
2020-07-28,2020,7,28,port57,Antwerp,Belgium,BEL,15,1,14,4,33,34,67,153109,0,7153,2273,61759,162535,224295,270216,24799,13726,0,34291,308742,343033,1891102
2020-07-29,2020,7,29,port57,Antwerp,Belgium,BEL,20,1,9,4,40,34,74,319195,0,6661,1393,43109,327250,370360,231084,559,5604,12093,64350,249341,313691,1891103
2020-07-30,2020,7,30,port57,Antwerp,Belgium,BEL,13,1,9,2,41,25,66,167110,441,10533,0,103932,178084,282017,311411,0,7756,2846,46235,322014,368249,1891104
2020-07-31,2020,7,31,port57,Antwerp,Belgium,BEL,9,2,10,3,36,24,60,278008,29213,10505,0,156780,317727,474507,163754,42605,5025,2343,39719,213729,253449,1891105
2020-08-01,2020,8,1,port57,Antwerp,Belgium,BEL,9,1,4,1,46,15,61,64189,0,1321,0,40551,65511,106063,182559,3238,3152,3187,184614,192137,376752,1891106
2020-08-02,2020,8,2,port57,Antwerp,Belgium,BEL,13,1,11,4,37,29,66,191405,32256,9259,0,119531,232921,352452,153044,0,20074,4220,22987,177339,200326,1891107
2020-08-03,2020,8,3,port57,Antwerp,Belgium,BEL,14,2,13,1,48,30,78,227843,0,9003,0,139360,236846,376207,366200,0,6872,0,68907,373072,441980,1891108
2020-08-04,2020,8,4,port57,Antwerp,Belgium,BEL,13,1,6,4,37,24,61,190603,0,2053,3918,68349,196575,264924,171234,36694,7170,7175,84593,222274,306868,1891109
2020-08-05,2020,8,5,port57,Antwerp,Belgium,BEL,21,1,6,1,49,29,78,497251,22908,1363,600,127699,522124,649823,347583,0,11686,966,103305,360236,463541,1891110
2020-08-06,2020,8,6,port57,Antwerp,Belgium,BEL,17,0,5,2,37,24,61,200540,0,2637,0,82367,203178,285546,398540,0,6465,6402,86044,411408,497452,1891111
2020-08-07,2020,8,7,port57,Antwerp,Belgium,BEL,11,2,3,4,40,20,60,224272,52304,2194,0,153278,278771,432050,133687,0,3515,6058,131807,143261,275068,1891112
2020-08-08,2020,8,8,port57,Antwerp,Belgium,BEL,6,0,7,3,46,16,62,19082,0,1914,1924,159634,22921,182556,64646,0,5970,8288,95321,78905,174226,1891113
2020-08-09,2020,8,9,port57,Antwerp,Belgium,BEL,14,2,4,2,36,22,58,235436,14856,3320,374,108404,253987,362392,123581,19541,930,1760,170429,145814,316244,1891114
2020-08-10,2020,8,10,port57,Antwerp,Belgium,BEL,10,0,11,2,33,23,56,314704,0,5102,0,99909,319807,419716,288470,0,23845,1406,39429,313722,353152,1891115
2020-08-11,2020,8,11,port57,Antwerp,Belgium,BEL,17,0,9,4,52,30,82,133015,0,7068,2031,200601,142116,342718,378359,0,3118,2275,91147,383754,474901,1891116
2020-08-12,2020,8,12,port57,Antwerp,Belgium,BEL,15,2,10,4,44,31,75,217848,0,3226,2597,203454,223673,427128,132600,4042,7222,4166,67198,148031,215230,1891117
2020-08-13,2020,8,13,port57,Antwerp,Belgium,BEL,17,0,9,4,40,30,70,356703,0,25705,0,78726,382408,461135,411519,0,4163,6388,89021,422072,511094,1891118
2020-08-14,2020,8,14,port57,Antwerp,Belgium,BEL,11,0,7,3,34,21,55,108343,0,6059,0,46344,114403,160747,226691,0,3127,3083,59617,232901,292519,1891119
2020-08-15,2020,8,15,port57,Antwerp,Belgium,BEL,11,0,10,1,31,22,53,117328,0,3509,0,105081,120838,225920,301923,0,16125,3138,76083,321187,397271,1891120
2020-08-16,2020,8,16,port57,Antwerp,Belgium,BEL,11,1,9,1,37,22,59,94599,572,8028,0,103602,103200,206802,93443,0,2037,0,70598,95481,166080,1891121
2020-08-17,2020,8,17,port57,Antwerp,Belgium,BEL,17,1,6,3,39,27,66,273307,20670,4051,0,85128,298029,383157,358526,0,4076,0,55352,362603,417955,1891122
2020-08-18,2020,8,18,port57,Antwerp,Belgium,BEL,16,1,10,3,46,30,76,226029,0,5945,2270,99437,234244,333682,339844,44842,10098,3243,46113,398028,444141,1891123
2020-08-19,2020,8,19,port57,Antwerp,Belgium,BEL,16,0,6,4,45,26,71,123860,0,590,860,156733,125311,282044,211105,0,5069,2453,81628,218628,300256,1891124
2020-08-20,2020,8,20,port57,Antwerp,Belgium,BEL,12,2,9,1,43,24,67,166858,14856,6043,0,60585,187758,248343,323764,7403,8304,1691,102597,341165,443762,1891125
2020-08-21,2020,8,21,port57,Antwerp,Belgium,BEL,11,3,7,5,28,26,54,224873,29281,5684,2939,20297,262777,283075,391446,0,2824,6478,179329,400749,580079,1891126
2020-08-22,2020,8,22,port57,Antwerp,Belgium,BEL,8,0,7,1,35,16,51,69493,0,4426,0,31386,73920,105306,98988,0,3854,8110,177662,110954,288616,1891127
2020-08-23,2020,8,23,port57,Antwerp,Belgium,BEL,16,2,11,2,35,31,66,250669,53432,5045,0,73655,309147,382803,255495,0,5625,9182,28129,270302,298431,1891128
2020-08-24,2020,8,24,port57,Antwerp,Belgium,BEL,9,5,13,1,38,28,66,77614,109447,8390,0,34081,195453,229534,275639,41824,15881,4025,113924,337370,451295,1891129
2020-08-25,2020,8,25,port57,Antwerp,Belgium,BEL,18,2,11,4,29,35,64,219478,30750,9097,2897,66056,262224,328280,248458,0,15145,5875,63574,269478,333052,1891130
2020-08-26,2020,8,26,port57,Antwerp,Belgium,BEL,11,1,7,2,27,21,48,213462,0,4500,1306,48702,219269,267971,91617,39706,4624,1760,45937,137709,183647,1891131
2020-08-27,2020,8,27,port57,Antwerp,Belgium,BEL,19,1,12,3,58,35,93,80788,0,3239,2155,165633,86183,251817,399720,23888,15132,5767,93521,444508,538030,1891132
2020-08-28,2020,8,28,port57,Antwerp,Belgium,BEL,14,3,8,5,48,30,78,323664,54739,4900,3175,189993,386479,576473,280312,0,13950,4754,106218,299017,405236,1891133
2020-08-29,2020,8,29,port57,Antwerp,Belgium,BEL,9,1,7,3,32,20,52,188133,31695,6369,0,120067,226197,346264,180250,0,2340,5392,39347,187982,227329,1891134
2020-08-30,2020,8,30,port57,Antwerp,Belgium,BEL,14,1,9,3,39,27,66,314951,0,36595,374,188091,351921,540012,167513,0,6230,1760,65239,175504,240743,1891135
2020-08-31,2020,8,31,port57,Antwerp,Belgium,BEL,12,2,12,1,41,27,68,136225,12403,3606,0,115836,152235,268072,232083,0,14063,4218,140457,250364,390821,1891136
2020-09-01,2020,9,1,port57,Antwerp,Belgium,BEL,15,1,8,5,33,29,62,169168,14856,2679,3976,146570,190681,337251,160564,7403,4519,4343,167527,176831,344358,1891137
2020-09-02,2020,9,2,port57,Antwerp,Belgium,BEL,17,1,8,5,33,31,64,281053,43505,3050,776,43808,328385,372193,248350,0,4155,5338,24469,257845,282314,1891138
2020-09-03,2020,9,3,port57,Antwerp,Belgium,BEL,16,0,10,4,38,30,68,265472,0,6154,374,245040,272001,517042,349284,0,7086,10369,92346,366740,459087,1891139
2020-09-04,2020,9,4,port57,Antwerp,Belgium,BEL,11,0,6,1,45,18,63,321037,0,2502,0,163922,323539,487462,195384,0,9241,0,54186,204626,258812,1891140
2020-09-05,2020,9,5,port57,Antwerp,Belgium,BEL,15,1,3,2,43,21,64,224601,0,0,0,141228,224601,365829,180885,10976,10371,0,121410,202234,323644,1891141
2020-09-06,2020,9,6,port57,Antwerp,Belgium,BEL,14,2,4,3,34,23,57,167638,0,590,0,116382,168228,284611,351078,0,3476,2583,52684,357139,409823,1891142
2020-09-07,2020,9,7,port57,Antwerp,Belgium,BEL,8,1,11,2,49,22,71,65149,37128,7216,2783,125135,112277,237413,81109,0,15027,0,262892,96136,359029,1891143
2020-09-08,2020,9,8,port57,Antwerp,Belgium,BEL,15,0,7,4,45,26,71,249379,0,3412,374,132154,253166,385321,170258,0,3940,7482,104830,181681,286512,1891144
2020-09-09,2020,9,9,port57,Antwerp,Belgium,BEL,21,0,8,4,35,33,68,288847,0,1914,838,100040,291601,391641,366115,0,6084,1760,66305,373960,440265,1891145
2020-09-10,2020,9,10,port57,Antwerp,Belgium,BEL,13,1,6,0,32,20,52,195097,4360,5927,0,96986,205385,302371,201960,0,4328,0,84076,206289,290365,1891146
2020-09-11,2020,9,11,port57,Antwerp,Belgium,BEL,13,0,7,4,38,24,62,140188,0,3345,374,90767,143907,234675,286066,0,7291,7700,207480,301058,508538,1891147
2020-09-12,2020,9,12,port57,Antwerp,Belgium,BEL,12,0,3,1,48,16,64,267471,0,1981,0,156752,269453,426206,237189,0,2142,4101,38541,243434,281976,1891148
2020-09-13,2020,9,13,port57,Antwerp,Belgium,BEL,16,2,9,1,27,28,55,185161,789,5631,0,112664,191583,304248,406796,2131,6929,0,102337,415858,518195,1891149
2020-09-14,2020,9,14,port57,Antwerp,Belgium,BEL,11,0,11,3,43,25,68,189320,0,6023,975,106683,196318,303002,90856,0,10376,5704,83822,106937,190759,1891150
2020-09-15,2020,9,15,port57,Antwerp,Belgium,BEL,14,1,12,4,60,31,91,110693,60527,5361,0,116768,176582,293350,329965,0,5499,5132,172516,340597,513114,1891151
2020-09-16,2020,9,16,port57,Antwerp,Belgium,BEL,15,0,9,3,32,27,59,194750,0,4154,802,77815,199706,277522,212942,0,8120,3149,151444,224212,375657,1891152
2020-09-17,2020,9,17,port57,Antwerp,Belgium,BEL,16,0,5,1,46,22,68,427584,0,1387,0,231250,428971,660222,229986,0,3620,2294,42334,235901,278236,1891153
2020-09-18,2020,9,18,port57,Antwerp,Belgium,BEL,17,1,6,4,37,28,65,247392,12747,1953,0,134792,262092,396885,244625,0,6392,4428,130327,255447,385774,1891154
2020-09-19,2020,9,19,port57,Antwerp,Belgium,BEL,10,1,9,1,29,21,50,100021,0,10708,0,71458,110729,182188,378407,0,4832,5241,64671,388480,453151,1891155
2020-09-20,2020,9,20,port57,Antwerp,Belgium,BEL,17,2,13,3,40,35,75,87691,62972,5398,374,137442,156436,293878,297483,0,13074,4141,161463,314699,476163,1891156
2020-09-21,2020,9,21,port57,Antwerp,Belgium,BEL,9,4,9,2,40,24,64,205722,4382,5243,0,55556,215349,270905,173984,61133,6324,7346,79134,248789,327924,1891157
2020-09-22,2020,9,22,port57,Antwerp,Belgium,BEL,13,1,11,3,30,28,58,336851,0,4716,5291,282498,346860,629359,287709,0,12680,7970,33362,308360,341723,1891158
2020-09-23,2020,9,23,port57,Antwerp,Belgium,BEL,21,1,19,3,46,44,90,358583,34677,11430,600,68144,405292,473437,386982,0,15371,4552,129053,406906,535960,1891159
2020-09-24,2020,9,24,port57,Antwerp,Belgium,BEL,13,3,8,2,44,26,70,186864,14856,3092,2117,191046,206931,397977,209108,30555,8337,1760,159186,249761,408948,1891160
2020-09-25,2020,9,25,port57,Antwerp,Belgium,BEL,9,0,7,4,46,20,66,175491,0,1180,0,56694,176671,233366,158022,0,11429,10768,43454,180220,223674,1891161
2020-09-26,2020,9,26,port57,Antwerp,Belgium,BEL,4,0,4,0,31,8,39,39989,0,6697,0,20022,46686,66708,42800,0,620,0,24949,43420,68369,1891162
2020-09-27,2020,9,27,port57,Antwerp,Belgium,BEL,13,0,7,1,32,21,53,97148,0,3682,374,32948,101205,134154,243906,0,6156,1760,28300,251823,280123,1891163
2020-09-28,2020,9,28,port57,Antwerp,Belgium,BEL,14,3,11,3,39,31,70,158897,66632,8470,1263,197302,235264,432566,260789,0,6633,2697,90886,270119,361006,1891164
2020-09-29,2020,9,29,port57,Antwerp,Belgium,BEL,15,2,12,4,36,33,69,185257,0,33048,3051,99821,221358,321179,657037,45719,10739,4054,116533,717550,834084,1891165
2020-09-30,2020,9,30,port57,Antwerp,Belgium,BEL,16,1,10,1,39,28,67,196509,7343,8223,0,61363,212077,273440,186024,0,11265,401,141627,197691,339318,1891166
2020-10-01,2020,10,1,port57,Antwerp,Belgium,BEL,12,0,12,5,29,29,58,197048,0,8934,0,175781,205983,381765,311946,0,5801,16617,28105,334365,362470,1891167
2020-10-02,2020,10,2,port57,Antwerp,Belgium,BEL,19,0,6,3,51,28,79,353070,0,2500,0,149975,355571,505546,223412,0,2424,5903,104636,231741,336377,1891168
2020-10-03,2020,10,3,port57,Antwerp,Belgium,BEL,12,2,9,2,52,25,77,47559,14856,7924,0,191430,70340,261771,464638,20395,21119,4475,119036,510628,629664,1891169
2020-10-04,2020,10,4,port57,Antwerp,Belgium,BEL,9,1,8,3,36,21,57,145258,789,4303,374,275370,150725,426096,172588,59,4433,1760,48208,178842,227050,1891170
2020-10-05,2020,10,5,port57,Antwerp,Belgium,BEL,15,1,7,2,44,25,69,308452,29080,2951,600,135092,341085,476178,481341,0,3885,966,119130,486193,605323,1891171
2020-10-06,2020,10,6,port57,Antwerp,Belgium,BEL,15,4,7,1,43,27,70,256449,33425,3315,2343,206433,295533,501967,249691,80909,4320,0,62113,334921,397035,1891172
2020-10-07,2020,10,7,port57,Antwerp,Belgium,BEL,18,1,10,2,43,31,74,448222,23734,5870,1391,130575,479218,609794,107672,0,6772,1845,95136,116289,211425,1891173
2020-10-08,2020,10,8,port57,Antwerp,Belgium,BEL,15,0,12,1,33,28,61,137143,0,12341,0,28089,149485,177574,230389,0,8530,2227,39679,241147,280827,1891174
2020-10-09,2020,10,9,port57,Antwerp,Belgium,BEL,14,1,7,6,39,28,67,228262,0,5505,961,122751,234729,357481,133242,0,4093,9030,140496,146365,286862,1891175
2020-10-10,2020,10,10,port57,Antwerp,Belgium,BEL,12,0,3,4,31,19,50,23826,0,0,374,103148,24200,127348,377701,0,2337,1760,190432,381798,572231,1891176
2020-10-11,2020,10,11,port57,Antwerp,Belgium,BEL,14,0,7,6,31,27,58,314955,0,4236,374,34860,319566,354427,322994,0,2794,10992,88778,336781,425559,1891177
2020-10-12,2020,10,12,port57,Antwerp,Belgium,BEL,11,1,10,2,47,24,71,219294,0,3996,2839,218086,226130,444217,151707,3438,19489,0,37427,174635,212062,1891178
2020-10-13,2020,10,13,port57,Antwerp,Belgium,BEL,14,1,8,5,32,28,60,434569,0,2708,374,68785,437651,506437,449841,0,12644,11153,73040,473638,546679,1891179
2020-10-14,2020,10,14,port57,Antwerp,Belgium,BEL,16,0,9,4,41,29,70,259576,0,4426,600,141802,264603,406406,195303,0,6966,3212,90824,205481,296306,1891180
2020-10-15,2020,10,15,port57,Antwerp,Belgium,BEL,20,1,9,2,34,32,66,315737,0,3140,0,166352,318877,485230,410556,41790,12742,3586,62404,468676,531080,1891181
2020-10-16,2020,10,16,port57,Antwerp,Belgium,BEL,11,2,9,5,37,27,64,268446,2161,4447,1924,100489,276980,377469,247370,0,7870,8355,113485,263596,377082,1891182
2020-10-17,2020,10,17,port57,Antwerp,Belgium,BEL,10,1,6,3,31,20,51,93074,8773,1790,4552,89950,108190,198140,434060,0,8098,4995,109271,447153,556425,1891183
2020-10-18,2020,10,18,port57,Antwerp,Belgium,BEL,13,0,11,0,38,24,62,285089,0,12076,0,189401,297165,486567,394209,0,5886,0,53700,400095,453796,1891184
2020-10-19,2020,10,19,port57,Antwerp,Belgium,BEL,9,1,16,3,46,29,75,200730,61086,10608,1023,101004,273448,374452,148197,0,10827,1924,116818,160949,277768,1891185
2020-10-20,2020,10,20,port57,Antwerp,Belgium,BEL,12,3,7,2,42,24,66,249476,27288,2360,0,203293,279126,482419,254496,0,9274,2434,51132,266205,317337,1891186
2020-10-21,2020,10,21,port57,Antwerp,Belgium,BEL,20,0,11,3,44,34,78,177774,0,32178,0,114441,209952,324394,408353,0,6916,7926,126658,423197,549855,1891187
2020-10-22,2020,10,22,port57,Antwerp,Belgium,BEL,15,3,12,2,33,32,65,308182,483,11104,3940,60411,323710,384122,242523,0,25073,0,39392,267597,306989,1891188
2020-10-23,2020,10,23,port57,Antwerp,Belgium,BEL,11,2,5,5,43,23,66,128886,0,2053,0,217288,130940,348228,410863,48537,3631,2792,124438,465825,590264,1891189
2020-10-24,2020,10,24,port57,Antwerp,Belgium,BEL,10,1,6,2,38,19,57,48461,789,731,0,73624,49982,123607,187269,59,9675,5760,71355,202765,274120,1891190
2020-10-25,2020,10,25,port57,Antwerp,Belgium,BEL,9,0,10,4,34,23,57,121743,0,4410,0,119176,126154,245330,203318,0,8888,11287,66971,223494,290465,1891191
2020-10-26,2020,10,26,port57,Antwerp,Belgium,BEL,17,1,11,4,43,33,76,333884,0,4332,374,186613,338591,525205,210094,32918,6198,8299,32710,257510,290220,1891192
2020-10-27,2020,10,27,port57,Antwerp,Belgium,BEL,13,1,8,4,41,26,67,103231,33425,7242,1583,63437,145482,208920,331282,0,5273,3227,150418,339784,490202,1891193
2020-10-28,2020,10,28,port57,Antwerp,Belgium,BEL,12,0,3,1,31,16,47,192328,0,0,374,43776,192702,236479,279153,0,2130,1760,82046,283044,365091,1891194
2020-10-29,2020,10,29,port57,Antwerp,Belgium,BEL,14,2,10,3,42,29,71,398125,14122,7950,600,73450,420799,494250,234208,0,4349,7379,70515,245937,316452,1891195
2020-10-30,2020,10,30,port57,Antwerp,Belgium,BEL,11,0,6,2,42,19,61,425495,0,5534,0,155757,431030,586788,203060,0,2941,6768,183992,212770,396762,1891196
2020-10-31,2020,10,31,port57,Antwerp,Belgium,BEL,12,0,7,1,34,20,54,194815,0,4826,0,46579,199641,246221,270434,0,4531,2522,48098,277489,325587,1891197
2020-11-01,2020,11,1,port57,Antwerp,Belgium,BEL,12,0,5,3,32,20,52,306708,0,1494,0,64793,308202,372996,164744,0,11095,7190,29080,183030,212110,1891198
2020-11-02,2020,11,2,port57,Antwerp,Belgium,BEL,10,0,5,2,33,17,50,79750,0,4414,3126,90732,87292,178025,198111,0,1792,966,91422,200869,292292,1891199
2020-11-03,2020,11,3,port57,Antwerp,Belgium,BEL,12,0,12,3,41,27,68,289452,0,7984,0,277132,297436,574569,192221,0,10452,2057,108542,204731,313273,1891200
2020-11-04,2020,11,4,port57,Antwerp,Belgium,BEL,16,2,10,3,43,31,74,471577,0,713,0,112703,472291,584994,241503,10321,13258,8121,244514,273205,517719,1891201
2020-11-05,2020,11,5,port57,Antwerp,Belgium,BEL,18,3,9,2,32,32,64,246097,14856,4602,0,129697,265555,395253,572273,17928,8988,2272,24319,601463,625783,1891202
2020-11-06,2020,11,6,port57,Antwerp,Belgium,BEL,10,0,12,4,32,26,58,154190,0,6297,0,99585,160488,260073,88943,0,15224,9556,127547,113723,241271,1891203
2020-11-07,2020,11,7,port57,Antwerp,Belgium,BEL,5,0,12,2,43,19,62,64780,0,2661,0,49343,67441,116785,141434,0,23889,3183,33659,168507,202167,1891204
2020-11-08,2020,11,8,port57,Antwerp,Belgium,BEL,13,1,9,2,31,25,56,63986,0,4018,600,155073,68605,223679,175887,0,16884,966,24837,193739,218576,1891205
2020-11-09,2020,11,9,port57,Antwerp,Belgium,BEL,13,2,7,3,31,25,56,203067,25446,2533,1266,84559,232313,316873,451627,0,8481,3948,69696,464057,533754,1891206
2020-11-10,2020,11,10,port57,Antwerp,Belgium,BEL,12,0,5,4,48,21,69,272766,0,4026,4120,189872,280913,470786,142463,0,620,2259,130994,145342,276337,1891207
2020-11-11,2020,11,11,port57,Antwerp,Belgium,BEL,12,2,10,4,31,28,59,120184,96551,7397,374,39251,224507,263758,144472,0,12400,11328,67850,168201,236052,1891208
2020-11-12,2020,11,12,port57,Antwerp,Belgium,BEL,10,0,8,3,30,21,51,85269,0,9101,0,197990,94371,292361,369713,0,3973,6402,23939,380089,404028,1891209
2020-11-13,2020,11,13,port57,Antwerp,Belgium,BEL,11,0,12,3,37,26,63,63960,0,5098,6398,106550,75457,182008,198328,0,7773,3877,108734,209980,318714,1891210
2020-11-14,2020,11,14,port57,Antwerp,Belgium,BEL,17,0,6,1,50,24,74,431868,0,897,0,213677,432766,646443,207962,0,4138,4025,165169,216126,381296,1891211
2020-11-15,2020,11,15,port57,Antwerp,Belgium,BEL,10,2,11,2,37,25,62,310411,789,5266,0,39970,316467,356438,90189,34791,17695,6256,117827,148933,266760,1891212
2020-11-16,2020,11,16,port57,Antwerp,Belgium,BEL,11,1,8,4,41,24,65,146281,0,3431,11806,133050,161519,294570,265178,0,6638,4782,123633,276599,400232,1891213
2020-11-17,2020,11,17,port57,Antwerp,Belgium,BEL,15,0,8,2,33,25,58,411374,0,27854,4869,247490,444098,691589,355064,0,4713,484,42620,360261,402882,1891214
2020-11-18,2020,11,18,port57,Antwerp,Belgium,BEL,13,2,12,3,42,30,72,209023,27028,1770,600,148962,238423,387385,430107,32794,11990,11867,56275,486759,543035,1891215
2020-11-19,2020,11,19,port57,Antwerp,Belgium,BEL,15,1,8,3,30,27,57,132107,0,4135,0,24505,136243,160749,354066,27364,4763,10889,50168,397085,447253,1891216
2020-11-20,2020,11,20,port57,Antwerp,Belgium,BEL,17,2,6,3,51,28,79,328740,28822,1180,0,131914,358743,490657,212233,0,8016,7170,162757,227421,390178,1891217
2020-11-21,2020,11,21,port57,Antwerp,Belgium,BEL,11,2,13,4,42,30,72,139812,59350,14101,4456,77238,217720,294958,201494,0,13813,8392,78789,223700,302490,1891218
2020-11-22,2020,11,22,port57,Antwerp,Belgium,BEL,12,0,11,1,36,24,60,106115,0,6482,4679,125151,117276,242428,477467,0,7780,0,38689,485248,523937,1891219
2020-11-23,2020,11,23,port57,Antwerp,Belgium,BEL,9,0,7,3,45,19,64,63671,0,2537,2103,153234,68311,221545,192100,0,6006,2431,109814,200537,310352,1891220
2020-11-24,2020,11,24,port57,Antwerp,Belgium,BEL,10,0,12,2,48,24,72,95789,0,4266,3183,85048,103239,188288,393469,0,14797,3786,125867,412053,537921,1891221
2020-11-25,2020,11,25,port57,Antwerp,Belgium,BEL,13,1,13,2,36,29,65,467962,0,16157,0,33010,484120,517131,132264,26563,8622,0,249459,167450,416910,1891222
2020-11-26,2020,11,26,port57,Antwerp,Belgium,BEL,16,1,7,1,41,25,66,255471,0,11592,0,190091,267063,457155,367309,40126,1531,2226,27300,411193,438494,1891223
2020-11-27,2020,11,27,port57,Antwerp,Belgium,BEL,14,2,8,5,39,29,68,462655,22878,1912,374,81723,487820,569544,501508,0,11212,11872,36265,524593,560859,1891224
2020-11-28,2020,11,28,port57,Antwerp,Belgium,BEL,11,0,8,1,47,20,67,162186,0,3572,0,175857,165759,341616,313690,0,4475,3604,64228,321770,385998,1891225
2020-11-29,2020,11,29,port57,Antwerp,Belgium,BEL,16,1,11,2,25,30,55,159331,0,5628,0,74247,164959,239207,211154,0,3865,2950,26514,217970,244484,1891226
2020-11-30,2020,11,30,port57,Antwerp,Belgium,BEL,14,5,10,3,48,32,80,175985,76332,1448,600,184974,254367,439341,270492,126730,25453,4869,51827,427545,479373,1891227
2020-12-01,2020,12,1,port57,Antwerp,Belgium,BEL,3,0,9,2,37,14,51,58952,0,3682,4869,57904,67504,125409,29970,0,4664,1951,83176,36587,119763,1891228
2020-12-02,2020,12,2,port57,Antwerp,Belgium,BEL,15,1,8,6,46,30,76,564015,0,2882,4334,66452,571232,637684,378793,0,5185,11644,69033,395623,464657,1891229
2020-12-03,2020,12,3,port57,Antwerp,Belgium,BEL,14,2,9,3,38,28,66,129433,0,8734,975,199850,139143,338993,188504,0,8045,8206,36922,204756,241679,1891230
2020-12-04,2020,12,4,port57,Antwerp,Belgium,BEL,10,1,11,3,44,25,69,31175,0,10601,374,240410,42151,282562,472174,20154,21078,6207,260773,519615,780388,1891231
2020-12-05,2020,12,5,port57,Antwerp,Belgium,BEL,15,2,6,1,31,24,55,157566,37637,3778,843,42047,199825,241872,252875,7403,3902,0,80979,264181,345161,1891232
2020-12-06,2020,12,6,port57,Antwerp,Belgium,BEL,14,2,4,4,48,24,72,305230,3898,1856,975,93055,311960,405016,286303,59,2923,6843,150986,296130,447116,1891233
2020-12-07,2020,12,7,port57,Antwerp,Belgium,BEL,11,2,13,1,44,27,71,326626,22956,8187,1262,168358,359032,527390,277056,27883,5845,0,42034,310785,352820,1891234
2020-12-08,2020,12,8,port57,Antwerp,Belgium,BEL,11,1,14,6,46,32,78,268531,0,7599,600,167479,276732,444211,342083,0,14533,20923,55730,377539,433269,1891235
2020-12-09,2020,12,9,port57,Antwerp,Belgium,BEL,13,1,10,3,44,27,71,173793,0,9071,5103,62824,187968,250792,261288,15891,10527,804,156669,288511,445180,1891236
2020-12-10,2020,12,10,port57,Antwerp,Belgium,BEL,12,1,11,3,31,27,58,316592,0,10352,0,101099,326944,428044,176643,899,15737,8203,207403,201484,408887,1891237
2020-12-11,2020,12,11,port57,Antwerp,Belgium,BEL,13,2,6,5,46,26,72,311298,27872,4466,3339,106295,346976,453271,137213,0,1706,5532,148189,144452,292641,1891238
2020-12-12,2020,12,12,port57,Antwerp,Belgium,BEL,11,0,6,1,41,18,59,131112,0,1180,0,92494,132293,224788,261235,0,6173,1681,85252,269090,354342,1891239
2020-12-13,2020,12,13,port57,Antwerp,Belgium,BEL,9,0,8,1,38,18,56,183259,0,2643,0,150087,185903,335990,197991,0,11963,1939,194966,211894,406861,1891240
2020-12-14,2020,12,14,port57,Antwerp,Belgium,BEL,11,2,14,2,40,29,69,136743,20618,6178,374,38065,163914,201979,185548,28362,18911,1760,38950,234582,273533,1891241
2020-12-15,2020,12,15,port57,Antwerp,Belgium,BEL,12,1,11,3,41,27,68,194048,31939,8538,0,92134,234526,326661,231521,0,4801,9265,75749,245587,321336,1891242
2020-12-16,2020,12,16,port57,Antwerp,Belgium,BEL,14,1,11,4,42,30,72,236851,35521,2658,750,104870,275781,380652,271161,0,24974,6353,42941,302488,345430,1891243
2020-12-17,2020,12,17,port57,Antwerp,Belgium,BEL,11,3,5,1,38,20,58,125452,5643,1996,0,112963,133092,246056,195506,39695,8971,0,38955,244174,283129,1891244
2020-12-18,2020,12,18,port57,Antwerp,Belgium,BEL,12,2,7,3,42,24,66,36549,0,3170,374,65202,40094,105296,639338,31208,2022,6978,54340,679548,733889,1891245
2020-12-19,2020,12,19,port57,Antwerp,Belgium,BEL,14,0,13,7,45,34,79,339756,0,10953,2104,105209,352813,458023,183830,0,20586,9470,72313,213888,286201,1891246
2020-12-20,2020,12,20,port57,Antwerp,Belgium,BEL,10,1,14,1,34,26,60,94430,0,12850,0,88433,107281,195714,188605,36003,24977,0,78740,249585,328326,1891247
2020-12-21,2020,12,21,port57,Antwerp,Belgium,BEL,14,1,9,3,42,27,69,159541,0,5561,374,124755,165477,290232,217713,13516,3289,11156,37150,245675,282826,1891248
2020-12-22,2020,12,22,port57,Antwerp,Belgium,BEL,16,1,14,4,36,35,71,221947,0,5815,0,100806,227762,328569,350981,16104,28093,8318,227398,403497,630895,1891249
2020-12-23,2020,12,23,port57,Antwerp,Belgium,BEL,12,1,10,2,40,25,65,34869,22555,5914,0,128577,63339,191917,615702,0,3426,0,91361,619129,710491,1891250
2020-12-24,2020,12,24,port57,Antwerp,Belgium,BEL,7,0,10,1,35,18,53,109589,0,8345,0,97318,117935,215253,72562,0,4643,3322,43544,80528,124072,1891251
2020-12-25,2020,12,25,port57,Antwerp,Belgium,BEL,9,0,13,1,35,23,58,81578,0,4467,0,111466,86045,197511,135061,0,11591,0,34030,146652,180682,1891252
2020-12-26,2020,12,26,port57,Antwerp,Belgium,BEL,10,2,4,5,32,21,53,237408,56200,2623,2299,55069,298531,353601,105497,0,5284,9893,111125,120675,231801,1891253
2020-12-27,2020,12,27,port57,Antwerp,Belgium,BEL,5,0,3,3,22,11,33,49100,0,3638,4988,52417,57726,110144,41429,0,620,0,50109,42049,92159,1891254
2020-12-28,2020,12,28,port57,Antwerp,Belgium,BEL,12,3,8,3,42,26,68,307374,37821,2417,839,104428,348453,452881,224016,77273,5746,9985,105689,317022,422712,1891255
2020-12-29,2020,12,29,port57,Antwerp,Belgium,BEL,13,1,11,2,47,27,74,477834,0,7818,0,74502,485652,560155,241073,32949,6595,9820,92210,290438,382649,1891256
2020-12-30,2020,12,30,port57,Antwerp,Belgium,BEL,12,0,4,1,37,17,54,101048,0,4950,0,85647,105999,191647,188780,0,3114,0,67208,191894,259103,1891257
2020-12-31,2020,12,31,port57,Antwerp,Belgium,BEL,9,1,7,3,36,20,56,201288,57544,6758,1464,89402,267055,356458,161542,0,12579,2910,163538,177031,340570,1891258
2021-01-01,2021,1,1,port57,Antwerp,Belgium,BEL,8,0,6,1,31,15,46,75561,0,1374,600,84896,77536,162433,279414,0,5142,966,72248,285522,357770,1891259
2021-01-02,2021,1,2,port57,Antwerp,Belgium,BEL,10,1,8,3,33,22,55,260164,20103,10127,374,74921,290769,365691,190561,0,5472,4062,75710,200096,275807,1891260
2021-01-03,2021,1,3,port57,Antwerp,Belgium,BEL,14,2,18,4,34,38,72,128165,0,11582,3216,162140,142964,305104,209422,68919,13892,10164,55434,302398,357833,1891261
2021-01-04,2021,1,4,port57,Antwerp,Belgium,BEL,6,0,8,4,41,18,59,150522,0,8556,4025,278117,163104,441222,43780,0,8909,1743,29737,54433,84171,1891262
2021-01-05,2021,1,5,port57,Antwerp,Belgium,BEL,17,0,9,2,40,28,68,274170,0,5218,4447,97270,283835,381105,241869,0,8166,1803,29574,251839,281413,1891263
2021-01-06,2021,1,6,port57,Antwerp,Belgium,BEL,15,1,7,5,31,28,59,229784,0,4646,3701,67494,238133,305627,273092,36672,4166,966,50792,314898,365691,1891264
2021-01-07,2021,1,7,port57,Antwerp,Belgium,BEL,13,0,4,3,57,20,77,178851,0,2523,374,120294,181749,302044,191351,0,1075,1760,58589,194187,252776,1891265
2021-01-08,2021,1,8,port57,Antwerp,Belgium,BEL,20,2,6,5,39,33,72,394131,0,2378,374,66213,396883,463097,284952,31856,6059,10428,50703,333297,384000,1891266
2021-01-09,2021,1,9,port57,Antwerp,Belgium,BEL,7,1,8,0,31,16,47,80456,0,5938,0,84516,86394,170911,248544,0,10806,0,64992,259351,324343,1891267
2021-01-10,2021,1,10,port57,Antwerp,Belgium,BEL,13,0,9,0,42,22,64,131100,0,6846,0,117988,137947,255935,343550,0,8341,0,34508,351892,386401,1891268
2021-01-11,2021,1,11,port57,Antwerp,Belgium,BEL,5,2,9,1,35,17,52,211432,25430,6647,0,70971,243510,314481,42417,42299,9140,0,88970,93858,182829,1891269
2021-01-12,2021,1,12,port57,Antwerp,Belgium,BEL,18,0,8,6,33,32,65,410930,0,2052,0,75021,412982,488003,273516,0,6068,9257,69912,288843,358756,1891270
2024-05-31,2024,5,31,port57,Antwerp,Belgium,BEL,15,2,5,2,30,24,54,156189,23246,3786,0,92906,183223,276129,507087,44390,1988,3216,45927,556683,602610,1891271
2024-06-01,2024,6,1,port57,Antwerp,Belgium,BEL,10,1,6,1,31,18,49,21270,0,3151,600,28913,25022,53935,195531,0,1741,966,69878,198239,268117,1891272
2024-06-02,2024,6,2,port57,Antwerp,Belgium,BEL,9,3,7,2,33,21,54,76115,130385,7199,0,199679,213700,413379,188093,965,4965,7914,46981,201939,248920,1891273
2021-02-18,2021,2,18,port57,Antwerp,Belgium,BEL,16,2,16,2,44,36,80,376760,48809,9147,0,127262,434717,561980,103493,0,18218,3568,93270,125280,218551,1891274
2024-06-03,2024,6,3,port57,Antwerp,Belgium,BEL,15,1,4,2,32,22,54,287349,44588,2318,1425,110550,335680,446230,169739,0,1268,54,89396,171062,260458,1891275
2021-02-19,2021,2,19,port57,Antwerp,Belgium,BEL,15,0,11,3,37,29,66,343758,0,3971,3403,272170,351133,623303,198299,0,16403,7822,42053,222525,264578,1891276
2024-06-04,2024,6,4,port57,Antwerp,Belgium,BEL,11,1,12,2,36,26,62,357349,2876,7132,374,173896,367733,541629,298949,0,15171,1760,200512,315881,516393,1891277
2021-02-20,2021,2,20,port57,Antwerp,Belgium,BEL,10,1,7,2,44,20,64,78132,13999,4610,0,130722,96742,227465,273144,0,3503,8300,94826,284948,379774,1891278
2024-06-05,2024,6,5,port57,Antwerp,Belgium,BEL,9,2,7,5,34,23,57,327359,33611,5122,0,77365,366093,443459,246576,74559,4131,8564,101308,333832,435140,1891279
2024-06-06,2024,6,6,port57,Antwerp,Belgium,BEL,14,1,10,1,37,26,63,43608,0,9242,0,84866,52851,137718,260171,14289,5107,2302,124230,281869,406100,1891280
2024-06-07,2024,6,7,port57,Antwerp,Belgium,BEL,9,1,11,0,33,21,54,74278,0,8272,0,93610,82550,176161,173098,20983,7042,0,188829,201124,389953,1891281
2021-02-21,2021,2,21,port57,Antwerp,Belgium,BEL,8,2,5,1,37,16,53,76202,0,1923,0,55852,78126,133979,130593,5854,1297,4989,117982,142734,260717,1891282
2024-06-08,2024,6,8,port57,Antwerp,Belgium,BEL,6,1,10,6,37,23,60,95393,52709,6864,1020,67768,155988,223756,63201,0,5070,11088,95464,79359,174823,1891283
2024-06-09,2024,6,9,port57,Antwerp,Belgium,BEL,7,0,7,0,37,14,51,327025,0,8107,0,168582,335133,503715,19929,0,532,0,23226,20461,43688,1891284
2021-02-22,2021,2,22,port57,Antwerp,Belgium,BEL,11,3,7,1,50,22,72,261513,14856,4710,0,168413,281080,449494,292739,53313,930,1026,75195,348009,423204,1891285
2024-06-10,2024,6,10,port57,Antwerp,Belgium,BEL,7,3,8,3,34,21,55,34286,28003,4451,2525,75860,69266,145126,99010,30632,3185,5520,62801,138348,201150,1891286
2021-02-23,2021,2,23,port57,Antwerp,Belgium,BEL,12,1,11,5,44,29,73,56861,1471,6528,7817,154718,72679,227398,187014,0,9109,16231,84923,212355,297279,1891287
2024-06-11,2024,6,11,port57,Antwerp,Belgium,BEL,15,0,10,3,25,28,53,334867,0,4535,600,63502,340003,403506,322546,0,6585,5958,63788,335090,398879,1891288
2021-02-24,2021,2,24,port57,Antwerp,Belgium,BEL,13,2,11,2,45,28,73,56721,36221,10341,600,122580,103886,226467,509864,31097,13346,2430,123987,556739,680727,1891289
2024-06-12,2024,6,12,port57,Antwerp,Belgium,BEL,7,2,13,4,29,26,55,54250,0,22607,110,106272,76967,183240,177378,56299,6277,1815,132284,241771,374056,1891290
2021-02-25,2021,2,25,port57,Antwerp,Belgium,BEL,14,0,6,2,35,22,57,232830,0,3383,554,118366,236768,355134,199613,0,3536,4464,54171,207614,261785,1891291
2024-06-13,2024,6,13,port57,Antwerp,Belgium,BEL,17,3,10,2,43,32,75,196043,93224,3265,1527,102335,294060,396395,263934,44038,10391,0,80520,318364,398885,1891292
2021-02-26,2021,2,26,port57,Antwerp,Belgium,BEL,18,2,10,3,45,33,78,548546,9622,5286,0,64123,563455,627579,309517,23805,5419,10930,108524,349673,458198,1891293
2021-02-27,2021,2,27,port57,Antwerp,Belgium,BEL,10,0,14,3,40,27,67,115879,0,4351,600,219295,120831,340127,113120,0,14700,6174,136504,133995,270500,1891294
2021-02-28,2021,2,28,port57,Antwerp,Belgium,BEL,14,1,11,3,31,29,60,343632,8188,9177,0,109548,360998,470547,246382,0,3494,1782,20374,251659,272033,1891295
2021-03-01,2021,3,1,port57,Antwerp,Belgium,BEL,11,2,13,0,38,26,64,102590,14856,15032,0,60641,132479,193121,272339,8510,7109,0,76491,287959,364450,1891296
2021-03-02,2021,3,2,port57,Antwerp,Belgium,BEL,12,6,14,2,44,34,78,125905,84644,5210,4869,121006,220628,341635,293965,132065,13445,2164,29327,441641,470969,1891297
2021-03-03,2021,3,3,port57,Antwerp,Belgium,BEL,13,0,8,3,43,24,67,164816,0,4376,0,104357,169192,273550,414857,0,29502,2088,119472,446448,565920,1891298
2021-03-04,2021,3,4,port57,Antwerp,Belgium,BEL,11,1,12,2,32,26,58,109970,1153,6714,1820,139906,119659,259566,143044,0,11555,1023,245535,155623,401159,1891299
2021-03-05,2021,3,5,port57,Antwerp,Belgium,BEL,19,0,14,2,40,35,75,365613,0,5613,0,108276,371227,479504,285400,0,10708,4025,185781,300134,485915,1891300
2021-03-06,2021,3,6,port57,Antwerp,Belgium,BEL,13,0,8,6,42,27,69,249093,0,9660,0,77160,258754,335914,106010,0,3944,10961,85487,120916,206403,1891301
2021-03-07,2021,3,7,port57,Antwerp,Belgium,BEL,14,2,12,2,42,30,72,146579,26099,8150,374,134905,181203,316109,333902,31311,9565,6887,191230,381667,572898,1891302
2021-03-08,2021,3,8,port57,Antwerp,Belgium,BEL,9,4,9,0,35,22,57,151478,86584,8503,0,31207,246566,277774,173668,0,3584,0,141228,177252,318481,1891303
2021-03-09,2021,3,9,port57,Antwerp,Belgium,BEL,13,2,7,4,47,26,73,380056,47140,3577,5244,287950,436018,723969,296644,0,8934,1194,80243,306773,387016,1891304
2021-03-10,2021,3,10,port57,Antwerp,Belgium,BEL,14,1,10,1,48,26,74,178018,36440,8675,392,96780,223528,320308,262239,0,8904,0,55945,271144,327089,1891305
2021-03-11,2021,3,11,port57,Antwerp,Belgium,BEL,7,0,7,1,41,15,56,276148,0,1259,0,136794,277408,414202,58509,0,4976,0,113149,63486,176635,1891306
2021-03-12,2021,3,12,port57,Antwerp,Belgium,BEL,17,1,2,1,39,21,60,217100,33196,1321,0,134467,251618,386085,572470,0,1481,4447,82322,578399,660722,1891307
2021-03-13,2021,3,13,port57,Antwerp,Belgium,BEL,8,1,15,3,32,27,59,147445,0,4725,422,73545,152592,226138,109640,0,28946,6026,147214,144612,291827,1891308
2021-03-14,2021,3,14,port57,Antwerp,Belgium,BEL,10,0,12,4,40,26,66,28641,0,20562,0,105025,49203,154229,383270,0,6274,8954,79975,398500,478475,1891309
2021-03-15,2021,3,15,port57,Antwerp,Belgium,BEL,16,0,10,4,47,30,77,245010,0,5122,1838,159888,251970,411859,332415,0,10176,8424,158504,351016,509521,1891310
2021-03-16,2021,3,16,port57,Antwerp,Belgium,BEL,17,0,9,5,47,31,78,153945,0,11963,5578,143909,171487,315397,373650,0,3064,5014,58671,381728,440400,1891311
2021-03-17,2021,3,17,port57,Antwerp,Belgium,BEL,10,1,6,4,36,21,57,119068,28109,6008,0,114866,153186,268052,234435,0,3960,9294,27615,247690,275306,1891312
2021-03-18,2021,3,18,port57,Antwerp,Belgium,BEL,14,2,8,2,38,26,64,389360,46752,4042,0,132380,440155,572536,141673,0,21923,0,204604,163597,368201,1891313
2021-03-19,2021,3,19,port57,Antwerp,Belgium,BEL,10,2,14,7,48,33,81,120961,29670,13255,3697,60987,167585,228572,113886,46642,22720,20476,44663,203726,248390,1891314
2021-03-20,2021,3,20,port57,Antwerp,Belgium,BEL,16,1,7,2,40,26,66,515352,10866,3206,0,229850,529425,759275,180423,0,3957,0,52974,184380,237354,1891315
2021-03-21,2021,3,21,port57,Antwerp,Belgium,BEL,10,3,10,2,31,25,56,269339,0,7152,0,110441,276491,386933,138684,55300,6716,7000,65287,207702,272990,1891316
2021-03-22,2021,3,22,port57,Antwerp,Belgium,BEL,14,1,10,2,47,27,74,158688,12657,12256,2302,138151,185904,324055,301202,0,4208,0,90104,305411,395516,1891317
2021-03-23,2021,3,23,port57,Antwerp,Belgium,BEL,14,1,8,5,41,28,69,197226,34175,6652,905,122739,238961,361701,465888,0,8283,4508,133016,478680,611696,1891318
2021-03-24,2021,3,24,port57,Antwerp,Belgium,BEL,12,4,12,4,41,32,73,140338,125040,12140,600,71636,278120,349756,510549,42012,10821,6581,192107,569964,762072,1891319
2021-03-25,2021,3,25,port57,Antwerp,Belgium,BEL,14,3,12,3,35,32,67,468167,0,5237,0,163743,473405,637148,108012,135532,14221,7804,69333,265571,334905,1891320
2021-03-26,2021,3,26,port57,Antwerp,Belgium,BEL,14,4,14,4,50,36,86,215346,22377,8884,1408,138186,248016,386203,289921,59295,16161,15443,203307,380823,584130,1891321
2021-03-27,2021,3,27,port57,Antwerp,Belgium,BEL,13,2,15,3,45,33,78,335429,0,12498,600,108193,348528,456722,323814,0,14098,966,76254,338879,415133,1891322
2021-03-28,2021,3,28,port57,Antwerp,Belgium,BEL,11,0,7,2,37,20,57,264014,0,3233,0,83815,267248,351063,265001,0,4386,3885,105563,273273,378836,1891323
2021-03-29,2021,3,29,port57,Antwerp,Belgium,BEL,13,2,13,1,40,29,69,49204,0,10525,0,109664,59730,169394,192720,40202,5617,0,56478,238540,295018,1891324
2021-03-30,2021,3,30,port57,Antwerp,Belgium,BEL,16,0,6,5,47,27,74,135490,0,6031,7848,68543,149370,217913,582316,0,3748,5626,69609,591692,661302,1891325
2021-03-31,2021,3,31,port57,Antwerp,Belgium,BEL,6,2,9,3,41,20,61,126766,0,4027,374,216544,131167,347712,92290,2407,21608,8155,41648,124462,166111,1891326
2021-04-01,2021,4,1,port57,Antwerp,Belgium,BEL,14,1,13,2,41,30,71,134055,36998,18360,374,245059,189789,434849,387244,0,15700,5083,83753,408028,491781,1891327
2021-04-02,2021,4,2,port57,Antwerp,Belgium,BEL,16,1,7,2,41,26,67,262892,63621,5552,600,150464,332666,483130,199106,0,7108,5835,77712,212051,289763,1891328
2021-04-03,2021,4,3,port57,Antwerp,Belgium,BEL,11,1,10,1,35,23,58,341255,0,5811,0,127571,347066,474638,394653,0,6689,0,36070,401342,437413,1891329
2021-04-04,2021,4,4,port57,Antwerp,Belgium,BEL,12,2,10,1,37,25,62,150425,485,3569,0,162346,154479,316825,429115,6639,17511,2247,71971,455514,527486,1891330
2021-04-05,2021,4,5,port57,Antwerp,Belgium,BEL,10,0,6,2,33,18,51,203013,0,3663,1685,152112,208362,360475,246065,0,3011,0,100796,249076,349873,1891331
2021-04-06,2021,4,6,port57,Antwerp,Belgium,BEL,12,0,8,2,31,22,53,357453,0,8888,2475,63892,368817,432710,101467,0,2102,1760,70633,105329,175963,1891332
2021-04-07,2021,4,7,port57,Antwerp,Belgium,BEL,12,0,14,1,34,27,61,147850,0,4178,600,100434,152630,253064,148789,0,17867,966,23971,167623,191594,1891333
2021-04-08,2021,4,8,port57,Antwerp,Belgium,BEL,11,1,13,3,43,28,71,176409,0,10233,0,203703,186643,390346,274972,1319,10292,3803,156191,290388,446580,1891334
2021-04-09,2021,4,9,port57,Antwerp,Belgium,BEL,14,2,8,4,40,28,68,285293,8822,9554,374,101992,304045,406037,191654,0,3487,13216,79460,208358,287819,1891335
2021-04-10,2021,4,10,port57,Antwerp,Belgium,BEL,13,2,7,4,42,26,68,327654,34436,5835,1820,73692,369747,443440,241272,20835,2956,9953,172480,275018,447498,1891336
2021-04-11,2021,4,11,port57,Antwerp,Belgium,BEL,15,1,9,2,37,27,64,74062,24713,7884,2643,95199,109304,204504,214202,0,2513,0,116493,216716,333210,1891337
2021-04-12,2021,4,12,port57,Antwerp,Belgium,BEL,12,0,5,3,43,20,63,247989,0,2923,0,133458,250913,384372,276305,0,5685,6492,38118,288483,326602,1891338
2021-04-13,2021,4,13,port57,Antwerp,Belgium,BEL,10,4,15,2,54,31,85,123682,14856,8037,0,64413,146576,210989,353012,45631,10294,3942,94230,412880,507111,1891339
2021-04-14,2021,4,14,port57,Antwerp,Belgium,BEL,10,0,12,2,34,24,58,308712,0,8907,0,57931,317619,375551,119680,0,9579,5765,92851,135025,227876,1891340
2021-04-15,2021,4,15,port57,Antwerp,Belgium,BEL,15,0,11,3,40,29,69,241949,0,3368,0,62074,245318,307392,127587,0,31688,1577,146851,160852,307704,1891341
2021-04-16,2021,4,16,port57,Antwerp,Belgium,BEL,12,2,5,2,45,21,66,219279,0,1851,0,129706,221130,350837,334904,72194,14280,6474,149310,427853,577164,1891342
2021-04-17,2021,4,17,port57,Antwerp,Belgium,BEL,13,2,7,4,33,26,59,89465,0,7962,1591,113752,99018,212771,239248,43430,1473,7739,123581,291891,415473,1891343
2021-04-18,2021,4,18,port57,Antwerp,Belgium,BEL,12,0,11,2,39,25,64,157895,0,8843,374,177839,167112,344952,222638,0,4830,3294,82727,230764,313492,1891344
2021-04-19,2021,4,19,port57,Antwerp,Belgium,BEL,17,0,11,2,46,30,76,454789,0,9920,0,166466,464710,631176,262690,0,6918,7189,89020,276798,365818,1891345
2021-04-20,2021,4,20,port57,Antwerp,Belgium,BEL,12,2,6,3,34,23,57,141741,21675,18261,2491,106423,184170,290593,334697,30619,6001,435,138856,371754,510611,1891346
2021-04-21,2021,4,21,port57,Antwerp,Belgium,BEL,15,4,9,5,45,33,78,212167,79031,10859,2522,152961,304580,457542,369593,0,3523,7639,85001,380757,465759,1891347
2021-04-22,2021,4,22,port57,Antwerp,Belgium,BEL,11,1,8,3,38,23,61,317765,0,14108,374,103362,332248,435610,240942,25764,7233,3338,46771,277279,324051,1891348
2021-04-23,2021,4,23,port57,Antwerp,Belgium,BEL,16,0,10,5,34,31,65,243977,0,5600,884,106284,250463,356747,314979,0,6583,12872,145750,334435,480185,1891349
2021-04-24,2021,4,24,port57,Antwerp,Belgium,BEL,9,0,8,3,52,20,72,76069,0,7629,374,253038,84073,337111,252952,0,6302,5591,91619,264846,356466,1891350
2021-04-25,2021,4,25,port57,Antwerp,Belgium,BEL,12,0,9,3,29,24,53,214543,0,4684,0,134045,219227,353273,344181,0,13532,4179,152947,361893,514841,1891351
2021-04-26,2021,4,26,port57,Antwerp,Belgium,BEL,14,2,15,1,40,32,72,251615,32624,13349,0,94176,297589,391765,230398,35353,13731,567,32139,280049,312189,1891352
2021-04-27,2021,4,27,port57,Antwerp,Belgium,BEL,18,0,7,2,44,27,71,254126,0,8100,4055,74405,266282,340687,473893,0,1883,0,107461,475777,583238,1891353
2021-04-28,2021,4,28,port57,Antwerp,Belgium,BEL,15,7,5,2,40,29,69,188365,66212,2053,0,120627,256631,377258,252817,26899,4774,2055,168141,286547,454689,1891354
2021-04-29,2021,4,29,port57,Antwerp,Belgium,BEL,18,0,8,5,45,31,76,337274,0,4047,975,224680,342296,566976,96748,0,6291,16443,114396,119484,233880,1891355
2021-04-30,2021,4,30,port57,Antwerp,Belgium,BEL,14,3,10,3,48,30,78,230463,36368,10493,0,152150,277325,429476,256224,31823,6869,10711,51348,305629,356978,1891356
2021-05-01,2021,5,1,port57,Antwerp,Belgium,BEL,13,1,10,3,41,27,68,363282,0,8128,374,160363,371785,532148,390551,0,2561,2183,92196,395296,487493,1891357
2021-05-02,2021,5,2,port57,Antwerp,Belgium,BEL,11,1,4,1,29,17,46,311225,37003,8573,0,87651,356802,444454,66400,0,384,2260,25568,69045,94613,1891358
2021-05-03,2021,5,3,port57,Antwerp,Belgium,BEL,10,0,11,4,39,25,64,241025,0,11985,842,138272,253853,392126,132968,0,6464,3228,93337,142662,235999,1891359
2021-05-04,2021,5,4,port57,Antwerp,Belgium,BEL,10,0,14,1,29,25,54,392442,0,8571,0,33922,401014,434936,57783,0,8794,4483,94232,71061,165293,1891360
2021-05-05,2021,5,5,port57,Antwerp,Belgium,BEL,15,1,8,4,34,28,62,222397,0,6163,374,145343,228935,374278,455114,45539,12338,8156,60631,521150,581781,1891361
2021-05-06,2021,5,6,port57,Antwerp,Belgium,BEL,15,3,12,2,42,32,74,201641,53081,5059,374,56263,260156,316420,297518,0,12060,3795,166107,313374,479482,1891362
2021-05-07,2021,5,7,port57,Antwerp,Belgium,BEL,11,1,9,4,39,25,64,127726,34311,2823,0,80179,164862,245041,517029,0,23514,11336,110993,551880,662873,1891363
2021-05-08,2021,5,8,port57,Antwerp,Belgium,BEL,9,2,5,4,47,20,67,32436,9833,1180,843,188687,44294,232982,76556,26195,4110,6531,60116,113393,173509,1891364
2021-05-09,2021,5,9,port57,Antwerp,Belgium,BEL,16,2,9,4,40,31,71,178018,61458,6145,918,173897,246540,420438,528147,0,8124,1185,85817,537456,623273,1891365
2021-05-10,2021,5,10,port57,Antwerp,Belgium,BEL,9,1,13,3,35,26,61,247359,30135,8960,0,121065,286455,407520,164923,0,7743,6760,23394,179427,202821,1891366
2021-05-11,2021,5,11,port57,Antwerp,Belgium,BEL,13,1,10,6,38,30,68,224842,0,2053,1994,66348,228890,295239,133736,35568,16862,10241,26743,196408,223151,1891367
2021-05-12,2021,5,12,port57,Antwerp,Belgium,BEL,15,0,5,3,37,23,60,193623,0,2094,1180,144878,196899,341777,300886,0,4847,737,112581,306471,419053,1891368
2021-05-13,2021,5,13,port57,Antwerp,Belgium,BEL,10,1,12,4,40,27,67,142779,0,12670,0,85201,155449,240650,126693,27187,2796,0,117991,156678,274669,1891369
2021-05-14,2021,5,14,port57,Antwerp,Belgium,BEL,15,2,6,3,43,26,69,66824,46828,8171,0,134162,121824,255986,375797,20876,8519,6506,82016,411700,493716,1891370
2021-05-15,2021,5,15,port57,Antwerp,Belgium,BEL,15,2,6,5,39,28,67,333839,29232,3195,374,42712,366641,409354,324201,0,6174,13643,108888,344019,452907,1891371
2021-05-16,2021,5,16,port57,Antwerp,Belgium,BEL,13,2,13,2,35,30,65,419652,40756,11654,2055,144206,474118,618325,123765,0,14819,6410,49374,144996,194370,1891372
2021-05-17,2021,5,17,port57,Antwerp,Belgium,BEL,12,0,17,4,38,33,71,99593,0,10132,421,121772,110147,231919,215632,0,11749,4842,76153,232224,308377,1891373
2021-05-18,2021,5,18,port57,Antwerp,Belgium,BEL,18,1,7,4,43,30,73,395946,0,4801,1862,165032,402611,567644,292468,13521,4609,6572,178874,317172,496047,1891374
2021-05-19,2021,5,19,port57,Antwerp,Belgium,BEL,11,1,8,5,45,25,70,277834,0,6250,460,148183,284544,432727,45107,0,4341,3868,188063,53316,241379,1891375
2021-05-20,2021,5,20,port57,Antwerp,Belgium,BEL,18,2,11,3,37,34,71,101576,0,6221,157,98161,107955,206117,574362,17550,21021,5830,126665,618764,745429,1891376
2021-05-21,2021,5,21,port57,Antwerp,Belgium,BEL,9,2,10,4,32,25,57,35987,44088,10725,0,68132,90801,158934,104393,0,6412,9846,71834,120652,192487,1891377
2021-05-22,2021,5,22,port57,Antwerp,Belgium,BEL,14,1,4,2,51,21,72,484826,52440,0,0,150968,537266,688234,389786,0,4132,5008,153164,398927,552091,1891378
2021-05-23,2021,5,23,port57,Antwerp,Belgium,BEL,13,4,2,2,47,21,68,207025,61796,278,0,129958,269101,399060,279527,14659,1739,4218,51070,300144,351214,1891379
2021-05-24,2021,5,24,port57,Antwerp,Belgium,BEL,14,0,11,1,40,26,66,260201,0,7637,0,113263,267839,381102,209360,0,4128,2253,113974,215742,329716,1891380
2021-05-25,2021,5,25,port57,Antwerp,Belgium,BEL,14,1,9,2,40,26,66,315201,12048,2922,1683,145942,331855,477797,300745,0,4712,6195,125143,311653,436797,1891381
2021-05-26,2021,5,26,port57,Antwerp,Belgium,BEL,16,0,14,1,48,31,79,50941,0,5864,600,74633,57406,132039,269844,0,19439,966,138793,290249,429043,1891382
2021-05-27,2021,5,27,port57,Antwerp,Belgium,BEL,11,0,11,3,35,25,60,116377,0,14593,1078,142412,132049,274461,210803,0,5612,787,21016,217203,238219,1891383
2021-05-28,2021,5,28,port57,Antwerp,Belgium,BEL,14,3,8,4,47,29,76,327545,15492,9306,0,123026,352344,475370,325180,26230,2671,6749,117569,360831,478401,1891384
2021-05-29,2021,5,29,port57,Antwerp,Belgium,BEL,10,0,5,6,32,21,53,152248,0,3310,600,94227,156159,250386,177170,0,6962,9468,152465,193602,346067,1891385
2021-05-30,2021,5,30,port57,Antwerp,Belgium,BEL,11,5,10,3,27,29,56,83021,41802,10021,207,28646,135054,163700,216869,14807,6556,3692,93937,241925,335863,1891386
2021-05-31,2021,5,31,port57,Antwerp,Belgium,BEL,14,4,12,2,47,32,79,252107,65591,24072,0,99352,341772,441125,310306,45485,13237,567,193960,369596,563556,1891387
2021-06-01,2021,6,1,port57,Antwerp,Belgium,BEL,13,0,11,3,40,27,67,206572,0,10305,7236,71399,224114,295514,279849,0,16177,0,97994,296027,394021,1891388
2021-06-02,2021,6,2,port57,Antwerp,Belgium,BEL,17,2,10,4,44,33,77,213689,14856,7744,0,127484,236290,363774,340227,7403,6945,4491,94781,359068,453849,1891389
2021-06-03,2021,6,3,port57,Antwerp,Belgium,BEL,10,0,12,3,30,25,55,183060,0,12621,374,74694,196056,270751,123932,0,6624,2154,87992,132711,220704,1891390
2021-06-04,2021,6,4,port57,Antwerp,Belgium,BEL,12,1,12,5,38,30,68,134118,49200,4689,600,120808,188609,309418,153200,0,9569,10737,83699,173507,257206,1891391
2021-06-05,2021,6,5,port57,Antwerp,Belgium,BEL,12,1,5,2,41,20,61,590014,2316,15016,0,289404,607347,896751,139031,0,1010,3924,72488,143966,216454,1891392
2021-06-06,2021,6,6,port57,Antwerp,Belgium,BEL,11,1,7,3,35,22,57,215244,0,8057,600,124365,223902,348268,276293,43353,26369,3726,59665,349742,409407,1891393
2021-06-07,2021,6,7,port57,Antwerp,Belgium,BEL,13,3,15,2,35,33,68,139639,29226,8426,0,151417,177292,328709,245403,59743,8606,2049,36072,315802,351874,1891394
2021-06-08,2021,6,8,port57,Antwerp,Belgium,BEL,17,4,12,4,39,37,76,611483,126686,9593,4775,23685,752538,776223,178661,0,9049,5150,140890,192861,333751,1891395
2021-06-09,2021,6,9,port57,Antwerp,Belgium,BEL,13,0,10,3,51,26,77,205002,0,5700,0,93736,210702,304439,259632,0,14877,4578,194595,279088,473684,1891396
2021-06-10,2021,6,10,port57,Antwerp,Belgium,BEL,14,1,7,2,46,24,70,171762,0,3153,0,163119,174915,338034,482586,36574,11224,0,31935,530385,562321,1891397
2021-06-11,2021,6,11,port57,Antwerp,Belgium,BEL,11,3,8,4,47,26,73,214555,175770,7243,0,93592,397568,491161,189630,0,3586,13004,82527,206221,288748,1891398
2021-06-12,2021,6,12,port57,Antwerp,Belgium,BEL,9,1,7,6,42,23,65,106476,14856,3939,986,126202,126258,252460,282707,7403,7079,5964,82822,303154,385977,1891399
2021-06-13,2021,6,13,port57,Antwerp,Belgium,BEL,11,0,10,1,27,22,49,379456,0,3858,0,99721,383314,483036,188262,0,9900,0,35481,198162,233644,1891400
2021-06-14,2021,6,14,port57,Antwerp,Belgium,BEL,16,1,10,4,41,31,72,154721,30429,4383,1685,106705,191220,297926,413826,0,6866,6173,91554,426866,518420,1891401
2021-06-15,2021,6,15,port57,Antwerp,Belgium,BEL,15,1,12,5,33,33,66,147219,44196,8920,844,164193,201181,365375,405461,0,15577,6481,32271,427520,459791,1891402
2021-06-16,2021,6,16,port57,Antwerp,Belgium,BEL,12,0,9,1,38,22,60,335994,0,4791,0,176105,340786,516892,191094,0,10977,2249,33665,204321,237987,1891403
2021-06-17,2021,6,17,port57,Antwerp,Belgium,BEL,11,2,14,4,35,31,66,183131,34701,5480,110,119845,223424,343269,234065,0,16099,635,111678,250800,362478,1891404
2021-06-18,2021,6,18,port57,Antwerp,Belgium,BEL,13,2,6,6,41,27,68,335494,0,3306,374,141446,339175,480622,281824,37984,31817,16459,47830,368085,415916,1891405
2021-06-19,2021,6,19,port57,Antwerp,Belgium,BEL,9,2,11,1,27,23,50,165521,0,2784,0,117157,168306,285463,111767,52930,23401,1860,71938,189959,261898,1891406
2021-06-20,2021,6,20,port57,Antwerp,Belgium,BEL,14,1,8,2,35,25,60,185461,5337,15915,0,222938,206713,429651,198769,0,2738,2039,70999,203547,274547,1891407
2021-06-21,2021,6,21,port57,Antwerp,Belgium,BEL,15,1,9,4,40,29,69,175829,26917,3802,1214,158431,207762,366193,306919,0,4881,5974,77230,317775,395006,1891408
2021-06-22,2021,6,22,port57,Antwerp,Belgium,BEL,11,0,9,4,36,24,60,152007,0,3899,8336,61102,164243,225345,227753,0,19495,2726,35174,249976,285150,1891409
2021-06-23,2021,6,23,port57,Antwerp,Belgium,BEL,13,2,12,2,39,29,68,160948,0,8331,0,93614,169280,262894,457099,21014,4600,4025,91428,486739,578167,1891410
2021-06-24,2021,6,24,port57,Antwerp,Belgium,BEL,9,2,9,2,44,22,66,87288,0,10985,0,117979,98274,216254,60909,41493,4085,7086,145642,113574,259216,1891411
2021-06-25,2021,6,25,port57,Antwerp,Belgium,BEL,13,3,6,4,44,26,70,127527,11503,8027,110,132301,147168,279470,214571,14122,3996,8446,86164,241137,327302,1891412
2021-06-26,2021,6,26,port57,Antwerp,Belgium,BEL,10,1,5,5,33,21,54,171551,25306,3911,3286,95286,204055,299342,186348,0,3698,2726,114125,192773,306899,1891413
2021-06-27,2021,6,27,port57,Antwerp,Belgium,BEL,13,1,7,4,36,25,61,108025,43282,4795,508,59406,156611,216018,442119,0,5626,8282,111393,456028,567422,1891414
2021-06-28,2021,6,28,port57,Antwerp,Belgium,BEL,10,1,8,4,43,23,66,70163,0,3951,6189,112976,80305,193281,270143,20407,7657,8095,189331,306303,495634,1891415
2021-06-29,2021,6,29,port57,Antwerp,Belgium,BEL,12,1,16,2,33,31,64,106700,0,26326,600,96944,133627,230571,237707,0,15325,6064,70003,259097,329101,1891416
2021-06-30,2021,6,30,port57,Antwerp,Belgium,BEL,16,1,10,3,45,30,75,221164,40597,6883,0,52633,268645,321279,320135,0,6203,6085,112502,332424,444926,1891417
2021-07-01,2021,7,1,port57,Antwerp,Belgium,BEL,10,5,9,6,48,30,78,135117,138806,5765,949,102818,280639,383457,135823,41569,5046,13823,218889,196263,415153,1891418
2021-07-02,2021,7,2,port57,Antwerp,Belgium,BEL,7,1,16,5,41,29,70,94616,22257,12581,0,150581,129455,280036,397173,0,10140,10126,47531,417440,464972,1891419
2021-07-03,2021,7,3,port57,Antwerp,Belgium,BEL,13,0,10,2,33,25,58,481121,0,13556,600,87635,495278,582913,262771,0,21438,1812,23155,286022,309177,1891420
2021-07-04,2021,7,4,port57,Antwerp,Belgium,BEL,12,4,8,2,43,26,69,123984,92685,6102,0,193385,222771,416157,259440,49631,2242,0,110327,311313,421641,1891421
2021-07-05,2021,7,5,port57,Antwerp,Belgium,BEL,12,1,16,1,37,30,67,305344,9897,11473,0,46444,326715,373160,164734,0,20990,1964,71149,187688,258838,1891422
2021-07-06,2021,7,6,port57,Antwerp,Belgium,BEL,12,2,7,3,34,24,58,160704,72054,5625,2896,86908,241280,328189,332221,0,2606,1760,206062,336588,542650,1891423
2021-07-07,2021,7,7,port57,Antwerp,Belgium,BEL,13,0,9,2,30,24,54,286999,0,17741,0,135693,304740,440433,369224,0,3616,3099,28929,375941,404871,1891424
2021-07-08,2021,7,8,port57,Antwerp,Belgium,BEL,7,3,8,3,44,21,65,237123,40250,4483,0,67715,281856,349572,71391,0,4732,12691,116143,88814,204957,1891425
2021-07-09,2021,7,9,port57,Antwerp,Belgium,BEL,11,2,10,5,34,28,62,108054,0,5404,1461,127471,114920,242392,314717,10577,8205,10999,195710,344498,540208,1891426
2021-07-10,2021,7,10,port57,Antwerp,Belgium,BEL,12,1,5,1,40,19,59,128189,0,1363,839,36482,130392,166874,127259,6702,6499,0,140490,140461,280951,1891427
2021-07-11,2021,7,11,port57,Antwerp,Belgium,BEL,12,0,9,3,34,24,58,273351,0,7852,600,133615,281805,415420,89475,0,4289,2349,111514,96113,207628,1891428
2021-07-12,2021,7,12,port57,Antwerp,Belgium,BEL,15,3,5,0,42,23,65,306915,46309,3161,0,141235,356386,497622,510827,4897,620,0,53027,516344,569372,1891429
2021-07-13,2021,7,13,port57,Antwerp,Belgium,BEL,11,3,12,8,48,34,82,238201,76743,10556,7783,257445,333284,590730,297684,7403,13862,6261,85137,325212,410349,1891430
2021-07-14,2021,7,14,port57,Antwerp,Belgium,BEL,14,2,14,5,34,35,69,112899,5828,21424,3320,111688,143473,255161,313857,28677,17979,9032,68194,369547,437741,1891431
2021-07-15,2021,7,15,port57,Antwerp,Belgium,BEL,13,2,8,2,43,25,68,152365,62153,2894,0,165521,217413,382934,227692,0,6898,6451,66683,241042,307725,1891432
2021-07-16,2021,7,16,port57,Antwerp,Belgium,BEL,13,1,7,5,42,26,68,191236,28324,5017,207,145050,224785,369835,298111,0,6598,6638,151743,311348,463091,1891433
2021-07-17,2021,7,17,port57,Antwerp,Belgium,BEL,7,0,5,4,36,16,52,228811,0,2637,2838,86511,234287,320799,63275,0,2632,2421,79001,68329,147331,1891434
2021-07-18,2021,7,18,port57,Antwerp,Belgium,BEL,13,1,7,3,36,24,60,132405,37778,4286,0,213286,174470,387756,378526,0,2846,5643,48834,387017,435851,1891435
2021-07-19,2021,7,19,port57,Antwerp,Belgium,BEL,11,0,11,3,36,25,61,319688,0,8187,207,63686,328083,391770,86868,0,9607,2569,110540,99045,209585,1891436
2021-07-20,2021,7,20,port57,Antwerp,Belgium,BEL,15,2,7,7,38,31,69,197287,0,1770,5786,27475,204844,232319,353977,31622,4802,7430,80385,397832,478217,1891437
2021-07-21,2021,7,21,port57,Antwerp,Belgium,BEL,15,2,10,3,45,30,75,348765,0,2952,0,155705,351718,507423,475105,62244,11425,6132,169705,554908,724614,1891438
2021-07-22,2021,7,22,port57,Antwerp,Belgium,BEL,13,4,9,3,32,29,61,86814,20467,3806,0,132081,111088,243170,375134,43604,5518,7976,34086,432233,466319,1891439
2021-07-23,2021,7,23,port57,Antwerp,Belgium,BEL,10,2,5,3,43,20,63,56168,26349,1912,0,94853,84429,179282,309160,0,4230,7007,218049,320398,538448,1891440
2021-07-24,2021,7,24,port57,Antwerp,Belgium,BEL,13,2,5,4,41,24,65,194227,5160,2810,0,121221,202199,323420,226407,0,2737,4247,167180,233392,400573,1891441
2021-07-25,2021,7,25,port57,Antwerp,Belgium,BEL,6,1,9,2,32,18,50,97436,14856,12371,207,52045,124871,176917,134446,7403,2646,164,89726,144661,234387,1891442
2021-07-26,2021,7,26,port57,Antwerp,Belgium,BEL,16,0,6,2,50,24,74,178123,0,5937,600,201078,184662,385741,203165,0,2611,966,227648,206743,434391,1891443
2021-07-27,2021,7,27,port57,Antwerp,Belgium,BEL,19,0,7,4,41,30,71,246287,0,7770,2673,113210,256732,369942,313452,0,1968,4929,53512,320350,373863,1891444
2021-07-28,2021,7,28,port57,Antwerp,Belgium,BEL,11,3,11,2,25,27,52,84540,0,8105,374,141465,93020,234486,156422,36255,7888,4009,50726,204575,255301,1891445
2021-07-29,2021,7,29,port57,Antwerp,Belgium,BEL,15,0,6,4,55,25,80,124451,0,5509,474,103078,130436,233514,243993,0,6383,3656,138390,254033,392424,1891446
2021-07-30,2021,7,30,port57,Antwerp,Belgium,BEL,16,2,8,5,31,31,62,534018,0,4611,0,77086,538629,615715,168900,31037,21649,8038,74937,229625,304562,1891447
2021-07-31,2021,7,31,port57,Antwerp,Belgium,BEL,12,2,4,3,41,21,62,400847,111738,2826,0,81861,515412,597273,190514,0,2261,8489,53400,201266,254667,1891448
2021-08-01,2021,8,1,port57,Antwerp,Belgium,BEL,15,1,6,4,36,26,62,280341,3577,2792,580,73923,287292,361215,197892,0,5039,3487,170858,206420,377279,1891449
2021-08-02,2021,8,2,port57,Antwerp,Belgium,BEL,11,4,11,2,50,28,78,291386,9895,6884,842,107454,309009,416463,127659,63347,11406,0,41227,202413,243640,1891450
2021-08-03,2021,8,3,port57,Antwerp,Belgium,BEL,12,1,12,3,36,28,64,38672,0,7972,7431,129449,54076,183525,555615,12338,8230,5014,154749,581199,735948,1891451
2021-08-04,2021,8,4,port57,Antwerp,Belgium,BEL,12,2,7,5,47,26,73,113682,25138,3286,0,116438,142106,258544,227395,47152,2646,6578,104549,283772,388321,1891452
2021-08-05,2021,8,5,port57,Antwerp,Belgium,BEL,11,3,8,2,39,24,63,176688,19539,4469,2296,102673,202994,305667,237312,34352,6039,3593,155583,281297,436881,1891453
2021-08-06,2021,8,6,port57,Antwerp,Belgium,BEL,13,1,4,2,47,20,67,300836,46381,590,0,116485,347808,464293,192098,0,4241,4025,155268,200366,355634,1891454
2021-08-07,2021,8,7,port57,Antwerp,Belgium,BEL,8,0,3,1,52,12,64,135924,0,9602,0,132777,145526,278304,107229,0,3651,1437,106271,112318,218590,1891455
2021-08-08,2021,8,8,port57,Antwerp,Belgium,BEL,11,1,14,1,34,27,61,151065,0,8466,0,217283,159532,376816,202574,0,5904,0,137977,208478,346456,1891456
2021-08-09,2021,8,9,port57,Antwerp,Belgium,BEL,11,2,13,5,39,31,70,64250,48880,11489,110,88626,124730,213357,232912,0,18966,10382,138836,262261,401097,1891457
2021-08-10,2021,8,10,port57,Antwerp,Belgium,BEL,14,1,7,3,36,25,61,259421,33195,4686,4555,78583,301858,380441,298418,0,2377,0,129173,300796,429969,1891458
2021-08-11,2021,8,11,port57,Antwerp,Belgium,BEL,12,0,4,1,38,17,55,127742,0,5897,0,195537,133639,329177,339647,0,261,2249,28382,342158,370540,1891459
2021-08-12,2021,8,12,port57,Antwerp,Belgium,BEL,11,3,10,0,35,24,59,42265,48763,10918,0,103656,101947,205604,281374,0,5635,0,50094,287010,337104,1891460
2021-08-13,2021,8,13,port57,Antwerp,Belgium,BEL,12,2,12,2,36,28,64,240181,14856,12758,0,54257,267796,322053,159754,7403,7312,5259,121180,179731,300911,1891461
2021-08-14,2021,8,14,port57,Antwerp,Belgium,BEL,10,2,7,5,43,24,67,190368,33400,15179,1959,142130,240908,383039,29087,0,1530,7311,132333,37929,170262,1891462
2021-08-15,2021,8,15,port57,Antwerp,Belgium,BEL,12,1,5,1,34,19,53,231115,34325,5666,0,121210,271107,392317,290634,0,310,2548,70959,293493,364452,1891463
2021-08-16,2021,8,16,port57,Antwerp,Belgium,BEL,17,2,13,2,42,34,76,388039,24053,11937,600,138455,424631,563087,173601,30554,6596,966,80089,211718,291808,1891464
2021-08-17,2021,8,17,port57,Antwerp,Belgium,BEL,8,1,8,4,35,21,56,247137,29052,15468,867,102894,292526,395421,169110,0,8237,966,39959,178314,218274,1891465
2021-08-18,2021,8,18,port57,Antwerp,Belgium,BEL,13,3,11,3,41,30,71,142829,0,6495,395,97130,149720,246850,243953,80429,5292,2810,143062,332485,475548,1891466
2021-08-19,2021,8,19,port57,Antwerp,Belgium,BEL,11,3,9,2,37,25,62,191599,99172,4642,0,95232,295415,390647,360042,0,12071,6989,64732,379103,443836,1891467
2021-08-20,2021,8,20,port57,Antwerp,Belgium,BEL,12,1,8,6,37,27,64,304298,0,1180,6129,78122,311608,389730,445868,0,3663,12833,139097,462365,601462,1891468
2021-08-21,2021,8,21,port57,Antwerp,Belgium,BEL,9,0,6,5,33,20,53,388049,0,1363,3578,73447,392990,466437,88407,0,7078,9171,37455,104658,142113,1891469
2021-08-22,2021,8,22,port57,Antwerp,Belgium,BEL,13,1,7,4,29,25,54,162787,0,6402,0,68945,169189,238135,411694,0,4886,6786,72995,423366,496362,1891470
2021-08-23,2021,8,23,port57,Antwerp,Belgium,BEL,9,2,8,2,41,21,62,17159,0,3549,2134,49398,22843,72242,133939,28481,5050,0,50033,167470,217504,1891471
2021-08-24,2021,8,24,port57,Antwerp,Belgium,BEL,10,1,13,4,33,28,61,198622,0,7122,6457,84852,212201,297054,117692,32900,19996,2952,108754,173541,282296,1891472
2021-08-25,2021,8,25,port57,Antwerp,Belgium,BEL,13,2,13,1,52,29,81,382193,25726,9734,600,148417,418255,566673,179550,4359,16525,966,115665,201401,317066,1891473
2021-08-26,2021,8,26,port57,Antwerp,Belgium,BEL,11,2,7,2,41,22,63,80925,0,2112,0,69398,83038,152436,437540,28448,9316,2247,67978,477553,545532,1891474
2021-08-27,2021,8,27,port57,Antwerp,Belgium,BEL,13,1,11,2,33,27,60,270962,835,7452,0,98227,279250,377477,216574,0,17698,5180,51266,239454,290720,1891475
2021-08-28,2021,8,28,port57,Antwerp,Belgium,BEL,10,3,10,4,36,27,63,97207,7888,31308,419,145236,136823,282059,185354,31789,18325,10792,98331,246262,344594,1891476
2021-08-29,2021,8,29,port57,Antwerp,Belgium,BEL,10,4,8,0,35,22,57,468752,51819,8601,0,139862,529172,669034,139537,0,3925,0,107669,143463,251132,1891477
2021-08-30,2021,8,30,port57,Antwerp,Belgium,BEL,12,1,13,5,36,31,67,157347,8764,14557,0,99787,180669,280456,224899,0,7337,11192,115945,243430,359375,1891478
2021-08-31,2021,8,31,port57,Antwerp,Belgium,BEL,11,1,7,3,38,22,60,123735,30498,2739,5636,60231,162609,222841,307973,0,5459,54,142463,313486,455950,1891479
2021-09-01,2021,9,1,port57,Antwerp,Belgium,BEL,16,1,15,2,44,34,78,375330,33175,8950,995,168441,418452,586893,198850,0,12717,164,226795,211733,438528,1891480
2021-09-02,2021,9,2,port57,Antwerp,Belgium,BEL,11,0,7,1,43,19,62,92147,0,2784,0,140061,94932,234993,313596,0,5379,0,172124,318975,491100,1891481
2021-09-03,2021,9,3,port57,Antwerp,Belgium,BEL,10,0,7,4,54,21,75,244645,0,3106,1533,130760,249285,380046,139906,0,5121,5339,103054,150368,253422,1891482
2021-09-04,2021,9,4,port57,Antwerp,Belgium,BEL,13,2,4,3,40,22,62,81484,58282,1641,4704,134061,146113,280174,513706,0,2211,0,34445,515918,550363,1891483
2021-09-05,2021,9,5,port57,Antwerp,Belgium,BEL,11,3,11,3,30,28,58,190731,22652,13257,0,110004,226641,336645,122445,7403,2527,2073,76528,134450,210978,1891484
2021-09-06,2021,9,6,port57,Antwerp,Belgium,BEL,14,0,9,3,40,26,66,205184,0,14269,844,104361,220298,324660,230508,0,2829,4215,186290,237553,423843,1891485
2021-09-07,2021,9,7,port57,Antwerp,Belgium,BEL,9,4,11,2,42,26,68,73219,107562,9842,4869,131714,195493,327208,232766,27527,4014,3559,139270,267867,407138,1891486
2021-09-08,2021,9,8,port57,Antwerp,Belgium,BEL,16,0,14,3,41,33,74,364937,0,7445,110,206425,372492,578918,310438,0,11792,4340,56838,326571,383409,1891487
2021-09-09,2021,9,9,port57,Antwerp,Belgium,BEL,11,1,11,6,46,29,75,215153,0,6951,374,120667,222478,343146,138697,0,17875,9073,127849,165646,293496,1891488
2021-09-10,2021,9,10,port57,Antwerp,Belgium,BEL,11,0,9,4,31,24,55,128853,0,4087,0,148664,132941,281605,152016,0,10536,10611,33248,173165,206414,1891489
2021-09-11,2021,9,11,port57,Antwerp,Belgium,BEL,12,1,9,1,49,23,72,277031,42183,4792,0,103164,324006,427170,248676,0,7756,422,65676,256855,322532,1891490
2021-09-12,2021,9,12,port57,Antwerp,Belgium,BEL,16,1,7,0,40,24,64,188230,43887,3587,0,216086,235705,451792,368626,0,1562,0,106605,370189,476794,1891491
2021-09-13,2021,9,13,port57,Antwerp,Belgium,BEL,12,4,13,5,38,34,72,175445,65039,13882,532,203703,254900,458603,217863,33940,10691,7508,142229,270004,412233,1891492
2021-09-14,2021,9,14,port57,Antwerp,Belgium,BEL,9,0,8,2,37,19,56,117982,0,5031,4256,63241,127270,190511,188649,0,7583,0,50019,196233,246252,1891493
2021-09-15,2021,9,15,port57,Antwerp,Belgium,BEL,12,3,7,4,47,26,73,405699,39740,3152,374,56436,448967,505404,349182,0,20870,6231,163933,376284,540218,1891494
2021-09-16,2021,9,16,port57,Antwerp,Belgium,BEL,14,0,16,1,45,31,76,186034,0,11386,374,79897,197795,277693,247992,0,11449,1760,151231,261202,412434,1891495
2021-09-17,2021,9,17,port57,Antwerp,Belgium,BEL,17,1,11,6,32,35,67,190894,30345,7787,0,42304,229027,271332,248481,0,14028,6164,72172,268675,340848,1891496
2021-09-18,2021,9,18,port57,Antwerp,Belgium,BEL,12,0,6,4,28,22,50,139857,0,7391,0,115949,147249,263198,252697,0,7828,5043,33610,265570,299180,1891497
2021-09-19,2021,9,19,port57,Antwerp,Belgium,BEL,8,5,5,1,35,19,54,51240,85339,2542,0,110627,139122,249749,211641,0,1498,0,48500,213139,261639,1891498
2021-09-20,2021,9,20,port57,Antwerp,Belgium,BEL,12,4,11,4,50,31,81,876756,50341,9201,110,198639,936409,1135049,193909,44061,4625,3764,121375,246361,367737,1891499
2021-09-21,2021,9,21,port57,Antwerp,Belgium,BEL,10,4,9,4,46,27,73,167331,74344,4895,4332,144202,250903,395106,222689,53878,25471,7807,94105,309847,403953,1891500
2021-09-22,2021,9,22,port57,Antwerp,Belgium,BEL,11,1,8,1,32,21,53,230502,14082,2502,393,163060,247480,410540,310631,0,4644,0,67792,315275,383067,1891501
2021-09-23,2021,9,23,port57,Antwerp,Belgium,BEL,10,0,8,1,25,19,44,47411,0,2119,0,60381,49530,109912,272201,0,4869,4108,28912,281180,310092,1891502
2021-09-24,2021,9,24,port57,Antwerp,Belgium,BEL,13,0,12,4,38,29,67,178236,0,7357,0,127189,185594,312784,419455,0,7455,14983,177500,441895,619395,1891503
2021-09-25,2021,9,25,port57,Antwerp,Belgium,BEL,12,1,6,6,39,25,64,298251,12638,2325,110,91022,313325,404348,121253,0,6370,12542,143071,140166,283237,1891504
2021-09-26,2021,9,26,port57,Antwerp,Belgium,BEL,11,4,8,2,40,25,65,80835,51393,4974,421,186320,137625,323945,296755,61068,9518,6169,202402,373512,575914,1891505
2021-09-27,2021,9,27,port57,Antwerp,Belgium,BEL,12,1,6,1,51,20,71,179374,0,6017,510,130254,185901,316156,168632,40141,3315,0,179150,212090,391240,1891506
2021-09-28,2021,9,28,port57,Antwerp,Belgium,BEL,19,3,12,2,28,36,64,257779,73571,7539,4869,24277,343759,368037,563882,0,36891,0,67804,600773,668578,1891507
2021-09-29,2021,9,29,port57,Antwerp,Belgium,BEL,15,0,13,1,37,29,66,190832,0,10331,790,127346,201954,329301,248593,0,10591,0,39266,259184,298451,1891508
2021-09-30,2021,9,30,port57,Antwerp,Belgium,BEL,14,0,13,7,37,34,71,202422,0,7295,4958,87380,214676,302056,271021,0,12709,10267,38663,293999,332662,1891509
2021-10-01,2021,10,1,port57,Antwerp,Belgium,BEL,13,2,6,4,38,25,63,116748,17501,2684,1181,92931,138116,231048,435410,10408,4307,9966,145472,460092,605564,1891510
2021-10-02,2021,10,2,port57,Antwerp,Belgium,BEL,7,1,8,3,39,19,58,181657,22458,6630,628,242267,211375,453642,175497,0,4590,1602,198921,181689,380611,1891511
2021-10-03,2021,10,3,port57,Antwerp,Belgium,BEL,12,3,15,3,32,33,65,202439,25203,15505,0,103837,243148,346985,248507,3681,8388,6411,34470,266988,301458,1891512
2021-10-04,2021,10,4,port57,Antwerp,Belgium,BEL,14,3,10,1,42,28,70,284894,50782,7321,267,50080,343265,393346,87736,0,20445,0,78143,108182,186326,1891513
2021-10-05,2021,10,5,port57,Antwerp,Belgium,BEL,18,3,10,5,37,36,73,333504,36081,6821,6938,24118,383346,407464,208180,0,9974,10923,141149,229078,370228,1891514
2021-10-06,2021,10,6,port57,Antwerp,Belgium,BEL,16,1,10,2,28,29,57,49192,0,3456,0,46441,52649,99091,573705,1365,7783,5730,103299,588584,691883,1891515
2021-10-07,2021,10,7,port57,Antwerp,Belgium,BEL,10,3,13,3,54,29,83,271186,42927,3621,710,241221,318446,559667,159465,37170,17674,1020,209475,215331,424807,1891516
2021-10-08,2021,10,8,port57,Antwerp,Belgium,BEL,13,1,6,4,31,24,55,213147,0,2697,0,64726,215845,280572,381680,0,4166,13704,49945,399551,449497,1891517
2021-10-09,2021,10,9,port57,Antwerp,Belgium,BEL,13,3,11,2,37,29,66,198214,17764,24612,422,242678,241013,483692,133168,0,10656,2707,54800,146531,201331,1891518
2021-10-10,2021,10,10,port57,Antwerp,Belgium,BEL,11,1,12,3,34,27,61,363184,0,16969,0,204168,380154,584322,293082,0,8197,1194,44406,302473,346880,1891519
2021-10-11,2021,10,11,port57,Antwerp,Belgium,BEL,14,2,16,4,37,36,73,297403,90787,16152,0,143657,404342,547999,123446,0,9749,3948,122992,137143,260135,1891520
2021-10-12,2021,10,12,port57,Antwerp,Belgium,BEL,9,2,12,3,36,26,62,84262,38966,11541,831,105179,135601,240780,287427,0,8589,3309,67030,299327,366357,1891521
2021-10-13,2021,10,13,port57,Antwerp,Belgium,BEL,15,0,10,5,45,30,75,251628,0,7019,7142,101347,265790,367137,500360,0,14364,2984,150232,517710,667942,1891522
2021-10-14,2021,10,14,port57,Antwerp,Belgium,BEL,13,1,8,4,44,26,70,16223,0,4102,0,161332,20326,181658,232725,0,7754,790,133775,241271,375046,1891523
2021-10-15,2021,10,15,port57,Antwerp,Belgium,BEL,10,0,6,6,37,22,59,356740,0,3646,110,136382,360497,496880,120516,0,2646,12582,116803,135746,252549,1891524
2021-10-16,2021,10,16,port57,Antwerp,Belgium,BEL,8,1,6,3,35,18,53,213110,6127,655,842,109054,220736,329791,131450,0,2813,2817,96365,137081,233447,1891525
2021-10-17,2021,10,17,port57,Antwerp,Belgium,BEL,15,1,5,2,28,23,51,332309,0,4023,0,178077,336333,514410,369298,0,2285,0,54515,371583,426099,1891526
2021-10-18,2021,10,18,port57,Antwerp,Belgium,BEL,13,3,10,2,39,28,67,246516,14856,6969,484,98741,268826,367567,302653,47343,10244,1814,74285,362056,436342,1891527
2021-10-19,2021,10,19,port57,Antwerp,Belgium,BEL,12,2,10,4,40,28,68,426049,8561,6751,5747,132522,447110,579633,203763,0,3319,6802,135515,213885,349401,1891528
2021-10-20,2021,10,20,port57,Antwerp,Belgium,BEL,13,1,12,3,39,29,68,248318,0,7681,393,135586,256393,391980,310303,25694,8931,4177,203619,349106,552726,1891529
2021-10-21,2021,10,21,port57,Antwerp,Belgium,BEL,11,2,8,1,37,22,59,91686,27193,2406,0,50276,121287,171563,316700,0,4076,1007,83777,321783,405560,1891530
2021-10-22,2021,10,22,port57,Antwerp,Belgium,BEL,11,3,7,2,43,23,66,210218,58830,6342,0,83360,275391,358752,140718,0,5400,1168,108596,147288,255884,1891531
2021-10-23,2021,10,23,port57,Antwerp,Belgium,BEL,14,1,2,2,51,19,70,151877,0,1924,374,89879,154175,244055,322563,39548,348,6543,161146,369004,530151,1891532
2021-10-24,2021,10,24,port57,Antwerp,Belgium,BEL,11,1,9,3,29,24,53,111944,0,15414,374,211189,127733,338923,329386,1157,1350,5364,86461,337259,423720,1891533
2021-10-25,2021,10,25,port57,Antwerp,Belgium,BEL,14,1,8,1,39,24,63,62130,0,5477,5291,114212,72899,187112,269592,26422,9246,0,55514,305261,360775,1891534
2021-10-26,2021,10,26,port57,Antwerp,Belgium,BEL,12,3,12,2,31,29,60,421043,7145,13002,6609,116136,447800,563936,100008,30540,7846,0,29187,138395,167582,1891535
2021-10-27,2021,10,27,port57,Antwerp,Belgium,BEL,10,1,13,5,43,29,72,101627,0,6111,0,146171,107739,253911,113173,23793,17730,9959,173524,164657,338182,1891536
2021-10-28,2021,10,28,port57,Antwerp,Belgium,BEL,10,1,11,1,35,23,58,218815,30917,3827,0,121370,253560,374931,286940,0,5735,0,144085,292676,436762,1891537
2021-10-29,2021,10,29,port57,Antwerp,Belgium,BEL,14,1,6,4,41,25,66,251212,45742,6007,0,136957,302962,439920,283087,0,3203,12679,66687,298970,365658,1891538
2021-10-30,2021,10,30,port57,Antwerp,Belgium,BEL,11,1,5,3,41,20,61,61245,0,3717,842,146038,65805,211844,203289,39503,12162,1269,64123,256224,320348,1891539
2021-10-31,2021,10,31,port57,Antwerp,Belgium,BEL,12,1,12,2,34,27,61,224840,46439,9119,0,68329,280398,348727,363977,0,12297,4554,48520,380829,429349,1891540
2021-11-01,2021,11,1,port57,Antwerp,Belgium,BEL,10,3,6,4,39,23,62,280905,92495,4566,0,113057,377967,491025,205577,0,2873,2247,103722,210697,314420,1891541
2021-11-02,2021,11,2,port57,Antwerp,Belgium,BEL,14,2,12,4,37,32,69,260786,63180,17826,2789,87095,344583,431679,292019,0,7748,12355,171003,312122,483126,1891542
2021-11-03,2021,11,3,port57,Antwerp,Belgium,BEL,9,1,10,3,43,23,66,29055,10275,9089,1630,146056,50050,196107,63947,0,5628,4529,77806,74106,151912,1891543
2021-11-04,2021,11,4,port57,Antwerp,Belgium,BEL,13,1,7,0,39,21,60,249800,0,4640,0,141603,254441,396045,375440,0,9114,0,76196,384555,460751,1891544
2021-11-05,2021,11,5,port57,Antwerp,Belgium,BEL,13,1,16,6,34,36,70,233704,0,13797,554,169775,248056,417832,293010,28317,13977,13176,162198,348482,510681,1891545
2021-11-06,2021,11,6,port57,Antwerp,Belgium,BEL,10,2,7,3,46,22,68,43404,30207,8506,0,195074,82118,277193,255884,40728,4440,5418,53720,306472,360192,1891546
2021-11-07,2021,11,7,port57,Antwerp,Belgium,BEL,10,0,7,1,46,18,64,109072,0,2120,0,197457,111192,308649,299126,0,15785,0,52741,314911,367653,1891547
2021-11-08,2021,11,8,port57,Antwerp,Belgium,BEL,13,1,7,4,47,25,72,104085,0,4177,600,97882,108863,206746,192950,41617,25475,11824,139044,271867,410911,1891548
2021-11-09,2021,11,9,port57,Antwerp,Belgium,BEL,16,2,14,3,42,35,77,325434,32923,11874,2053,150609,372286,522896,334609,0,4904,4181,97182,343695,440877,1891549
2021-11-10,2021,11,10,port57,Antwerp,Belgium,BEL,11,4,10,3,43,28,71,131913,119918,20020,267,84856,272119,356976,176572,0,5878,1579,85899,184031,269930,1891550
2021-11-11,2021,11,11,port57,Antwerp,Belgium,BEL,13,1,6,2,38,22,60,505948,0,12009,0,116841,517957,634798,358721,21014,5297,561,200202,385595,585797,1891551
2021-11-12,2021,11,12,port57,Antwerp,Belgium,BEL,15,2,8,5,30,30,60,267745,35521,5062,374,71057,308704,379761,319205,0,8022,7870,52447,335099,387546,1891552
2021-11-13,2021,11,13,port57,Antwerp,Belgium,BEL,13,3,6,4,47,26,73,363743,15336,1270,600,104269,380950,485220,222048,6153,13266,4858,37107,246326,283434,1891553
2021-11-14,2021,11,14,port57,Antwerp,Belgium,BEL,16,0,4,1,50,21,71,226028,0,4521,374,162598,230924,393522,306733,0,620,1760,162178,309114,471292,1891554
2021-11-15,2021,11,15,port57,Antwerp,Belgium,BEL,12,1,13,1,43,27,70,82622,0,7003,0,77071,89625,166697,232948,21271,5250,2058,168488,261529,430018,1891555
2021-11-16,2021,11,16,port57,Antwerp,Belgium,BEL,10,3,14,4,40,31,71,223674,26736,3131,3370,101667,256913,358580,178430,24614,16593,1665,78066,221304,299371,1891556
2021-11-17,2021,11,17,port57,Antwerp,Belgium,BEL,13,6,15,7,33,41,74,395181,127702,30627,2453,91017,555964,646982,134260,0,6015,11279,96856,151555,248411,1891557
2021-11-18,2021,11,18,port57,Antwerp,Belgium,BEL,10,0,10,1,35,21,56,83717,0,17365,0,152806,101082,253889,258734,0,4445,3484,33454,266664,300119,1891558
2021-11-19,2021,11,19,port57,Antwerp,Belgium,BEL,9,1,14,2,43,26,69,59273,20231,14231,0,78959,93736,172695,253685,0,12652,7591,96443,273929,370372,1891559
2021-11-20,2021,11,20,port57,Antwerp,Belgium,BEL,7,1,10,3,43,21,64,224781,0,5541,2527,74629,232850,307479,180523,0,8489,5402,156443,194416,350859,1891560
2021-11-21,2021,11,21,port57,Antwerp,Belgium,BEL,12,1,5,5,51,23,74,138277,0,2220,975,241350,141473,382823,275830,51082,3090,7538,43598,337541,381139,1891561
2021-11-22,2021,11,22,port57,Antwerp,Belgium,BEL,13,3,13,2,42,31,73,171599,69257,4962,0,69338,245819,315158,125927,32396,8027,2339,49127,168690,217817,1891562
2021-11-23,2021,11,23,port57,Antwerp,Belgium,BEL,8,3,10,6,48,27,75,27750,38213,1953,630,101585,68548,170134,298555,7403,10062,4661,131666,320682,452348,1891563
2021-11-24,2021,11,24,port57,Antwerp,Belgium,BEL,14,2,14,5,33,35,68,217813,7652,18294,4113,133746,247874,381620,164563,22056,19397,8412,44137,214430,258567,1891564
2021-11-25,2021,11,25,port57,Antwerp,Belgium,BEL,10,2,9,4,39,25,64,317156,0,4793,110,125940,322060,448000,249064,40023,11471,7834,85439,308394,393833,1891565
2021-11-26,2021,11,26,port57,Antwerp,Belgium,BEL,10,1,8,1,45,20,65,214263,29232,7424,0,144781,250919,395701,384136,0,22342,4869,69113,411348,480462,1891566
2021-11-27,2021,11,27,port57,Antwerp,Belgium,BEL,10,2,9,3,42,24,66,171728,28583,6806,877,183001,207996,390998,324411,7403,3983,3509,139526,339309,478835,1891567
2021-11-28,2021,11,28,port57,Antwerp,Belgium,BEL,15,1,5,3,41,24,65,58419,33514,3358,1161,70240,96454,166694,170348,0,4842,157,52412,175348,227761,1891568
2021-11-29,2021,11,29,port57,Antwerp,Belgium,BEL,11,0,18,4,41,33,74,216418,0,19075,4350,195416,239843,435260,174314,0,9930,6292,48502,190537,239040,1891569
2021-11-30,2021,11,30,port57,Antwerp,Belgium,BEL,9,1,11,1,37,22,59,434336,0,10240,0,144299,444576,588876,175201,0,5368,844,122718,181415,304133,1891570
2021-12-01,2021,12,1,port57,Antwerp,Belgium,BEL,13,2,8,2,32,25,57,153398,151559,7801,0,51409,312759,364169,216187,0,11554,4198,119961,231941,351902,1891571
2021-12-02,2021,12,2,port57,Antwerp,Belgium,BEL,13,1,14,1,29,29,58,243613,0,11349,374,37184,255337,292522,432629,32806,15111,1760,45422,482308,527731,1891572
2021-12-03,2021,12,3,port57,Antwerp,Belgium,BEL,13,1,12,4,50,30,80,575280,0,24926,3965,248293,604172,852466,138106,22854,4704,8256,137107,173921,311029,1891573
2021-12-04,2021,12,4,port57,Antwerp,Belgium,BEL,8,2,6,4,34,20,54,162900,85138,2772,0,73396,250811,324208,189568,0,10657,9282,101180,209507,310688,1891574
2021-12-05,2021,12,5,port57,Antwerp,Belgium,BEL,8,1,11,3,41,23,64,47294,23155,8561,2389,129793,81401,211194,147130,0,6662,10446,86500,164238,250739,1891575
2021-12-06,2021,12,6,port57,Antwerp,Belgium,BEL,11,5,11,2,40,29,69,175954,40250,6306,110,46693,222622,269315,141022,42954,7567,54,95988,191599,287588,1891576
2021-12-07,2021,12,7,port57,Antwerp,Belgium,BEL,13,3,9,4,38,29,67,38544,38007,9168,2836,90784,88556,179340,386696,74557,6120,4979,88427,472354,560782,1891577
2021-12-08,2021,12,8,port57,Antwerp,Belgium,BEL,12,2,8,4,36,26,62,392836,19209,7158,748,128035,419953,547988,132498,7403,4285,8913,251412,153101,404514,1891578
2021-12-09,2021,12,9,port57,Antwerp,Belgium,BEL,12,1,16,1,40,30,70,106934,4067,10012,110,130903,121124,252028,367924,0,13016,54,187247,380995,568242,1891579
2021-12-10,2021,12,10,port57,Antwerp,Belgium,BEL,13,1,11,2,49,27,76,161696,14856,4630,0,121439,181183,302622,296985,7403,8100,9317,141937,321807,463744,1891580
2021-12-11,2021,12,11,port57,Antwerp,Belgium,BEL,11,1,5,2,37,19,56,353669,28153,2753,600,74098,385177,459276,220894,0,5648,1233,77245,227776,305022,1891581
2021-12-12,2021,12,12,port57,Antwerp,Belgium,BEL,12,0,6,0,27,18,45,118015,0,2643,0,79780,120659,200439,162998,0,4563,0,70734,167561,238296,1891582
2021-12-13,2021,12,13,port57,Antwerp,Belgium,BEL,20,3,10,2,34,35,69,395137,67597,10341,2046,209626,475122,684748,306544,31234,3894,5317,48688,346991,395680,1891583
2021-12-14,2021,12,14,port57,Antwerp,Belgium,BEL,12,3,17,4,39,36,75,194774,43667,12653,3322,109786,254418,364204,302417,27170,13600,11236,28467,354425,382893,1891584
2021-12-15,2021,12,15,port57,Antwerp,Belgium,BEL,16,1,17,2,32,36,68,69985,34077,15470,1390,95698,120924,216623,433037,0,13205,966,73428,447210,520638,1891585
2021-12-16,2021,12,16,port57,Antwerp,Belgium,BEL,12,6,12,5,39,35,74,64276,120709,6482,0,208274,191468,399742,303971,74346,11187,2117,81822,391622,473444,1891586
2021-12-17,2021,12,17,port57,Antwerp,Belgium,BEL,13,0,14,6,43,33,76,138170,0,3564,600,198003,142336,340339,187636,0,22925,20021,74931,230583,305514,1891587
2021-12-18,2021,12,18,port57,Antwerp,Belgium,BEL,9,2,4,2,42,17,59,316694,84419,590,374,109471,402077,511549,53395,0,4156,5819,109407,63370,172778,1891588
2021-12-19,2021,12,19,port57,Antwerp,Belgium,BEL,16,1,5,3,38,25,63,254220,25197,2502,600,96230,282520,378750,404494,0,4725,4843,120214,414063,534278,1891589
2021-12-20,2021,12,20,port57,Antwerp,Belgium,BEL,10,1,10,2,49,23,72,81916,20271,11170,0,204589,113359,317948,265431,0,6339,1517,90802,273289,364091,1891590
2021-12-21,2021,12,21,port57,Antwerp,Belgium,BEL,9,4,11,5,52,29,81,80822,9175,26216,5402,150272,121617,271889,201514,39894,13918,5513,162227,260840,423068,1891591
2021-12-22,2021,12,22,port57,Antwerp,Belgium,BEL,9,4,11,3,39,27,66,77803,139500,11731,2835,151116,231871,382987,140539,30145,4231,4554,125109,179470,304580,1891592
2021-12-23,2021,12,23,port57,Antwerp,Belgium,BEL,14,0,10,3,35,27,62,457031,0,4606,591,176126,462230,638356,217991,0,18971,5714,84131,242677,326809,1891593
2021-12-24,2021,12,24,port57,Antwerp,Belgium,BEL,8,3,13,2,29,26,55,144366,41825,8476,1016,34048,195684,229732,292798,21722,22328,3604,132693,340453,473147,1891594
2021-12-25,2021,12,25,port57,Antwerp,Belgium,BEL,6,0,6,2,31,14,45,378910,0,772,0,87695,379682,467378,156493,0,6808,3581,49782,166882,216664,1891595
2021-12-26,2021,12,26,port57,Antwerp,Belgium,BEL,9,0,3,2,42,14,56,146815,0,97,0,130435,146912,277348,174718,0,4591,3237,103746,182546,286292,1891596
2021-12-27,2021,12,27,port57,Antwerp,Belgium,BEL,14,1,12,4,42,31,73,152297,15106,18595,8318,101107,194318,295425,378428,0,6607,2295,81098,387332,468431,1891597
2021-12-28,2021,12,28,port57,Antwerp,Belgium,BEL,11,2,6,0,48,19,67,143610,35474,1117,0,135635,180201,315837,282393,41702,6549,0,73200,330645,403845,1891598
2021-12-29,2021,12,29,port57,Antwerp,Belgium,BEL,14,1,9,3,39,27,66,174778,0,5011,768,80435,180558,260993,296094,3446,10023,6207,230358,315773,546131,1891599
2021-12-30,2021,12,30,port57,Antwerp,Belgium,BEL,9,0,9,3,42,21,63,135377,0,6830,1686,274279,143894,418174,137132,0,8299,5073,73079,150505,223585,1891600
2021-12-31,2021,12,31,port57,Antwerp,Belgium,BEL,8,2,7,3,37,20,57,233263,22528,2656,110,135151,258557,393709,254089,7403,12138,7214,69275,280846,350121,1891601
2022-01-01,2022,1,1,port57,Antwerp,Belgium,BEL,7,0,6,3,30,16,46,46941,0,13449,1790,162411,62181,224593,141385,0,1206,3777,52066,146369,198436,1891602
2022-01-02,2022,1,2,port57,Antwerp,Belgium,BEL,10,3,7,3,40,23,63,302655,34543,8753,600,98537,346553,445091,163615,0,963,966,84418,165545,249964,1891603
2022-01-03,2022,1,3,port57,Antwerp,Belgium,BEL,8,1,10,3,50,22,72,73823,14856,3646,3212,168694,95538,264232,168294,7403,22169,4218,130805,202086,332891,1891604
2022-01-04,2022,1,4,port57,Antwerp,Belgium,BEL,15,0,11,3,33,29,62,110040,0,12585,4447,125480,127073,252554,364125,0,6580,4482,64684,375188,439873,1891605
2022-01-05,2022,1,5,port57,Antwerp,Belgium,BEL,15,2,9,3,39,29,68,155816,11616,7121,2705,51246,177260,228507,311309,31602,5428,5548,142704,353888,496592,1891606
2022-01-06,2022,1,6,port57,Antwerp,Belgium,BEL,12,1,7,1,37,21,58,256450,14856,6313,0,172577,277620,450198,156211,7403,4483,2707,66094,170805,236900,1891607
2022-01-07,2022,1,7,port57,Antwerp,Belgium,BEL,13,0,9,4,43,26,69,287017,0,9084,3322,52495,299425,351920,409303,0,5068,5806,117960,420178,538138,1891608
2022-01-08,2022,1,8,port57,Antwerp,Belgium,BEL,14,1,4,3,34,22,56,697862,36505,4007,0,174830,738375,913205,155560,0,620,5431,56294,161612,217906,1891609
2022-01-09,2022,1,9,port57,Antwerp,Belgium,BEL,12,0,6,0,28,18,46,183564,0,6036,0,172016,189600,361617,175118,0,2489,0,102188,177608,279796,1891610
2022-01-10,2022,1,10,port57,Antwerp,Belgium,BEL,11,3,5,1,37,20,57,177495,48403,3250,0,108058,229148,337207,150365,24708,4330,872,54902,180277,235179,1891611
2022-01-11,2022,1,11,port57,Antwerp,Belgium,BEL,14,3,10,4,52,31,83,186028,79711,6753,5934,164580,278428,443008,363770,0,14181,1760,299810,379712,679523,1891612
2022-01-12,2022,1,12,port57,Antwerp,Belgium,BEL,12,3,11,6,33,32,65,451434,1595,16049,2624,91769,471703,563472,109406,0,6624,5343,75996,121374,197371,1891613
2022-01-13,2022,1,13,port57,Antwerp,Belgium,BEL,3,2,10,5,34,20,54,40670,64302,7748,3629,46167,116350,162517,0,7403,6529,2269,73002,16203,89205,1891614
2022-01-14,2022,1,14,port57,Antwerp,Belgium,BEL,10,1,11,1,35,23,58,81945,25909,2824,0,173792,110678,284471,244763,0,9020,1310,76217,255094,331311,1891615
2022-01-15,2022,1,15,port57,Antwerp,Belgium,BEL,11,2,12,2,34,27,61,297712,7217,7473,2522,62464,314926,377391,227933,0,8023,3484,138571,239441,378013,1891616
2022-01-16,2022,1,16,port57,Antwerp,Belgium,BEL,14,2,7,6,44,29,73,40326,29713,6867,1201,178790,78108,256899,267958,14807,10724,16934,92495,310425,402921,1891617
2022-01-17,2022,1,17,port57,Antwerp,Belgium,BEL,14,2,12,1,47,29,76,261320,29773,7869,0,78274,298963,377238,271973,23370,6970,0,146025,302315,448341,1891618
2022-01-18,2022,1,18,port57,Antwerp,Belgium,BEL,11,4,3,2,44,20,64,156510,66284,731,6612,98175,230138,328313,189055,39789,3227,0,174138,232072,406210,1891619
2022-01-19,2022,1,19,port57,Antwerp,Belgium,BEL,14,1,13,4,42,32,74,503739,0,3615,374,115649,507728,623378,184025,6632,21708,10587,75010,222953,297963,1891620
2022-01-20,2022,1,20,port57,Antwerp,Belgium,BEL,8,2,9,0,39,19,58,173597,13461,5065,0,100376,192124,292500,116881,0,8614,0,228987,125496,354483,1891621
2022-01-21,2022,1,21,port57,Antwerp,Belgium,BEL,13,1,8,5,39,27,66,222643,0,19286,0,85828,241930,327758,383369,11722,9155,15395,42603,419644,462247,1891622
2022-01-22,2022,1,22,port57,Antwerp,Belgium,BEL,13,5,7,4,34,29,63,277963,37484,1482,0,92906,316929,409836,230958,60635,22740,4078,70477,318412,388890,1891623
2022-01-23,2022,1,23,port57,Antwerp,Belgium,BEL,12,4,10,3,28,29,57,161953,0,11098,3641,63808,176692,240500,374679,113685,5027,2743,172566,496134,668701,1891624
2022-01-24,2022,1,24,port57,Antwerp,Belgium,BEL,7,3,6,4,42,20,62,45373,0,2548,2105,225831,50028,275859,84159,571,2307,8040,62005,95078,157084,1891625
2022-01-25,2022,1,25,port57,Antwerp,Belgium,BEL,18,3,7,3,43,31,74,334743,63992,5958,4447,151633,409141,560774,416293,0,7359,0,137511,423653,561165,1891626
2022-01-26,2022,1,26,port57,Antwerp,Belgium,BEL,17,0,21,5,46,43,89,136314,0,15584,1937,165770,153835,319606,414426,0,18087,7546,231233,440061,671295,1891627
2022-01-27,2022,1,27,port57,Antwerp,Belgium,BEL,8,3,11,1,43,23,66,207988,87152,7181,3154,185538,305477,491016,82439,0,9082,0,138228,91522,229750,1891628
2022-01-28,2022,1,28,port57,Antwerp,Belgium,BEL,10,0,10,5,37,25,62,128851,0,9381,0,163442,138233,301676,416583,0,6703,13128,30495,436415,466910,1891629
2022-01-29,2022,1,29,port57,Antwerp,Belgium,BEL,13,1,10,2,42,26,68,209395,14856,5773,0,147988,230025,378013,578685,7403,10878,4943,134675,601911,736586,1891630
2022-01-30,2022,1,30,port57,Antwerp,Belgium,BEL,8,2,6,2,34,18,52,189557,3930,5411,3827,122340,202726,325067,142844,32032,3126,1734,68524,179739,248263,1891631
2022-01-31,2022,1,31,port57,Antwerp,Belgium,BEL,1,0,5,0,33,6,39,0,0,5866,0,44066,5866,49933,6566,0,2336,0,45189,8903,54092,1891632
2022-02-01,2022,2,1,port57,Antwerp,Belgium,BEL,19,1,6,3,50,29,79,299229,0,1912,1949,214489,303091,517581,430100,0,4373,7801,41406,442276,483682,1891633
2022-02-02,2022,2,2,port57,Antwerp,Belgium,BEL,9,2,8,7,35,26,61,162042,14856,3757,374,218682,181030,399713,79138,61947,12193,12635,73876,165915,239792,1891634
2022-02-03,2022,2,3,port57,Antwerp,Belgium,BEL,14,1,15,3,45,33,78,136833,0,4481,0,259670,141314,400984,362535,0,17712,4783,250776,385031,635808,1891635
2022-02-04,2022,2,4,port57,Antwerp,Belgium,BEL,17,0,11,3,37,31,68,268497,0,5211,0,41825,273708,315534,231428,0,10657,9087,187803,251172,438976,1891636
2022-02-05,2022,2,5,port57,Antwerp,Belgium,BEL,11,3,10,2,33,26,59,188822,67167,3990,0,133004,259980,392984,385959,10995,8269,922,165980,406147,572127,1891637
2022-02-06,2022,2,6,port57,Antwerp,Belgium,BEL,10,1,8,1,37,20,57,143952,24807,3199,0,167954,171959,339914,70791,0,7858,4869,55087,83519,138607,1891638
2022-02-07,2022,2,7,port57,Antwerp,Belgium,BEL,12,3,10,1,34,26,60,399698,14856,3901,1260,80257,419717,499974,225750,48232,9235,0,98617,283218,381836,1891639
2022-02-08,2022,2,8,port57,Antwerp,Belgium,BEL,7,2,9,2,40,20,60,266659,0,7497,920,125331,275077,400408,141803,26786,9171,3810,44203,181572,225776,1891640
2022-02-09,2022,2,9,port57,Antwerp,Belgium,BEL,11,3,11,3,47,28,75,175486,61075,21094,1670,150381,259327,409709,152113,27031,16257,916,191810,196319,388130,1891641
2022-02-10,2022,2,10,port57,Antwerp,Belgium,BEL,11,1,10,0,44,22,66,118307,28924,5692,0,133651,152923,286575,208601,0,8517,0,112879,217118,329997,1891642
2022-02-11,2022,2,11,port57,Antwerp,Belgium,BEL,12,2,12,4,31,30,61,183376,58679,11502,374,98384,253932,352317,252241,23255,7557,11534,29206,294588,323795,1891643
2022-02-12,2022,2,12,port57,Antwerp,Belgium,BEL,9,1,10,3,44,23,67,98832,0,4495,374,121577,103702,225280,314095,14583,17772,10752,209825,357204,567029,1891644
2022-02-13,2022,2,13,port57,Antwerp,Belgium,BEL,12,0,4,2,48,18,66,259978,0,4193,0,96011,264172,360183,358465,0,4166,5653,71761,368285,440046,1891645
2022-02-14,2022,2,14,port57,Antwerp,Belgium,BEL,11,1,10,3,29,25,54,418297,0,12810,975,94363,432083,526446,106970,41265,2715,2726,26047,153678,179725,1891646
2022-02-15,2022,2,15,port57,Antwerp,Belgium,BEL,10,4,13,4,42,31,73,176450,127699,10465,2361,66675,316976,383652,108911,50115,9379,1741,48723,170148,218872,1891647
2022-02-16,2022,2,16,port57,Antwerp,Belgium,BEL,9,1,8,3,34,21,55,242926,25683,5537,0,161916,274146,436063,154404,0,3542,3356,43141,161304,204445,1891648
2024-06-14,2024,6,14,port57,Antwerp,Belgium,BEL,15,3,8,3,36,29,65,281886,14856,3910,4697,89779,305350,395129,153979,36347,2788,4104,154607,197220,351827,1891649
2024-06-15,2024,6,15,port57,Antwerp,Belgium,BEL,13,2,10,3,36,28,64,377081,18476,4663,3293,93679,403514,497194,227863,0,7166,54,163871,235084,398955,1891650
2024-06-16,2024,6,16,port57,Antwerp,Belgium,BEL,12,3,4,2,33,21,54,80974,52003,1363,0,116488,134341,250829,459314,27029,3881,0,85790,490225,576015,1891651
2024-06-17,2024,6,17,port57,Antwerp,Belgium,BEL,10,1,9,3,33,23,56,64221,8883,3766,2578,98036,79450,177486,464610,0,6433,644,134696,471688,606384,1891652
2024-06-18,2024,6,18,port57,Antwerp,Belgium,BEL,11,4,6,1,34,22,56,299919,45643,2784,110,48348,348457,396806,238441,46972,4715,54,110786,290182,400969,1891653
2024-06-19,2024,6,19,port57,Antwerp,Belgium,BEL,15,1,12,3,37,31,68,120885,101770,8200,374,101496,231230,332726,375509,0,7392,3512,112259,386414,498674,1891654
2024-06-20,2024,6,20,port57,Antwerp,Belgium,BEL,13,4,10,0,35,27,62,551589,83070,1912,0,76334,636572,712906,186231,24215,11045,0,120252,221492,341744,1891655
2024-06-21,2024,6,21,port57,Antwerp,Belgium,BEL,12,0,9,8,37,29,66,113665,0,7035,374,99340,121075,220415,187353,0,14854,19415,118228,221623,339851,1891656
2024-06-22,2024,6,22,port57,Antwerp,Belgium,BEL,13,1,8,0,24,22,46,212522,24812,5622,0,76059,242957,319016,266368,0,19762,0,78502,286131,364633,1891657
2024-06-23,2024,6,23,port57,Antwerp,Belgium,BEL,12,1,4,1,24,18,42,161898,0,3053,0,46823,164951,211774,355601,0,1286,0,26814,356888,383703,1891658
2024-06-24,2024,6,24,port57,Antwerp,Belgium,BEL,8,2,4,6,40,20,60,189866,46573,1325,710,118938,238476,357414,68478,30157,1467,7883,127103,107986,235089,1891659
2024-06-25,2024,6,25,port57,Antwerp,Belgium,BEL,13,1,14,1,31,29,60,285357,14856,8079,2763,100385,311057,411442,192760,7403,15950,0,81816,216114,297931,1891660
2024-06-26,2024,6,26,port57,Antwerp,Belgium,BEL,11,4,7,2,35,24,59,244220,88775,3416,0,93469,336413,429882,156473,0,7409,2407,100859,166290,267149,1891661
2024-06-27,2024,6,27,port57,Antwerp,Belgium,BEL,16,2,15,2,31,35,66,64662,31107,4662,157,59659,100589,160248,329166,0,27432,0,137599,356598,494198,1891662
2024-06-28,2024,6,28,port57,Antwerp,Belgium,BEL,13,1,9,3,31,26,57,212004,0,19134,374,101114,231513,332627,301659,0,8314,4104,44796,314077,358873,1891663
2024-06-29,2024,6,29,port57,Antwerp,Belgium,BEL,12,2,4,3,42,21,63,342544,0,1180,0,168691,343724,512416,249349,41589,7904,4582,141628,303426,445055,1891664
2024-06-30,2024,6,30,port57,Antwerp,Belgium,BEL,11,2,10,3,29,26,55,70686,55391,4828,2859,107605,133766,241371,174169,7403,7967,4577,101030,194118,295149,1891665
2024-07-01,2024,7,1,port57,Antwerp,Belgium,BEL,18,1,11,3,34,33,67,284542,30313,33791,2566,53977,351213,405191,253490,0,5210,966,63914,259667,323581,1891666
2024-07-02,2024,7,2,port57,Antwerp,Belgium,BEL,15,3,7,2,47,27,74,201629,19298,2698,374,95429,224000,319430,305528,7403,10835,4054,129481,327823,457304,1891667
2024-07-03,2024,7,3,port57,Antwerp,Belgium,BEL,8,0,11,3,48,22,70,132542,0,4210,0,232357,136753,369110,150510,0,15758,872,122753,167141,289895,1891668
2024-07-04,2024,7,4,port57,Antwerp,Belgium,BEL,13,0,8,2,31,23,54,482327,0,3639,0,170482,485966,656449,295708,0,4758,422,90424,300888,391313,1891669
2024-07-05,2024,7,5,port57,Antwerp,Belgium,BEL,12,2,5,2,37,21,58,151066,12058,4615,0,96840,167740,264580,262829,0,1519,2343,124775,266692,391467,1891670
2024-07-06,2024,7,6,port57,Antwerp,Belgium,BEL,9,3,9,2,32,23,55,22469,66611,3973,504,25097,93558,118656,281371,24863,11638,3502,73696,321375,395072,1891671
2024-07-07,2024,7,7,port57,Antwerp,Belgium,BEL,12,2,10,1,18,25,43,144222,16383,7944,0,15661,168550,184212,142944,7403,9244,515,14877,160108,174985,1891672
2024-07-08,2024,7,8,port57,Antwerp,Belgium,BEL,17,2,7,2,32,28,60,133430,27367,4885,1971,65951,167654,233605,273366,0,5874,0,116788,279240,396029,1891673
2024-07-09,2024,7,9,port57,Antwerp,Belgium,BEL,14,1,9,4,37,28,65,103966,81935,8049,110,76037,194061,270099,374882,0,5265,54,90441,380201,470643,1891674
2024-07-10,2024,7,10,port57,Antwerp,Belgium,BEL,15,1,13,2,33,31,64,284589,0,12891,0,62661,297480,360142,200663,36628,7027,0,92406,244319,336726,1891675
2024-07-11,2024,7,11,port57,Antwerp,Belgium,BEL,7,1,6,1,43,15,58,194089,31159,2506,600,127459,228356,355815,144060,0,2218,966,60427,147245,207672,1891676
2024-07-12,2024,7,12,port57,Antwerp,Belgium,BEL,13,2,9,3,47,27,74,96017,65432,3696,267,169375,165413,334789,205262,0,11559,7313,92502,224136,316638,1891677
2024-07-13,2024,7,13,port57,Antwerp,Belgium,BEL,12,2,5,2,34,21,55,90814,26882,1884,0,90645,119581,210227,162175,0,3746,1437,63575,167359,230934,1891678
2024-07-14,2024,7,14,port57,Antwerp,Belgium,BEL,11,0,7,2,32,20,52,82072,0,3322,975,189349,86370,275719,241776,0,14523,2726,49072,259027,308099,1891679
2024-07-15,2024,7,15,port57,Antwerp,Belgium,BEL,13,3,7,3,49,26,75,570071,25008,3385,3000,69082,601466,670549,121430,79367,8869,1870,160062,211537,371600,1891680
2024-07-16,2024,7,16,port57,Antwerp,Belgium,BEL,11,0,11,2,42,24,66,65562,0,2110,2763,69382,70436,139818,327830,0,11302,504,271589,339637,611226,1891681
2024-07-17,2024,7,17,port57,Antwerp,Belgium,BEL,15,1,12,4,34,32,66,395089,28819,3486,600,155534,427996,583531,258812,0,15730,6394,71842,280937,352780,1891682
2024-07-18,2024,7,18,port57,Antwerp,Belgium,BEL,16,0,6,0,38,22,60,472636,0,1180,0,56199,473816,530016,339159,0,5856,0,121612,345016,466628,1891683
2024-07-19,2024,7,19,port57,Antwerp,Belgium,BEL,17,1,8,2,32,28,60,164282,0,7686,0,92757,171969,264727,483594,45675,11096,5783,117767,546150,663917,1891684
2024-07-20,2024,7,20,port57,Antwerp,Belgium,BEL,9,1,4,3,40,17,57,58180,5772,2760,374,210007,67088,277095,279510,0,3096,1760,100322,284367,384690,1891685
2024-07-21,2024,7,21,port57,Antwerp,Belgium,BEL,10,2,8,3,35,23,58,87156,23079,14442,0,49507,124678,174185,154812,0,7309,6454,52862,168577,221439,1891686
2024-07-22,2024,7,22,port57,Antwerp,Belgium,BEL,9,3,11,1,33,24,57,254649,14856,7522,0,58850,277028,335878,130884,43575,7824,656,25818,182940,208759,1891687
2024-07-23,2024,7,23,port57,Antwerp,Belgium,BEL,10,1,11,5,38,27,65,154368,20425,17262,484,77821,192540,270362,264937,0,9835,8108,98648,282881,381530,1891688
2024-07-24,2024,7,24,port57,Antwerp,Belgium,BEL,12,1,11,5,48,29,77,101871,0,9731,600,80111,112203,192315,125156,553,6101,6307,224607,138119,362727,1891689
2024-07-25,2024,7,25,port57,Antwerp,Belgium,BEL,16,1,11,3,37,31,68,467937,33149,6835,374,182981,508296,691277,174953,0,12640,1760,80099,189354,269454,1891690
2024-07-26,2024,7,26,port57,Antwerp,Belgium,BEL,16,1,7,2,41,26,67,242902,14840,1564,0,145322,259306,404629,324376,0,9193,5703,50214,339273,389487,1891691
2024-07-27,2024,7,27,port57,Antwerp,Belgium,BEL,11,2,9,1,28,23,51,196437,0,7746,1924,22866,206108,228974,286991,43734,7347,0,93757,338073,431831,1891692
2024-07-28,2024,7,28,port57,Antwerp,Belgium,BEL,9,1,9,3,43,22,65,107619,29515,5523,0,110890,142658,253549,240248,0,16779,2379,195211,259407,454619,1891693
2024-07-29,2024,7,29,port57,Antwerp,Belgium,BEL,11,0,1,2,24,14,38,216319,0,0,0,56035,216319,272355,151853,0,4638,3328,88848,159821,248669,1891694
2024-07-30,2024,7,30,port57,Antwerp,Belgium,BEL,13,1,10,3,31,27,58,158775,33592,5068,7052,133317,204487,337805,262977,0,13125,0,138364,276102,414467,1891695
2024-07-31,2024,7,31,port57,Antwerp,Belgium,BEL,16,2,11,3,27,32,59,259507,23301,21620,867,203389,305297,508686,209415,0,12513,966,93831,222896,316727,1891696
2024-08-01,2024,8,1,port57,Antwerp,Belgium,BEL,12,2,9,1,39,24,63,207524,0,7255,0,61373,214780,276153,218929,46881,3576,0,99073,269387,368460,1891697
2024-08-02,2024,8,2,port57,Antwerp,Belgium,BEL,11,0,11,3,37,25,62,108327,0,9957,0,47019,118285,165304,136203,0,10967,3183,75183,150354,225538,1891698
2024-08-03,2024,8,3,port57,Antwerp,Belgium,BEL,16,1,11,2,31,30,61,257982,27751,3926,0,67131,289660,356792,204356,0,9425,4997,70785,218779,289565,1891699
2024-08-04,2024,8,4,port57,Antwerp,Belgium,BEL,7,3,9,3,31,22,53,36531,63489,7010,504,109211,107536,216747,280177,0,2301,2942,91628,285421,377049,1891700
2024-08-05,2024,8,5,port57,Antwerp,Belgium,BEL,17,0,7,1,33,25,58,295502,0,7490,654,251196,303647,554844,416808,0,1240,0,65979,418048,484027,1891701
2024-08-06,2024,8,6,port57,Antwerp,Belgium,BEL,10,1,7,1,40,19,59,258514,0,3594,0,56375,262109,318485,194312,11722,5932,0,57422,211967,269389,1891702
2024-08-07,2024,8,7,port57,Antwerp,Belgium,BEL,13,1,11,3,32,28,60,301669,0,3031,0,51060,304700,355761,153022,13142,10878,2718,25007,179762,204770,1891703
2024-08-08,2024,8,8,port57,Antwerp,Belgium,BEL,12,2,10,5,38,29,67,220844,31040,4934,374,156830,257193,414023,426129,7403,20395,6445,120794,460375,581169,1891704
2024-08-09,2024,8,9,port57,Antwerp,Belgium,BEL,12,2,10,5,28,29,57,101666,85138,3588,0,31453,190392,221846,196454,0,6953,7418,139615,210826,350442,1891705
2024-08-10,2024,8,10,port57,Antwerp,Belgium,BEL,11,0,15,1,36,27,63,104289,0,11949,0,218279,116239,334518,235568,0,6213,2452,161148,244233,405382,1891706
2024-08-11,2024,8,11,port57,Antwerp,Belgium,BEL,11,0,5,3,31,19,50,251660,0,4252,1311,88186,257224,345410,155933,0,3066,1986,42670,160986,203657,1891707
2024-08-12,2024,8,12,port57,Antwerp,Belgium,BEL,12,5,11,2,29,30,59,295562,130189,8003,1104,56545,434861,491406,130978,0,17541,966,31840,149486,181326,1891708
2024-08-13,2024,8,13,port57,Antwerp,Belgium,BEL,12,1,7,3,36,23,59,219282,11536,6858,1924,81626,239601,321227,139409,0,2290,5513,53538,147213,200751,1891709
2024-08-14,2024,8,14,port57,Antwerp,Belgium,BEL,15,1,7,3,39,26,65,112109,30552,5828,317,96047,148808,244855,343066,0,4343,218,77857,347627,425485,1891710
2024-08-15,2024,8,15,port57,Antwerp,Belgium,BEL,12,3,11,2,45,28,73,5769,17676,15298,1532,170149,40276,210426,235395,0,6037,0,75368,241433,316801,1891711
2024-08-16,2024,8,16,port57,Antwerp,Belgium,BEL,13,1,8,2,34,24,58,217202,18589,22489,0,77620,258281,335902,165249,0,2774,1134,54467,169159,223626,1891712
2024-08-17,2024,8,17,port57,Antwerp,Belgium,BEL,12,1,10,5,40,28,68,280574,0,4627,3185,71443,288388,359831,190683,0,20309,3862,146503,214855,361359,1891713
2024-08-18,2024,8,18,port57,Antwerp,Belgium,BEL,11,2,6,0,34,19,53,99261,23817,3078,0,67127,126158,193286,318841,35590,2407,0,71652,356838,428491,1891714
2024-08-19,2024,8,19,port57,Antwerp,Belgium,BEL,13,2,10,2,29,27,56,271195,89383,6830,600,82381,368009,450391,374308,0,4132,966,84502,379407,463910,1891715
2024-08-20,2024,8,20,port57,Antwerp,Belgium,BEL,17,3,10,4,40,34,74,273873,44511,4734,0,75633,323119,398752,266864,0,9843,3432,133607,280140,413748,1891716
2024-08-21,2024,8,21,port57,Antwerp,Belgium,BEL,12,2,12,3,43,29,72,438293,37835,5416,600,154652,482147,636800,18773,0,12897,4522,41908,36192,78101,1891717
2024-08-22,2024,8,22,port57,Antwerp,Belgium,BEL,13,1,12,0,35,26,61,563153,0,4514,0,138140,567667,705807,81491,32991,8484,0,52024,122967,174991,1891718
2024-08-23,2024,8,23,port57,Antwerp,Belgium,BEL,11,2,8,4,37,25,62,78722,16233,1429,110,77226,96495,173722,354442,7403,5743,2397,117092,369987,487080,1891719
2024-08-24,2024,8,24,port57,Antwerp,Belgium,BEL,13,2,6,2,32,23,55,211888,43819,590,374,99250,256672,355923,210128,11029,5938,1760,44286,228856,273142,1891720
2024-08-25,2024,8,25,port57,Antwerp,Belgium,BEL,13,2,7,2,28,24,52,253788,23750,11027,0,103747,288566,392313,159249,0,5782,3445,66404,168477,234882,1891721
2024-08-26,2024,8,26,port57,Antwerp,Belgium,BEL,13,2,12,2,28,29,57,247590,0,5674,710,215222,253975,469197,257206,0,7867,1020,23518,266095,289613,1891722
2024-08-27,2024,8,27,port57,Antwerp,Belgium,BEL,12,3,14,2,44,31,75,376544,39688,9654,5648,120263,431536,551800,164262,16214,12459,0,107553,192937,300490,1891723
2024-08-28,2024,8,28,port57,Antwerp,Belgium,BEL,13,0,13,3,36,29,65,134211,0,11208,0,44707,145420,190128,485816,0,10038,13216,152128,509070,661199,1891724
2024-08-29,2024,8,29,port57,Antwerp,Belgium,BEL,16,0,7,2,39,25,64,153801,0,2961,0,104022,156763,260785,324823,0,4597,2344,50966,331765,382732,1891725
2024-08-30,2024,8,30,port57,Antwerp,Belgium,BEL,17,2,7,3,47,29,76,254564,92450,3789,0,90075,350804,440879,141473,32317,5745,2763,100106,182299,282406,1891726
2024-08-31,2024,8,31,port57,Antwerp,Belgium,BEL,11,0,10,1,48,22,70,30113,0,7173,374,142134,37660,179795,272506,0,6949,1760,148300,281216,429517,1891727
2024-09-01,2024,9,1,port57,Antwerp,Belgium,BEL,13,0,7,0,29,20,49,50058,0,18566,0,197026,68625,265651,184502,0,3455,0,27857,187957,215815,1891728
2024-09-02,2024,9,2,port57,Antwerp,Belgium,BEL,11,1,10,1,39,23,62,103739,0,13423,600,219515,117763,337278,316712,33268,3522,966,90598,354470,445068,1891729
2024-09-03,2024,9,3,port57,Antwerp,Belgium,BEL,12,0,11,1,38,24,62,138656,0,3733,4501,120680,146891,267572,202776,0,7777,0,93482,210554,304037,1891730
2024-09-04,2024,9,4,port57,Antwerp,Belgium,BEL,13,1,10,4,37,28,65,464891,30541,4636,1223,94737,501292,596030,56273,0,6067,2782,78593,65122,143716,1891731
2024-09-05,2024,9,5,port57,Antwerp,Belgium,BEL,16,1,10,1,40,28,68,285212,54313,2464,0,157245,341989,499235,307064,0,11778,0,46433,318842,365276,1891732
2024-09-06,2024,9,6,port57,Antwerp,Belgium,BEL,14,4,6,1,32,25,57,243195,82389,1321,0,39952,326906,366859,182376,33290,6518,1924,190627,224109,414737,1891733
2024-09-07,2024,9,7,port57,Antwerp,Belgium,BEL,11,0,7,2,43,20,63,222943,0,2558,110,173772,225611,399384,199824,0,7301,54,193395,207180,400575,1891734
2024-09-08,2024,9,8,port57,Antwerp,Belgium,BEL,13,2,8,3,34,26,60,294950,0,14105,1201,38450,310256,348707,104158,40160,2408,4080,210086,150809,360895,1891735
2024-09-09,2024,9,9,port57,Antwerp,Belgium,BEL,9,2,11,3,39,25,64,126380,25641,8955,4869,96134,165847,261981,239221,0,9887,6527,123488,255636,379125,1891736
2024-09-10,2024,9,10,port57,Antwerp,Belgium,BEL,12,0,12,2,37,26,63,292454,0,10412,0,128433,302866,431300,228830,0,11176,3555,101631,243561,345193,1891737
2024-09-11,2024,9,11,port57,Antwerp,Belgium,BEL,17,0,5,2,32,24,56,163967,0,2738,2392,61451,169097,230549,350216,0,11047,0,113650,361264,474915,1891738
2024-09-12,2024,9,12,port57,Antwerp,Belgium,BEL,16,1,10,2,46,29,75,65657,9593,5307,0,162010,80558,242568,370540,0,17080,0,130284,387621,517906,1891739
2024-09-13,2024,9,13,port57,Antwerp,Belgium,BEL,14,1,6,3,45,24,69,129582,26156,2316,374,134366,158428,292795,223140,0,9060,5786,120152,237987,358140,1891740
2024-09-14,2024,9,14,port57,Antwerp,Belgium,BEL,13,0,5,2,33,20,53,100984,0,2071,0,58601,103056,161657,265623,0,5077,0,79145,270700,349846,1891741
2024-09-15,2024,9,15,port57,Antwerp,Belgium,BEL,18,3,13,2,30,36,66,188865,33150,8222,0,201973,230237,432211,355936,0,4182,5772,116352,365891,482244,1891742
2024-09-16,2024,9,16,port57,Antwerp,Belgium,BEL,12,1,9,4,35,26,61,520798,31671,4471,3670,109091,560612,669704,93074,0,5133,6068,86835,104276,191112,1891743
2024-09-17,2024,9,17,port57,Antwerp,Belgium,BEL,13,2,10,3,39,28,67,222620,14856,6672,110,83317,244259,327576,314837,33008,3192,2797,100854,353835,454689,1891744
2024-09-18,2024,9,18,port57,Antwerp,Belgium,BEL,12,2,11,4,37,29,66,241875,34785,2982,2595,45334,282238,327572,241690,0,8710,0,207839,250401,458240,1891745
2024-09-19,2024,9,19,port57,Antwerp,Belgium,BEL,10,2,12,3,39,27,66,37442,0,4029,0,100936,41471,142408,510220,6328,12233,6379,125111,535162,660273,1891746
2024-09-20,2024,9,20,port57,Antwerp,Belgium,BEL,13,2,6,3,35,24,59,115534,49557,3941,0,103773,169033,272806,364578,0,1595,7160,120267,373333,493601,1891747
2024-09-21,2024,9,21,port57,Antwerp,Belgium,BEL,7,2,9,3,29,21,50,195927,58379,3275,3853,94431,261436,355867,89693,0,6829,0,67965,96523,164488,1891748
2024-09-22,2024,9,22,port57,Antwerp,Belgium,BEL,12,4,10,1,32,27,59,326652,14856,1536,600,45731,343646,389377,212796,68880,9393,966,134562,292036,426599,1891749
2024-09-23,2024,9,23,port57,Antwerp,Belgium,BEL,14,3,7,2,34,26,60,474488,74843,5094,1937,18912,556364,575276,225388,28204,16741,0,283211,270333,553545,1891750
2024-09-24,2024,9,24,port57,Antwerp,Belgium,BEL,19,0,6,3,44,28,72,318118,0,1912,3714,101422,323744,425167,120580,0,5046,54,85160,125680,210840,1891751
2024-09-25,2024,9,25,port57,Antwerp,Belgium,BEL,17,3,8,1,30,29,59,201768,50369,3133,0,21766,255271,277038,393314,31367,8267,0,119301,432950,552251,1891752
2024-09-26,2024,9,26,port57,Antwerp,Belgium,BEL,10,0,12,1,38,23,61,76160,0,10700,0,89109,86860,175970,172390,0,18718,0,57854,191108,248963,1891753
2024-09-27,2024,9,27,port57,Antwerp,Belgium,BEL,14,1,5,1,32,21,53,447539,9850,1321,0,80435,458711,539147,258692,0,7713,4025,78829,270431,349260,1891754
2024-09-28,2024,9,28,port57,Antwerp,Belgium,BEL,13,0,3,1,31,17,48,92245,0,4086,600,52795,96933,149729,272331,0,1787,966,133567,275084,408652,1891755
2024-09-29,2024,9,29,port57,Antwerp,Belgium,BEL,16,1,11,0,32,28,60,202111,42777,9008,0,78593,253898,332492,413904,0,10737,0,108004,424642,532647,1891756
2024-09-30,2024,9,30,port57,Antwerp,Belgium,BEL,15,1,8,0,43,24,67,212692,0,4369,0,90727,217061,307789,299118,21481,2170,0,86448,322770,409218,1891757
2024-10-01,2024,10,1,port57,Antwerp,Belgium,BEL,11,2,7,6,35,26,61,228570,74071,7795,1140,137452,311577,449030,153082,0,7323,6466,28538,166872,195411,1891758
2024-10-02,2024,10,2,port57,Antwerp,Belgium,BEL,18,1,15,1,47,35,82,342495,41703,18523,2343,201812,405066,606879,179484,0,6400,0,57138,185885,243023,1891759
2024-10-03,2024,10,3,port57,Antwerp,Belgium,BEL,16,2,11,4,34,33,67,282451,43574,7108,374,42233,333509,375742,300957,0,6995,1760,91024,309713,400737,1891760
2024-10-04,2024,10,4,port57,Antwerp,Belgium,BEL,12,2,8,2,36,24,60,296829,43536,3425,0,106068,343791,449859,150386,31618,13779,2343,127237,198128,325366,1891761
2024-10-05,2024,10,5,port57,Antwerp,Belgium,BEL,13,0,3,2,33,18,51,436290,0,0,3104,166318,439394,605713,198793,0,6556,0,107160,205350,312511,1891762
2024-10-06,2024,10,6,port57,Antwerp,Belgium,BEL,12,0,11,2,31,25,56,50792,0,5590,1533,140420,57916,198337,235056,0,6939,2910,67909,244907,312816,1891763
2024-10-07,2024,10,7,port57,Antwerp,Belgium,BEL,14,2,6,2,42,24,66,274394,22263,7142,975,120995,304774,425770,198254,1548,1730,2726,163194,204260,367455,1891764
2024-10-08,2024,10,8,port57,Antwerp,Belgium,BEL,12,2,10,3,33,27,60,198971,92698,3980,1633,64672,297283,361955,352286,0,13319,4520,113700,370126,483827,1891765
2024-10-09,2024,10,9,port57,Antwerp,Belgium,BEL,11,1,11,1,37,24,61,256604,0,3010,0,124476,259615,384092,174614,0,12888,0,73024,187502,260526,1891766
2024-10-10,2024,10,10,port57,Antwerp,Belgium,BEL,14,2,13,3,33,32,65,158043,28150,3682,0,71446,189877,261323,325515,33917,11291,7320,84213,378044,462257,1891767
2024-10-11,2024,10,11,port57,Antwerp,Belgium,BEL,16,2,7,1,47,26,73,112225,35031,7757,0,138978,155014,293992,351905,0,9345,1924,61855,363175,425030,1891768
2024-10-12,2024,10,12,port57,Antwerp,Belgium,BEL,8,0,11,3,38,22,60,211450,0,6474,374,148362,218299,366661,266663,0,9291,7797,124857,283752,408610,1891769
2024-10-13,2024,10,13,port57,Antwerp,Belgium,BEL,13,1,8,5,33,27,60,174849,30980,3681,3166,90905,212677,303583,150449,0,5992,5640,42079,162082,204161,1891770
2024-10-14,2024,10,14,port57,Antwerp,Belgium,BEL,13,1,14,0,36,28,64,132916,0,21291,0,85518,154207,239726,388309,0,5808,0,41545,394118,435664,1891771
2024-10-15,2024,10,15,port57,Antwerp,Belgium,BEL,11,5,9,7,38,32,70,576403,139733,4037,3839,104137,724014,828151,88234,0,11254,15237,109800,114726,224527,1891772
2024-10-16,2024,10,16,port57,Antwerp,Belgium,BEL,14,5,16,1,41,36,77,198956,53882,3233,0,135815,256072,391887,137806,77534,22943,267,77619,238551,316171,1891773
2024-10-17,2024,10,17,port57,Antwerp,Belgium,BEL,16,2,12,3,39,33,72,161174,12672,5224,600,144165,179672,323838,339771,0,11906,966,149860,352645,502506,1891774
2024-10-18,2024,10,18,port57,Antwerp,Belgium,BEL,11,1,10,2,46,24,70,152036,50088,2204,0,92030,204329,296360,174973,0,9880,2343,182087,187197,369284,1891775
2024-10-19,2024,10,19,port57,Antwerp,Belgium,BEL,10,0,5,1,33,16,49,90095,0,1363,0,123642,91458,215100,338198,0,7713,0,26683,345911,372594,1891776
2024-10-20,2024,10,20,port57,Antwerp,Belgium,BEL,12,0,10,2,28,24,52,108872,0,5529,0,39944,114401,154346,533131,0,17628,10491,20571,561250,581821,1891777
2024-10-21,2024,10,21,port57,Antwerp,Belgium,BEL,17,1,8,4,39,30,69,278762,0,9042,1242,102672,289047,391720,153878,30085,6087,5695,57375,195746,253122,1891778
2024-10-22,2024,10,22,port57,Antwerp,Belgium,BEL,8,1,11,2,38,22,60,222409,0,8332,0,120075,230741,350817,267635,29362,10479,1372,45159,308850,354010,1891779
2024-10-23,2024,10,23,port57,Antwerp,Belgium,BEL,13,2,9,3,41,27,68,305002,46917,6169,0,51554,358089,409643,129803,0,7042,871,144721,137717,282438,1891780
2024-10-24,2024,10,24,port57,Antwerp,Belgium,BEL,12,3,15,3,51,33,84,283669,35138,5411,3916,157492,328136,485628,86046,95025,16656,0,167909,197729,365638,1891781
2024-10-25,2024,10,25,port57,Antwerp,Belgium,BEL,10,2,10,4,37,26,63,92978,6944,2994,0,47891,102917,150808,301705,0,9633,4824,132425,316163,448589,1891782
2024-10-26,2024,10,26,port57,Antwerp,Belgium,BEL,14,3,8,1,40,26,66,201775,37913,3111,0,114892,242800,357693,203445,30925,4394,0,118828,238765,357593,1891783
2024-10-27,2024,10,27,port57,Antwerp,Belgium,BEL,11,3,5,2,35,21,56,101401,30102,590,600,258541,132695,391236,122765,0,7896,4873,91278,135534,226813,1891784
2024-10-28,2024,10,28,port57,Antwerp,Belgium,BEL,9,1,8,3,41,21,62,132140,0,21159,3549,103870,156849,260720,205136,29619,17199,0,130197,251955,382152,1891785
2024-10-29,2024,10,29,port57,Antwerp,Belgium,BEL,8,1,12,1,37,22,59,6670,0,5024,0,79925,11694,91620,513676,0,6506,109,34036,520293,554329,1891786
2024-10-30,2024,10,30,port57,Antwerp,Belgium,BEL,11,5,10,2,34,28,62,140659,135010,4705,2343,140952,282718,423670,168150,7403,5859,655,65593,182069,247662,1891787
2024-10-31,2024,10,31,port57,Antwerp,Belgium,BEL,17,0,8,2,40,27,67,394649,0,5699,600,191238,400948,592187,134647,0,13873,966,171384,149487,320871,1891788
2024-11-01,2024,11,1,port57,Antwerp,Belgium,BEL,12,2,10,3,45,27,72,249528,0,2285,0,195045,251814,446860,324046,41939,8186,2975,39200,377147,416348,1891789
2024-11-02,2024,11,2,port57,Antwerp,Belgium,BEL,11,2,7,1,33,21,54,117911,49461,6301,0,138695,173673,312369,142452,0,4006,0,123944,146459,270403,1891790
2024-11-03,2024,11,3,port57,Antwerp,Belgium,BEL,15,1,5,2,33,23,56,214800,0,10591,0,139040,225392,364432,256600,35413,2426,2677,86860,297119,383979,1891791
2024-11-04,2024,11,4,port57,Antwerp,Belgium,BEL,10,1,13,1,45,25,70,85807,15026,7330,1111,182706,109275,291982,99443,0,10552,0,59069,109996,169065,1891792
2024-11-05,2024,11,5,port57,Antwerp,Belgium,BEL,6,0,8,4,45,18,63,137462,0,7064,3553,60739,148081,208820,121261,0,4652,5872,115866,131786,247652,1891793
2024-11-06,2024,11,6,port57,Antwerp,Belgium,BEL,19,2,8,1,41,30,71,229951,0,11225,2961,306966,244138,551104,371710,35263,9060,0,160547,416034,576582,1891794
2024-11-07,2024,11,7,port57,Antwerp,Belgium,BEL,14,2,11,4,31,31,62,131612,43135,5127,656,167297,180531,347828,396087,7403,8444,0,112865,411936,524801,1891795
2024-11-08,2024,11,8,port57,Antwerp,Belgium,BEL,15,2,9,2,47,28,75,375056,66725,2632,374,182225,444788,627014,304755,0,7304,5786,192382,317845,510228,1891796
2024-11-09,2024,11,9,port57,Antwerp,Belgium,BEL,11,2,8,2,41,23,64,268024,0,6453,0,190206,274478,464684,326961,43475,8503,2768,71135,381708,452843,1891797
2024-11-10,2024,11,10,port57,Antwerp,Belgium,BEL,8,1,10,2,26,21,47,134794,0,8660,600,75381,144056,219437,195579,0,2789,966,163957,199334,363292,1891798
2024-11-11,2024,11,11,port57,Antwerp,Belgium,BEL,15,4,9,0,43,28,71,326306,93043,1180,0,118245,420530,538775,313581,2711,11106,0,64827,327399,392226,1891799
2024-11-12,2024,11,12,port57,Antwerp,Belgium,BEL,17,1,12,3,35,33,68,171428,18954,8586,657,135918,199627,335546,197124,0,7840,3556,72812,208521,281334,1891800
2024-11-13,2024,11,13,port57,Antwerp,Belgium,BEL,18,0,11,3,47,32,79,348631,0,22148,3558,119066,374337,493404,271165,0,7387,6501,92576,285054,377631,1891801
2024-11-14,2024,11,14,port57,Antwerp,Belgium,BEL,12,0,10,3,38,25,63,385327,0,2582,710,92718,388620,481338,187495,0,6539,5255,95634,199290,294924,1891802
2024-11-15,2024,11,15,port57,Antwerp,Belgium,BEL,11,1,3,4,31,19,50,430075,0,1463,0,51152,431538,482691,129166,0,2808,8488,204795,140463,345259,1891803
2024-11-16,2024,11,16,port57,Antwerp,Belgium,BEL,15,3,9,5,38,32,70,191406,14856,4747,3604,106967,214614,321581,339850,75605,7320,5149,55489,427925,483415,1891804
2024-11-17,2024,11,17,port57,Antwerp,Belgium,BEL,10,4,14,2,32,30,62,175564,48238,12120,374,83154,236297,319452,154959,40157,4265,5971,84427,205353,289781,1891805
2024-11-18,2024,11,18,port57,Antwerp,Belgium,BEL,12,1,11,2,46,26,72,120101,13123,6572,0,174623,139797,314420,191639,0,19012,3237,115048,213890,328938,1891806
2024-11-19,2024,11,19,port57,Antwerp,Belgium,BEL,12,1,7,5,41,25,66,159793,30414,4799,4260,64066,199267,263334,331153,0,3359,4563,83749,339075,422824,1891807
2024-11-20,2024,11,20,port57,Antwerp,Belgium,BEL,14,1,8,2,30,25,55,145796,35295,915,110,55596,182117,237713,398924,0,8997,54,81702,407976,489679,1891808
2024-11-21,2024,11,21,port57,Antwerp,Belgium,BEL,12,0,14,5,37,31,68,98584,0,6024,3601,72545,108211,180756,210834,0,9916,2375,60581,223126,283708,1891809
2024-11-22,2024,11,22,port57,Antwerp,Belgium,BEL,18,0,9,2,33,29,62,156343,0,8631,0,73520,164974,238495,245666,0,5312,4447,93557,255425,348983,1891810
2024-11-23,2024,11,23,port57,Antwerp,Belgium,BEL,11,1,10,4,34,26,60,257661,5447,5118,710,97458,268939,366397,109184,0,6449,6118,118382,121752,240135,1891811
2024-11-24,2024,11,24,port57,Antwerp,Belgium,BEL,8,2,10,1,30,21,51,111414,16918,8368,0,125156,136701,261857,141737,0,10151,0,17572,151888,169461,1891812
2024-11-25,2024,11,25,port57,Antwerp,Belgium,BEL,10,2,12,3,44,27,71,509127,3469,8237,0,59713,520834,580547,150922,0,11933,7946,168280,170802,339082,1891813
2024-11-26,2024,11,26,port57,Antwerp,Belgium,BEL,9,1,11,2,38,23,61,214767,8615,3965,654,116536,228003,344540,160335,0,9906,0,163591,170241,333833,1891814
2024-11-27,2024,11,27,port57,Antwerp,Belgium,BEL,14,0,8,0,29,22,51,70070,0,2360,0,87123,72431,159554,317285,0,7138,0,58717,324423,383141,1891815
2024-11-28,2024,11,28,port57,Antwerp,Belgium,BEL,14,2,6,1,45,23,68,88187,0,4816,0,143411,93003,236415,268079,46747,930,0,37873,315757,353631,1891816
2024-11-29,2024,11,29,port57,Antwerp,Belgium,BEL,12,1,9,2,34,24,58,222812,2873,3934,0,71855,229620,301475,194029,0,11804,0,121660,205834,327494,1891817
2024-11-30,2024,11,30,port57,Antwerp,Belgium,BEL,14,1,11,2,38,28,66,290083,0,2949,0,137211,293032,430244,370899,15093,7162,0,77682,393155,470837,1891818
2024-12-01,2024,12,1,port57,Antwerp,Belgium,BEL,14,3,10,1,32,28,60,86013,41848,11004,0,97568,138866,236434,293105,35599,3452,4350,36773,336508,373281,1891819
2024-12-02,2024,12,2,port57,Antwerp,Belgium,BEL,16,0,11,2,36,29,65,258101,0,8995,1309,86929,268407,355336,266763,0,15123,1948,101179,283835,385015,1891820
2024-12-03,2024,12,3,port57,Antwerp,Belgium,BEL,15,1,5,5,43,26,69,390591,91573,852,3404,166988,486421,653410,388529,0,5561,1760,98056,395851,493908,1891821
2024-12-04,2024,12,4,port57,Antwerp,Belgium,BEL,13,5,10,1,35,29,64,286808,70858,7968,0,95102,365635,460737,233307,0,10479,0,84836,243786,328623,1891822
2024-12-05,2024,12,5,port57,Antwerp,Belgium,BEL,14,1,10,3,26,28,54,219498,9565,4510,0,67378,233575,300953,343355,0,15764,3870,96201,362989,459191,1891823
2024-12-06,2024,12,6,port57,Antwerp,Belgium,BEL,9,2,5,3,39,19,58,210434,50133,1702,374,35984,262645,298629,86006,7403,6095,5786,93053,105291,198344,1891824
2024-12-07,2024,12,7,port57,Antwerp,Belgium,BEL,8,2,5,1,34,16,50,54198,23770,2736,0,122774,80706,203480,190069,0,2292,267,79303,192629,271933,1891825
2024-12-08,2024,12,8,port57,Antwerp,Belgium,BEL,8,0,6,2,28,16,44,41865,0,3612,975,89670,46452,136123,168477,0,6106,2726,97831,177311,275142,1891826
2024-12-09,2024,12,9,port57,Antwerp,Belgium,BEL,13,1,7,2,28,23,51,121767,0,7633,1311,70340,130712,201053,278854,35654,3607,4190,131626,322307,453933,1891827
2024-12-10,2024,12,10,port57,Antwerp,Belgium,BEL,14,1,10,2,39,27,66,132516,8741,11895,0,110221,153153,263375,403109,0,7009,1166,81186,411285,492472,1891828
2024-12-11,2024,12,11,port57,Antwerp,Belgium,BEL,13,2,10,3,37,28,65,541405,43943,1912,0,65631,587260,652892,70448,0,29523,2479,223102,102452,325554,1891829
2024-12-12,2024,12,12,port57,Antwerp,Belgium,BEL,13,2,11,1,37,27,64,328708,11647,7983,0,96207,348339,444546,225007,20117,4582,0,144615,249708,394323,1891830
2024-12-13,2024,12,13,port57,Antwerp,Belgium,BEL,12,3,2,3,27,20,47,193701,40809,2192,0,43309,236703,280013,137109,0,0,4210,68825,141320,210145,1891831
2024-12-14,2024,12,14,port57,Antwerp,Belgium,BEL,15,2,11,4,28,32,60,243237,45876,2410,600,121527,292125,413652,226049,0,10733,966,72645,237749,310395,1891832
2024-12-15,2024,12,15,port57,Antwerp,Belgium,BEL,16,1,11,1,35,29,64,234956,22618,4944,0,91143,262519,353663,373041,0,11963,0,102596,385004,487600,1891833
2024-12-16,2024,12,16,port57,Antwerp,Belgium,BEL,8,2,5,5,39,20,59,275598,0,2249,1031,74993,278879,353872,128247,35539,6024,4439,77707,174250,251958,1891834
2024-12-17,2024,12,17,port57,Antwerp,Belgium,BEL,14,1,12,3,38,30,68,258170,46609,7897,4399,206117,317077,523195,228773,0,10474,5916,144959,245164,390124,1891835
2024-12-18,2024,12,18,port57,Antwerp,Belgium,BEL,14,3,9,3,38,29,67,221015,62059,3465,374,122269,286914,409184,439861,29628,9016,6115,76998,484621,561620,1891836
2024-12-19,2024,12,19,port57,Antwerp,Belgium,BEL,13,3,14,3,35,33,68,121347,14856,22381,0,148474,158585,307060,65164,66715,17056,0,151558,148936,300495,1891837
2024-12-20,2024,12,20,port57,Antwerp,Belgium,BEL,15,2,10,3,34,30,64,210812,3618,5196,374,100077,220002,320080,216952,0,3130,5841,55561,225924,281486,1891838
2024-12-21,2024,12,21,port57,Antwerp,Belgium,BEL,11,2,4,2,41,19,60,163482,25710,3123,110,79612,192427,272040,282263,43183,1826,3376,100678,330649,431328,1891839
2024-12-22,2024,12,22,port57,Antwerp,Belgium,BEL,11,1,6,2,26,20,46,75676,0,5272,0,50177,80948,131125,226699,2870,3340,0,41273,232910,274184,1891840
2024-12-23,2024,12,23,port57,Antwerp,Belgium,BEL,5,0,5,1,21,11,32,52044,0,8176,0,52258,60221,112479,184851,0,310,0,16735,185161,201897,1891841
2024-12-24,2024,12,24,port57,Antwerp,Belgium,BEL,11,2,6,5,35,24,59,119170,81037,2053,374,45839,202635,248475,318357,0,7183,16565,113215,342106,455322,1891842
2024-12-25,2024,12,25,port57,Antwerp,Belgium,BEL,9,3,9,4,35,25,60,124560,108246,8942,3742,91257,245491,336748,63800,0,4842,966,74153,69609,143763,1891843
2024-12-26,2024,12,26,port57,Antwerp,Belgium,BEL,12,2,5,3,39,22,61,239208,37605,1180,0,100078,277994,378072,179149,0,8586,0,65103,187735,252838,1891844
2024-12-27,2024,12,27,port57,Antwerp,Belgium,BEL,5,0,6,1,39,12,51,80390,0,4493,0,117801,84883,202685,70979,0,2106,0,80376,73086,153463,1891845
2024-12-28,2024,12,28,port57,Antwerp,Belgium,BEL,6,3,5,2,29,16,45,32929,24834,2184,0,85901,59948,145849,354638,29435,3026,0,113915,387099,501015,1891846
2024-12-29,2024,12,29,port57,Antwerp,Belgium,BEL,10,3,3,2,22,18,40,233750,48320,0,0,138532,282070,420603,268965,14807,13261,2951,37042,299985,337028,1891847
2024-12-30,2024,12,30,port57,Antwerp,Belgium,BEL,10,1,4,0,38,15,53,231790,13461,590,0,77614,245842,323456,126077,0,8190,0,66117,134268,200385,1891848
2024-12-31,2024,12,31,port57,Antwerp,Belgium,BEL,14,3,3,2,29,22,51,184133,7249,1013,2670,118659,195066,313726,187587,30584,2446,1760,46084,222379,268463,1891849
2025-01-01,2025,1,1,port57,Antwerp,Belgium,BEL,5,3,1,1,23,10,33,27914,29984,0,600,44054,58500,102554,57347,7403,2181,966,78748,67899,146648,1891850
2025-01-02,2025,1,2,port57,Antwerp,Belgium,BEL,8,2,7,3,41,20,61,232911,63288,6320,4931,136218,307451,443669,68079,0,4436,3556,156571,76072,232643,1891851
2025-01-03,2025,1,3,port57,Antwerp,Belgium,BEL,16,1,6,2,32,25,57,459081,34760,8579,0,126557,502421,628978,165211,0,1615,0,30715,166826,197541,1891852
2025-01-04,2025,1,4,port57,Antwerp,Belgium,BEL,15,1,7,1,31,24,55,87014,11529,1463,374,154301,100380,254682,485614,0,8561,1760,105697,495937,601634,1891853
2025-01-05,2025,1,5,port57,Antwerp,Belgium,BEL,17,2,3,1,26,23,49,151161,20280,1770,374,49932,173586,223518,113145,15570,930,1760,30260,131406,161666,1891854
2025-01-06,2025,1,6,port57,Antwerp,Belgium,BEL,12,2,3,0,40,17,57,169968,0,5299,0,70408,175268,245676,177816,0,620,0,72117,178436,250554,1891855
2025-01-07,2025,1,7,port57,Antwerp,Belgium,BEL,11,1,5,3,26,20,46,274611,0,1940,657,83549,277209,360759,302790,25850,4510,1882,73576,335033,408610,1891856
2025-01-08,2025,1,8,port57,Antwerp,Belgium,BEL,14,1,6,3,39,24,63,110279,30547,1180,0,118588,142006,260595,391370,0,4595,0,149911,395965,545876,1891857
2025-01-09,2025,1,9,port57,Antwerp,Belgium,BEL,10,2,15,2,38,29,67,178971,25316,5398,4847,150821,214534,365356,204021,0,12384,4025,77090,220431,297522,1891858
2025-01-10,2025,1,10,port57,Antwerp,Belgium,BEL,13,6,8,2,42,29,71,113718,87709,5453,0,129378,206882,336260,481657,15426,6990,2343,119142,506419,625561,1891859
2025-01-11,2025,1,11,port57,Antwerp,Belgium,BEL,14,3,7,1,36,25,61,213331,55886,4931,0,96162,274149,370312,287709,0,4426,5638,75771,297774,373545,1891860
2025-01-12,2025,1,12,port57,Antwerp,Belgium,BEL,9,0,6,1,26,16,42,226680,0,3317,0,34151,229997,264148,269878,0,7150,0,61432,277029,338461,1891861
2025-01-13,2025,1,13,port57,Antwerp,Belgium,BEL,15,1,5,3,29,24,53,492820,10956,2514,4917,70645,511209,581855,227019,0,3507,0,18840,230527,249368,1891862
2025-01-14,2025,1,14,port57,Antwerp,Belgium,BEL,16,0,13,7,33,36,69,152688,0,6926,6424,203387,166038,369426,116471,0,10780,2003,46591,129254,175846,1891863
2025-01-15,2025,1,15,port57,Antwerp,Belgium,BEL,9,3,11,2,32,25,57,111044,58561,4114,374,38270,174094,212365,45994,17554,12570,3522,87076,79641,166718,1891864
2025-01-16,2025,1,16,port57,Antwerp,Belgium,BEL,12,4,9,2,33,27,60,206632,47349,3891,600,63945,258473,322419,139416,0,7443,2619,145601,149480,295081,1891865
2025-01-17,2025,1,17,port57,Antwerp,Belgium,BEL,14,2,9,3,36,28,64,361232,0,3724,267,90756,365224,455981,220685,44993,7521,2763,145516,275964,421481,1891866
2025-01-18,2025,1,18,port57,Antwerp,Belgium,BEL,13,2,6,3,33,24,57,123124,37484,2643,975,158533,164227,322761,347031,0,5214,2726,139820,354972,494792,1891867
2025-01-19,2025,1,19,port57,Antwerp,Belgium,BEL,13,1,12,5,32,31,63,156689,0,6902,3757,75470,167349,242819,297388,5343,7481,1803,38316,312017,350333,1891868
2025-01-20,2025,1,20,port57,Antwerp,Belgium,BEL,12,1,7,1,36,21,57,268321,30013,3764,0,50163,302099,352262,277039,0,5807,0,56836,282847,339684,1891869
2025-01-21,2025,1,21,port57,Antwerp,Belgium,BEL,9,1,5,2,28,17,45,190084,42335,1321,4168,48855,237910,286766,153581,0,8263,3210,71152,165054,236206,1891870
2025-01-22,2025,1,22,port57,Antwerp,Belgium,BEL,16,2,7,4,31,29,60,523036,12172,4275,3871,151802,543356,695158,200149,0,4811,4078,84105,209039,293144,1891871
2025-01-23,2025,1,23,port57,Antwerp,Belgium,BEL,15,1,6,4,34,26,60,348081,0,1584,748,94081,350415,444496,206513,34365,7600,8591,231852,257070,488923,1891872
2025-01-24,2025,1,24,port57,Antwerp,Belgium,BEL,11,1,8,1,34,21,55,40402,14856,2094,0,139697,57353,197050,182554,7403,3788,0,62831,193747,256579,1891873
2025-01-25,2025,1,25,port57,Antwerp,Belgium,BEL,11,0,8,3,33,22,55,61254,0,7209,2343,87685,70808,158493,487619,0,8986,0,64030,496606,560637,1891874
2025-01-26,2025,1,26,port57,Antwerp,Belgium,BEL,9,1,5,2,40,17,57,22485,8001,3050,1204,38885,34741,73627,178418,0,9210,966,233391,188595,421987,1891875
2025-01-27,2025,1,27,port57,Antwerp,Belgium,BEL,11,0,8,3,38,22,60,156237,0,3824,3000,208199,163062,371261,233832,0,8407,2782,195713,245022,440736,1891876
2025-01-28,2025,1,28,port57,Antwerp,Belgium,BEL,10,1,12,2,35,25,60,289230,25352,9302,1260,180771,325146,505918,177891,0,18372,2038,133810,198301,332112,1891877
2025-01-29,2025,1,29,port57,Antwerp,Belgium,BEL,21,0,7,1,33,29,62,248527,0,2094,0,77566,250621,328187,361835,0,20349,0,54488,382185,436673,1891878
2025-01-30,2025,1,30,port57,Antwerp,Belgium,BEL,16,1,9,2,32,28,60,158493,29006,3383,0,118806,190883,309689,347605,0,5553,2407,66437,355566,422003,1891879
2025-01-31,2025,1,31,port57,Antwerp,Belgium,BEL,16,2,6,2,47,26,73,444661,7320,731,374,196521,453087,649608,246979,35505,4812,1760,79120,289057,368178,1891880
2025-02-01,2025,2,1,port57,Antwerp,Belgium,BEL,11,2,10,3,31,26,57,69431,0,4640,110,74196,74182,148378,408522,78821,19263,54,52865,506660,559525,1891881
2025-02-02,2025,2,2,port57,Antwerp,Belgium,BEL,13,1,7,1,29,22,51,124622,0,3682,0,115170,128305,243475,164171,0,5264,0,23990,169435,193425,1891882
2025-02-03,2025,2,3,port57,Antwerp,Belgium,BEL,15,1,8,2,36,26,62,122455,0,3707,1315,42375,127477,169853,217197,28999,4976,0,161723,251173,412897,1891883
2025-02-04,2025,2,4,port57,Antwerp,Belgium,BEL,14,2,9,4,32,29,61,329712,46379,8151,157,77985,384401,462386,225829,0,9561,8298,175273,243688,418962,1891884
2025-02-05,2025,2,5,port57,Antwerp,Belgium,BEL,18,2,3,1,31,24,55,220851,5424,590,0,46527,226866,273393,290852,47349,3954,0,72598,342156,414754,1891885
2025-02-06,2025,2,6,port57,Antwerp,Belgium,BEL,11,2,12,3,24,28,52,262306,50011,3660,374,195581,316352,511933,269957,7403,10332,1760,62695,289453,352149,1891886
2025-02-07,2025,2,7,port57,Antwerp,Belgium,BEL,18,1,3,5,37,27,64,312742,17419,3910,3541,229668,337614,567282,166742,0,2246,6467,56192,175456,231648,1891887
2025-02-08,2025,2,8,port57,Antwerp,Belgium,BEL,15,1,9,1,32,26,58,132030,36728,2477,0,208356,171236,379592,432849,0,9727,0,109623,442576,552200,1891888
2025-02-09,2025,2,9,port57,Antwerp,Belgium,BEL,16,2,11,4,44,33,77,228401,0,15426,5047,243273,248876,492149,320988,10662,13567,9241,155933,354460,510393,1891889
2025-02-10,2025,2,10,port57,Antwerp,Belgium,BEL,12,1,13,1,47,27,74,197528,9180,16083,600,47883,223394,271278,195739,0,11701,966,163587,208408,371995,1891890
2025-02-11,2025,2,11,port57,Antwerp,Belgium,BEL,12,2,8,4,43,26,69,414271,56599,4378,3512,173200,478761,651961,239847,7403,9121,3521,207684,259894,467579,1891891
2025-02-12,2025,2,12,port57,Antwerp,Belgium,BEL,13,2,13,2,29,30,59,67949,3270,3922,1055,14859,76198,91058,368698,0,7392,54,190631,376145,566777,1891892
2025-02-13,2025,2,13,port57,Antwerp,Belgium,BEL,16,0,7,2,30,25,55,644326,0,3228,0,90178,647554,737733,135758,0,3589,8791,100704,148139,248843,1891893
2025-02-14,2025,2,14,port57,Antwerp,Belgium,BEL,10,4,8,5,38,27,65,53595,90276,1792,1581,109545,147246,256792,329121,53608,12902,10484,193873,406117,599991,1891894
2025-02-15,2025,2,15,port57,Antwerp,Belgium,BEL,16,1,7,3,43,27,70,118958,0,3317,267,107942,122543,230485,100518,56556,10166,0,34635,167241,201877,1891895
2025-02-16,2025,2,16,port57,Antwerp,Belgium,BEL,11,1,12,3,26,27,53,36826,0,6452,1315,82808,44593,127402,344600,14458,11547,1638,44741,372245,416986,1891896
2025-02-17,2025,2,17,port57,Antwerp,Belgium,BEL,12,1,14,2,37,29,66,340934,26775,5031,2763,131911,375505,507416,302095,0,8235,0,35237,310330,345568,1891897
2025-02-18,2025,2,18,port57,Antwerp,Belgium,BEL,13,1,7,2,43,23,66,437967,0,10038,0,69544,448006,517550,194346,0,1164,5395,129448,200906,330355,1891898
2025-02-19,2025,2,19,port57,Antwerp,Belgium,BEL,15,1,11,3,34,30,64,134876,35760,7890,267,124195,178794,302989,232398,0,5500,3718,51830,241616,293446,1891899
2025-02-20,2025,2,20,port57,Antwerp,Belgium,BEL,11,3,13,3,34,30,64,292113,22457,21452,0,56026,336023,392049,247995,13172,10678,3907,157258,275753,433012,1891900
2025-02-21,2025,2,21,port57,Antwerp,Belgium,BEL,8,0,8,2,33,18,51,29084,0,4084,0,46107,33169,79276,279802,0,4048,2343,104485,286195,390681,1891901
2025-02-22,2025,2,22,port57,Antwerp,Belgium,BEL,16,0,10,2,40,28,68,508904,0,3148,0,65749,512053,577803,184530,0,15401,5444,122963,205376,328340,1891902
2025-02-23,2025,2,23,port57,Antwerp,Belgium,BEL,10,4,7,4,33,25,58,111071,4586,9193,1349,59432,126201,185633,178374,85309,1240,10362,64392,275287,339680,1891903
2025-02-24,2025,2,24,port57,Antwerp,Belgium,BEL,13,1,6,2,40,22,62,133844,35763,2736,5154,115702,177498,293201,408271,0,5433,0,52109,413705,465814,1891904
2025-02-25,2025,2,25,port57,Antwerp,Belgium,BEL,7,1,7,2,27,17,44,49644,16860,5416,9278,68932,81199,150132,65467,0,3450,0,47322,68917,116240,1891905
2025-02-26,2025,2,26,port57,Antwerp,Belgium,BEL,17,4,16,1,30,38,68,162622,39698,11592,0,56909,213913,270822,459833,15487,23678,1814,46053,500813,546867,1891906
2025-02-27,2025,2,27,port57,Antwerp,Belgium,BEL,11,2,12,3,33,28,61,204368,12040,3133,207,295020,219750,514771,219906,2933,8161,164,47011,231165,278176,1891907
2025-02-28,2025,2,28,port57,Antwerp,Belgium,BEL,16,3,11,4,46,34,80,352805,52718,3649,374,104918,409547,514465,152239,0,14709,6393,74029,173342,247371,1891908
2025-03-01,2025,3,1,port57,Antwerp,Belgium,BEL,17,1,7,1,30,26,56,492153,8318,8642,3492,137572,512606,650179,328289,0,3500,0,70195,331789,401985,1891909
2025-03-02,2025,3,2,port57,Antwerp,Belgium,BEL,8,3,10,3,34,24,58,49915,74374,9976,7472,50599,141739,192338,260748,36210,7974,0,112827,304933,417761,1891910
2025-03-03,2025,3,3,port57,Antwerp,Belgium,BEL,13,1,8,3,36,25,61,95840,35886,11856,657,152086,144241,296327,330845,0,6932,5064,120250,342841,463092,1891911
2025-03-04,2025,3,4,port57,Antwerp,Belgium,BEL,10,4,11,3,29,28,57,77303,59105,7814,2763,60435,146986,207422,52111,38858,5389,2301,33563,98660,132223,1891912
2025-03-05,2025,3,5,port57,Antwerp,Belgium,BEL,19,2,5,2,31,28,59,358053,10265,4155,110,42320,372584,414904,363391,0,659,2352,53633,366402,420036,1891913
2025-03-06,2025,3,6,port57,Antwerp,Belgium,BEL,13,0,11,1,32,25,57,222506,0,3888,0,178463,226394,404857,154725,0,6311,0,114638,161036,275675,1891914
2025-03-07,2025,3,7,port57,Antwerp,Belgium,BEL,13,2,4,2,42,21,63,369250,11511,2746,600,137591,384109,521700,95749,29165,13894,5835,107091,144646,251737,1891915
2025-03-08,2025,3,8,port57,Antwerp,Belgium,BEL,11,1,7,4,36,23,59,82257,20737,2310,4271,121909,109576,231486,399687,0,5657,7691,75320,413037,488357,1891916
2025-03-09,2025,3,9,port57,Antwerp,Belgium,BEL,14,2,7,4,38,27,65,545556,46035,4619,0,107875,596210,704086,209950,42009,3042,5878,49752,260881,310633,1891917
2025-03-10,2025,3,10,port57,Antwerp,Belgium,BEL,12,1,8,2,39,23,62,136591,9244,6942,4919,126415,157696,284112,214450,0,12012,0,59925,226462,286387,1891918
2025-03-11,2025,3,11,port57,Antwerp,Belgium,BEL,15,1,10,2,32,28,60,133053,16990,8020,110,36508,158175,194683,177418,0,8113,54,96775,185586,282362,1891919
2025-03-12,2025,3,12,port57,Antwerp,Belgium,BEL,15,0,8,0,34,23,57,404849,0,3318,0,45016,408167,453184,355647,0,5294,0,91257,360941,452199,1891920
2025-03-13,2025,3,13,port57,Antwerp,Belgium,BEL,15,2,8,3,34,28,62,290243,54392,2593,0,50906,347229,398135,398443,0,7994,2351,84052,408789,492842,1891921
2025-03-14,2025,3,14,port57,Antwerp,Belgium,BEL,11,0,7,3,40,21,61,283793,0,3691,0,115287,287485,402772,71528,0,17373,9732,152200,98634,250835,1891922
2025-03-15,2025,3,15,port57,Antwerp,Belgium,BEL,17,0,5,3,37,25,62,277390,0,1321,0,100281,278712,378993,216520,0,3515,873,93155,220909,314064,1891923
2025-03-16,2025,3,16,port57,Antwerp,Belgium,BEL,12,2,10,5,34,29,63,59066,377,4021,0,30788,63466,94254,417709,39278,5050,4728,163552,466767,630319,1891924
2025-03-17,2025,3,17,port57,Antwerp,Belgium,BEL,10,0,9,3,33,22,55,87297,0,5323,865,85446,93486,178932,303027,0,7553,164,95038,310745,405784,1891925
2025-03-18,2025,3,18,port57,Antwerp,Belgium,BEL,11,1,5,3,31,20,51,211209,22961,2643,5656,130919,242471,373390,259236,0,2963,1808,35359,264009,299369,1891926
2025-03-19,2025,3,19,port57,Antwerp,Belgium,BEL,13,0,12,2,33,27,60,175407,0,9846,3604,80404,188857,269262,368473,0,12109,0,72070,380583,452654,1891927
2025-03-20,2025,3,20,port57,Antwerp,Belgium,BEL,13,3,14,1,32,31,63,252550,18729,3682,0,135179,274962,410142,161308,0,9471,5921,44240,176701,220941,1891928
2025-03-21,2025,3,21,port57,Antwerp,Belgium,BEL,2,4,11,4,25,21,46,0,133670,8136,110,39524,141916,181440,94808,0,8014,11348,76528,114171,190700,1891929
2025-03-22,2025,3,22,port57,Antwerp,Belgium,BEL,9,6,7,1,45,23,68,78273,83941,1363,0,146293,163578,309872,247724,75616,10298,0,91170,333639,424809,1891930
2025-03-23,2025,3,23,port57,Antwerp,Belgium,BEL,18,2,12,3,40,35,75,296545,0,5561,942,149765,303049,452814,301187,47531,5123,1537,80997,355380,436377,1891931
2025-03-24,2025,3,24,port57,Antwerp,Belgium,BEL,18,1,11,4,46,34,80,333386,0,6181,6840,130552,346408,476960,121665,0,5880,3543,67700,131089,198789,1891932
2025-03-25,2025,3,25,port57,Antwerp,Belgium,BEL,14,2,9,5,39,30,69,71465,0,16420,1924,105930,89810,195741,351622,0,10815,3328,131286,365767,497053,1891933
2025-03-26,2025,3,26,port57,Antwerp,Belgium,BEL,14,1,6,2,33,23,56,40156,0,3450,600,49239,44207,93447,257840,0,5224,6737,85094,269802,354897,1891934
2025-03-27,2025,3,27,port57,Antwerp,Belgium,BEL,14,2,12,0,37,28,65,328202,0,6600,0,125882,334802,460685,283220,1691,12778,0,342862,297690,640552,1891935
2025-03-28,2025,3,28,port57,Antwerp,Belgium,BEL,11,2,8,5,31,26,57,184807,14301,3804,1578,197926,204492,402419,305288,41467,5791,9368,39020,361916,400937,1891936
2025-03-29,2025,3,29,port57,Antwerp,Belgium,BEL,15,5,7,2,28,29,57,157047,79463,2180,0,99714,238690,338405,260769,0,6755,2707,40460,270231,310692,1891937
2025-03-30,2025,3,30,port57,Antwerp,Belgium,BEL,12,1,2,2,30,17,47,388765,61197,1363,3322,54466,454649,509116,79065,0,1164,0,74742,80230,154972,1891938
2025-03-31,2025,3,31,port57,Antwerp,Belgium,BEL,1,1,4,1,24,7,31,0,0,1180,0,22461,1180,23642,20694,30349,3046,1542,42917,55633,98551,1891939
2025-04-01,2025,4,1,port57,Antwerp,Belgium,BEL,10,2,14,4,33,30,63,367061,40711,5348,1685,40133,414807,454940,151145,0,10510,1760,99386,163416,262803,1891940
2025-04-02,2025,4,2,port57,Antwerp,Belgium,BEL,12,1,14,2,53,29,82,60379,0,11284,0,210991,71663,282654,333595,0,16213,3062,137118,352871,489989,1891941
2025-04-03,2025,4,3,port57,Antwerp,Belgium,BEL,15,1,9,4,30,29,59,198949,0,3831,0,70108,202780,272889,132172,53870,6990,2049,61468,195082,256551,1891942
2025-04-04,2025,4,4,port57,Antwerp,Belgium,BEL,15,2,7,3,44,27,71,134567,9782,10262,0,133161,154611,287773,368066,0,806,4971,102404,373844,476249,1891943
2025-04-05,2025,4,5,port57,Antwerp,Belgium,BEL,15,2,5,3,38,25,63,286812,6910,4681,0,188276,298404,486681,226470,44244,1784,2413,64724,274913,339637,1891944
2025-04-06,2025,4,6,port57,Antwerp,Belgium,BEL,16,2,6,2,35,26,61,84462,0,4728,110,195368,89301,284669,342533,0,2199,1569,152169,346302,498471,1891945
2025-04-07,2025,4,7,port57,Antwerp,Belgium,BEL,13,2,11,1,40,27,67,260287,37876,9212,2626,97317,310002,407320,187752,34389,6414,0,82691,228556,311248,1891946
2025-04-08,2025,4,8,port57,Antwerp,Belgium,BEL,11,1,7,1,34,20,54,133491,17044,1278,0,93475,151815,245291,177278,0,8001,0,120898,185280,306179,1891947
2025-04-09,2025,4,9,port57,Antwerp,Belgium,BEL,11,1,13,1,29,26,55,117781,0,3936,1357,50888,123076,173965,236023,0,14894,0,53996,250918,304914,1891948
2025-04-10,2025,4,10,port57,Antwerp,Belgium,BEL,15,1,8,3,38,27,65,342143,0,3804,109,134154,346057,480212,248339,0,8294,1165,29346,257799,287146,1891949
2025-04-11,2025,4,11,port57,Antwerp,Belgium,BEL,14,2,8,5,45,29,74,442260,71565,3837,748,109592,518412,628005,144809,0,7713,9461,283237,161984,445222,1891950
2025-04-12,2025,4,12,port57,Antwerp,Belgium,BEL,13,2,9,2,31,26,57,98288,0,2459,3075,85504,103823,189328,220501,44925,5952,0,107931,271380,379311,1891951
2025-04-13,2025,4,13,port57,Antwerp,Belgium,BEL,13,1,10,2,33,26,59,158339,0,4968,1968,39339,165276,204615,408277,17346,11487,0,38391,437110,475501,1891952
2025-04-14,2025,4,14,port57,Antwerp,Belgium,BEL,12,1,8,0,43,21,64,160213,0,4835,0,256697,165048,421745,118388,0,3630,0,122473,122019,244493,1891953
2025-04-15,2025,4,15,port57,Antwerp,Belgium,BEL,17,1,11,2,31,31,62,608324,0,2901,4821,96543,616047,712590,216276,0,11393,1760,99878,229430,329309,1891954
2025-04-16,2025,4,16,port57,Antwerp,Belgium,BEL,7,2,8,2,43,19,62,14108,34559,4734,1530,163640,54932,218572,264527,27079,3733,0,121283,295340,416623,1891955
2025-04-17,2025,4,17,port57,Antwerp,Belgium,BEL,19,1,16,4,36,40,76,360092,8859,8903,110,94314,377965,472279,317464,0,8077,6287,99525,331828,431354,1891956
2025-04-18,2025,4,18,port57,Antwerp,Belgium,BEL,11,7,4,5,38,27,65,134682,87133,2256,1597,104281,225670,329951,257837,0,1245,9991,180581,269074,449656,1891957
2025-04-19,2025,4,19,port57,Antwerp,Belgium,BEL,12,1,10,4,46,27,73,67772,0,4179,3293,81100,75246,156347,211070,11529,4713,54,140895,227367,368263,1891958
2025-04-20,2025,4,20,port57,Antwerp,Belgium,BEL,19,3,5,3,35,30,65,187114,12361,9463,374,126060,209314,335374,515783,6659,5054,10132,85042,537629,622671,1891959
2025-04-21,2025,4,21,port57,Antwerp,Belgium,BEL,8,1,3,5,35,17,52,318237,0,2524,5299,132115,326061,458177,37334,10436,2003,5271,70060,55045,125106,1891960
2025-04-22,2025,4,22,port57,Antwerp,Belgium,BEL,17,2,9,0,38,28,66,245871,44136,8292,0,131644,298300,429944,363436,0,7104,0,95351,370540,465892,1891961
2025-04-23,2025,4,23,port57,Antwerp,Belgium,BEL,15,1,5,5,34,26,60,281190,10572,1925,1200,32523,294889,327413,159701,0,3774,10774,81897,174251,256148,1891962
2025-04-24,2025,4,24,port57,Antwerp,Belgium,BEL,14,2,10,2,37,28,65,315460,0,2643,0,128022,318103,446126,118830,26587,10146,5211,72810,160776,233586,1891963
2025-04-25,2025,4,25,port57,Antwerp,Belgium,BEL,14,1,10,2,32,27,59,276698,8735,7044,600,214472,293078,507551,322392,0,7570,3310,97618,333273,430891,1891964
2025-04-26,2025,4,26,port57,Antwerp,Belgium,BEL,14,1,8,2,36,25,61,246968,0,869,374,64683,248212,312896,336235,30647,8212,2341,100505,377436,477941,1891965
2025-04-27,2025,4,27,port57,Antwerp,Belgium,BEL,12,2,9,2,34,25,59,208559,19956,5538,600,66628,234656,301284,143967,0,13260,966,66662,158194,224856,1891966
2025-04-28,2025,4,28,port57,Antwerp,Belgium,BEL,9,0,8,2,26,19,45,153373,0,4787,600,18482,158761,177244,247282,0,3561,966,17810,251809,269619,1891967
2025-04-29,2025,4,29,port57,Antwerp,Belgium,BEL,0,1,1,0,18,2,20,0,0,0,0,9265,0,9265,0,0,712,0,17634,712,18347,1891968
2025-04-30,2025,4,30,port57,Antwerp,Belgium,BEL,13,4,9,4,32,30,62,146268,24808,5565,3714,83859,180356,264215,263897,37804,5316,5268,55220,312287,367508,1891969
2025-05-01,2025,5,1,port57,Antwerp,Belgium,BEL,21,0,14,4,45,39,84,194748,0,15501,7639,156589,217889,374479,618333,0,14362,0,130598,632695,763294,1891970
2025-05-02,2025,5,2,port57,Antwerp,Belgium,BEL,16,2,12,3,38,33,71,150539,0,7408,3604,108739,161552,270292,242587,0,18080,1647,127212,262315,389528,1891971
2025-05-03,2025,5,3,port57,Antwerp,Belgium,BEL,15,5,8,3,42,31,73,359989,69392,11045,0,112061,440426,552488,141611,5823,2771,3992,185944,154197,340142,1891972
2025-05-04,2025,5,4,port57,Antwerp,Belgium,BEL,14,1,5,1,28,21,49,388542,37225,4066,1752,138647,431587,570235,159260,0,1507,0,39558,160767,200326,1891973
2025-05-05,2025,5,5,port57,Antwerp,Belgium,BEL,10,2,8,0,45,20,65,112401,6247,5763,0,235551,124412,359963,330903,0,6703,0,114064,337607,451671,1891974
2025-05-06,2025,5,6,port57,Antwerp,Belgium,BEL,11,0,8,5,38,24,62,242691,0,3092,6857,186271,252640,438912,533016,0,11960,6178,136346,551154,687501,1891975
2025-05-07,2025,5,7,port57,Antwerp,Belgium,BEL,16,2,13,1,36,32,68,332216,15520,5804,0,232530,353541,586071,196890,0,8001,0,83182,204891,288074,1891976
2025-05-08,2025,5,8,port57,Antwerp,Belgium,BEL,19,1,8,4,32,32,64,580376,1108,8413,0,142029,589898,731928,263517,0,2412,1738,111534,267668,379202,1891977
2025-05-09,2025,5,9,port57,Antwerp,Belgium,BEL,11,1,8,3,40,23,63,182821,0,4000,0,116195,186821,303016,157781,43231,9477,7671,160258,218162,378420,1891978
2025-05-10,2025,5,10,port57,Antwerp,Belgium,BEL,14,1,5,0,33,20,53,91566,0,15284,0,136950,106850,243800,350080,0,4072,0,40151,354152,394303,1891979
2025-05-11,2025,5,11,port57,Antwerp,Belgium,BEL,16,1,5,1,33,23,56,168858,914,2138,600,93527,172512,266039,402260,0,6137,966,67277,409364,476642,1891980
2025-05-12,2025,5,12,port57,Antwerp,Belgium,BEL,9,2,8,2,45,21,66,14614,14856,4788,3727,161805,37986,199792,179832,22754,9605,0,121241,212192,333434,1891981
2025-05-13,2025,5,13,port57,Antwerp,Belgium,BEL,14,2,9,3,29,28,57,131298,30772,5481,3978,101335,171530,272866,330132,42447,19463,1760,100412,393804,494216,1891982
2025-05-14,2025,5,14,port57,Antwerp,Belgium,BEL,18,1,12,3,33,34,67,180870,0,4946,484,69513,186301,255815,403279,0,12162,1814,43810,417256,461066,1891983
2025-05-15,2025,5,15,port57,Antwerp,Belgium,BEL,10,2,6,3,36,21,57,208643,46178,5826,0,34373,260648,295022,142339,7403,1986,8484,173473,160214,333687,1891984
2025-05-16,2025,5,16,port57,Antwerp,Belgium,BEL,16,2,10,2,34,30,64,194600,82746,3676,0,110432,281023,391456,140813,0,3018,1924,132662,145756,278419,1891985
2025-05-17,2025,5,17,port57,Antwerp,Belgium,BEL,15,3,11,4,46,33,79,139348,53142,12196,374,114891,205062,319953,361817,0,7890,3697,177626,373405,551031,1891986
2025-05-18,2025,5,18,port57,Antwerp,Belgium,BEL,14,2,8,1,36,25,61,184331,22669,5425,1971,102262,214397,316659,245648,0,4280,0,65584,249928,315513,1891987
2025-05-19,2025,5,19,port57,Antwerp,Belgium,BEL,13,1,7,3,22,24,46,177556,0,3657,771,19095,181985,201080,282417,0,6309,1406,70883,290133,361017,1891988
2025-05-20,2025,5,20,port57,Antwerp,Belgium,BEL,10,1,9,1,31,21,52,142519,0,6917,374,34033,149811,183844,258154,0,5292,1760,26821,265208,292029,1891989
2025-05-21,2025,5,21,port57,Antwerp,Belgium,BEL,12,1,14,4,30,31,61,285900,0,6912,1400,166121,294213,460334,156866,0,12923,3326,135641,173115,308757,1891990
2025-05-22,2025,5,22,port57,Antwerp,Belgium,BEL,16,1,7,4,39,28,67,391778,0,4996,604,124117,397380,521497,261584,0,4433,1761,312478,267779,580258,1891991
2025-05-23,2025,5,23,port57,Antwerp,Belgium,BEL,10,0,6,2,43,18,61,278847,0,2945,5004,132427,286797,419225,260810,0,3938,3183,75009,267931,342941,1891992
2025-05-24,2025,5,24,port57,Antwerp,Belgium,BEL,9,3,3,3,43,18,61,245272,35521,590,0,155892,281384,437277,165216,35924,2805,4096,72834,208043,280878,1891993
2025-05-25,2025,5,25,port57,Antwerp,Belgium,BEL,12,2,6,4,39,24,63,84836,14856,17064,600,163261,117357,280619,110241,7403,1329,9688,197409,128664,326073,1891994
2025-05-26,2025,5,26,port57,Antwerp,Belgium,BEL,17,3,11,4,24,35,59,120975,48394,6445,1311,69001,177128,246129,245739,7403,6741,11004,75126,270889,346016,1891995
2025-05-27,2025,5,27,port57,Antwerp,Belgium,BEL,12,1,6,3,30,22,52,254274,0,1912,267,93897,256453,350350,112304,3955,3172,1517,74439,120950,195389,1891996
2025-05-28,2025,5,28,port57,Antwerp,Belgium,BEL,10,0,9,0,38,19,57,169831,0,5703,0,67353,175534,242887,180883,0,5346,0,198458,186229,384688,1891997
2025-05-29,2025,5,29,port57,Antwerp,Belgium,BEL,12,2,13,4,40,31,71,223326,51081,11667,0,133312,286075,419387,115898,35154,16506,3408,127072,170968,298041,1891998
2025-05-30,2025,5,30,port57,Antwerp,Belgium,BEL,16,3,3,2,23,24,47,488218,69157,1180,2406,45843,560962,606806,295404,0,2572,0,63573,297977,361550,1891999
2025-05-31,2025,5,31,port57,Antwerp,Belgium,BEL,7,3,3,4,42,17,59,117459,18954,590,374,49692,137378,187070,3355,46489,4380,2231,200467,56457,256925,1892000
2025-06-01,2025,6,1,port57,Antwerp,Belgium,BEL,11,2,7,1,33,21,54,152573,26760,3851,5042,141554,188228,329782,218645,0,4346,0,40832,222991,263824,1892003
2025-06-02,2025,6,2,port57,Antwerp,Belgium,BEL,13,1,14,0,29,28,57,147332,14313,8326,0,112533,169972,282506,171323,0,18366,0,60903,189690,250593,1892008
2025-06-03,2025,6,3,port57,Antwerp,Belgium,BEL,15,5,15,3,34,38,72,263438,18786,17182,374,89329,299781,389110,153226,31815,10743,3685,81579,199470,281049,1892011
2026-07-06,2026,7,6,port57,Antwerp,Belgium,BEL,11,2,11,1,32,25,57,42510,57382,25100,0,42445,124993,167439,317194,0,4980,0,46097,322175,368273,1892014
2025-06-04,2025,6,4,port57,Antwerp,Belgium,BEL,16,3,10,1,28,30,58,386681,71282,6622,0,50087,464587,514674,462880,0,13454,4375,103637,480710,584348,1892015
2026-07-07,2026,7,7,port57,Antwerp,Belgium,BEL,11,0,8,1,31,20,51,556600,0,4294,0,73333,560895,634229,141106,0,8197,657,83780,149960,233741,1892019
2025-06-05,2025,6,5,port57,Antwerp,Belgium,BEL,10,3,12,2,34,27,61,147596,24785,3724,600,52121,176706,228827,187428,20718,9521,6554,103012,224222,327235,1892020
2026-07-08,2026,7,8,port57,Antwerp,Belgium,BEL,14,2,11,6,28,33,61,235436,84985,4278,0,26200,324701,350901,387925,0,15205,6113,62188,409243,471431,1892024
2025-06-06,2025,6,6,port57,Antwerp,Belgium,BEL,13,3,5,4,46,25,71,269446,63713,961,0,130880,334120,465000,212181,0,5708,9415,98966,227305,326271,1892025
2026-07-09,2026,7,9,port57,Antwerp,Belgium,BEL,16,2,11,1,30,30,60,307070,10294,6744,595,160829,324704,485534,195437,0,10375,0,113553,205812,319366,1892419
2025-06-07,2025,6,7,port57,Antwerp,Belgium,BEL,11,3,2,3,48,19,67,187841,94257,1369,374,180161,283843,464005,201674,0,310,5214,121096,207198,328295,1892421
2026-07-10,2026,7,10,port57,Antwerp,Belgium,BEL,10,1,7,1,49,19,68,172643,22963,3730,0,116813,199337,316151,108441,0,4861,0,90296,113302,203599,1892423
2025-06-08,2025,6,8,port57,Antwerp,Belgium,BEL,15,1,6,2,27,24,51,363806,14856,5428,0,56165,384091,440257,430359,7403,2102,2416,17983,442281,460265,1892426
2026-07-11,2026,7,11,port57,Antwerp,Belgium,BEL,11,0,10,3,42,24,66,18540,0,4311,11268,141949,34119,176069,238218,0,6717,3563,139498,248500,387998,1892427
2025-06-09,2025,6,9,port57,Antwerp,Belgium,BEL,15,3,8,2,25,28,53,86999,45475,7530,2626,49636,142631,192268,268689,7403,3753,0,36523,279846,316370,1892430
2026-07-12,2026,7,12,port57,Antwerp,Belgium,BEL,11,1,5,1,30,18,48,218513,0,2083,2057,133076,222654,355731,168057,47354,6183,0,22741,221595,244337,1892431
2025-06-10,2025,6,10,port57,Antwerp,Belgium,BEL,15,2,8,3,25,28,53,393216,0,1953,0,109498,395169,504667,120285,0,6540,1156,84204,127983,212188,1892434
2026-07-13,2026,7,13,port57,Antwerp,Belgium,BEL,16,1,5,2,24,24,48,171040,0,6221,2098,54511,179360,233872,392588,45648,5391,3961,83344,447590,530934,1892435
2025-06-11,2025,6,11,port57,Antwerp,Belgium,BEL,8,1,9,0,34,18,52,114164,31729,1340,0,65473,147235,212708,63192,0,13508,0,39513,76700,116213,1892438
2026-07-14,2026,7,14,port57,Antwerp,Belgium,BEL,12,0,7,1,30,20,50,192158,0,3290,2763,197281,198212,395494,298767,0,4650,0,51047,303417,354465,1892439
2025-06-12,2025,6,12,port57,Antwerp,Belgium,BEL,15,4,5,7,33,31,64,215909,38372,2360,4537,95717,261180,356897,198154,0,2110,10526,147312,210791,358103,1892442
2026-07-15,2026,7,15,port57,Antwerp,Belgium,BEL,6,1,9,2,28,18,46,17815,28448,3569,0,86426,49833,136259,129840,0,10555,0,76926,140395,217321,1892443
2025-06-13,2025,6,13,port57,Antwerp,Belgium,BEL,15,0,7,3,37,25,62,235353,0,1350,0,191991,236704,428696,361789,0,8120,5011,75869,374920,450790,1892446
2026-07-16,2026,7,16,port57,Antwerp,Belgium,BEL,10,1,13,2,23,26,49,182942,0,9043,1223,64383,193210,257593,102467,0,6436,1078,18319,109983,128302,1892447
2025-06-14,2025,6,14,port57,Antwerp,Belgium,BEL,11,2,8,2,41,23,64,128662,45328,2221,4156,64696,180368,245064,350813,0,9761,0,167175,360575,527751,1892450
2026-07-17,2026,7,17,port57,Antwerp,Belgium,BEL,8,6,8,3,29,25,54,104110,75332,6156,3875,99829,189474,289304,44208,86662,2039,655,56109,133565,189675,1892451
2025-06-15,2025,6,15,port57,Antwerp,Belgium,BEL,11,0,10,4,25,25,50,62960,0,11500,0,81300,74460,155761,251741,0,8726,4501,55199,264969,320169,1892454
2026-07-18,2026,7,18,port57,Antwerp,Belgium,BEL,13,2,7,4,35,26,61,195505,28792,2784,0,112168,227082,339251,263455,0,5831,5044,124935,274331,399267,1892455
2025-06-16,2025,6,16,port57,Antwerp,Belgium,BEL,19,2,5,3,42,29,71,266845,361,9781,4720,114462,281709,396171,383610,0,1911,0,168219,385521,553740,1892458
2026-07-19,2026,7,19,port57,Antwerp,Belgium,BEL,10,1,9,3,35,23,58,216499,87563,5463,0,89391,309525,398917,113172,0,9110,5830,87750,128114,215864,1892459
2025-06-17,2025,6,17,port57,Antwerp,Belgium,BEL,11,4,10,4,32,29,61,135326,59490,6130,1634,66752,202582,269335,207303,42536,5092,5316,66335,260248,326584,1892845
2026-07-20,2026,7,20,port57,Antwerp,Belgium,BEL,8,2,10,3,20,23,43,158283,20990,4674,657,91653,184606,276260,181761,6659,11705,2064,74353,202189,276543,1892846
2026-07-21,2026,7,21,port57,Antwerp,Belgium,BEL,14,0,7,1,30,22,52,248368,0,10659,0,39739,259027,298767,165014,0,930,0,81954,165945,247899,1892847
2026-07-22,2026,7,22,port57,Antwerp,Belgium,BEL,9,2,4,4,37,19,56,134949,0,6393,1223,190529,142566,333095,119006,52692,0,6511,96959,178210,275170,1892848
2025-06-18,2025,6,18,port57,Antwerp,Belgium,BEL,14,2,6,4,27,26,53,260586,27886,5212,374,62868,294060,356928,340676,42850,5363,6872,32279,395761,428041,1892850
2026-07-23,2026,7,23,port57,Antwerp,Belgium,BEL,10,1,9,2,28,22,50,147840,0,0,0,59494,147840,207334,269530,0,25345,4481,18154,299358,317512,1892852
2025-06-19,2025,6,19,port57,Antwerp,Belgium,BEL,11,4,8,1,36,24,60,310119,30144,3899,0,62756,344163,406919,268703,4955,22349,0,60487,296009,356496,1892853
2026-07-24,2026,7,24,port57,Antwerp,Belgium,BEL,9,2,7,4,34,22,56,277266,20654,4598,4553,102864,307072,409937,99411,7403,6140,966,56996,113922,170919,1892855
2025-06-20,2025,6,20,port57,Antwerp,Belgium,BEL,15,1,12,4,33,32,65,87073,14856,8555,0,46273,110485,156759,217474,7403,7763,8614,81913,241256,323170,1892856
2026-07-25,2026,7,25,port57,Antwerp,Belgium,BEL,11,2,7,1,34,21,55,222507,52619,1892,0,94875,277019,371895,197549,48578,9374,0,166748,255503,422251,1892858
2025-06-21,2025,6,21,port57,Antwerp,Belgium,BEL,11,1,5,2,43,19,62,288641,16712,1883,267,96124,307504,403628,142643,0,4491,2132,59327,149267,208594,1892859
2026-07-26,2026,7,26,port57,Antwerp,Belgium,BEL,13,2,5,1,36,21,57,160836,70061,2207,0,87911,233104,321015,282966,0,2653,0,92194,285620,377814,1892861
2025-06-22,2025,6,22,port57,Antwerp,Belgium,BEL,11,2,6,1,25,20,45,115985,0,5504,600,61904,122090,183994,141200,0,2653,966,231164,144821,375985,1892862
2026-07-27,2026,7,27,port57,Antwerp,Belgium,BEL,10,0,9,1,31,20,51,75692,0,2891,0,122720,78583,201303,228205,0,8015,2812,80219,239033,319253,1892864
2025-06-23,2025,6,23,port57,Antwerp,Belgium,BEL,14,1,11,6,33,32,65,378374,0,12695,2997,69121,394067,463189,439969,42494,6258,8353,62005,497075,559081,1892865
2026-07-28,2026,7,28,port57,Antwerp,Belgium,BEL,15,0,10,4,37,29,66,28365,0,5677,6052,90744,40095,130840,425058,0,2333,1738,121538,429129,550668,1892867
2025-06-24,2025,6,24,port57,Antwerp,Belgium,BEL,18,2,6,2,29,28,57,319983,56045,5032,0,34129,381061,415190,196420,7403,2913,2178,37997,208916,246913,1892868
2026-07-29,2026,7,29,port57,Antwerp,Belgium,BEL,14,1,11,2,28,28,56,354264,11769,3957,374,73552,370365,443918,148325,0,8257,5364,45177,161947,207125,1892870
2025-06-25,2025,6,25,port57,Antwerp,Belgium,BEL,7,1,9,1,33,18,51,3990,0,5010,0,65390,9000,74390,33248,0,3375,3961,29735,40585,70321,1892871
2026-07-30,2026,7,30,port57,Antwerp,Belgium,BEL,10,2,6,2,35,20,55,302332,35169,2151,600,96782,340254,437037,110197,0,9288,4413,44726,123899,168625,1892873
2025-06-26,2025,6,26,port57,Antwerp,Belgium,BEL,18,2,20,5,26,45,71,476092,1940,10925,510,128307,489468,617776,368932,0,23526,2407,89516,394866,484382,1892874
2026-07-31,2026,7,31,port57,Antwerp,Belgium,BEL,13,1,4,2,23,20,43,343627,30755,590,2413,56195,377386,433582,441946,0,8150,0,56604,450096,506701,1892876
2025-06-27,2025,6,27,port57,Antwerp,Belgium,BEL,11,2,8,5,42,26,68,308443,56921,1967,0,122320,367331,489652,129921,0,9664,3031,120618,142617,263236,1892877
2026-08-01,2026,8,1,port57,Antwerp,Belgium,BEL,12,2,12,0,35,26,61,47719,0,7709,0,118897,55428,174326,243730,32690,12786,0,81387,289207,370595,1892879
2025-06-28,2025,6,28,port57,Antwerp,Belgium,BEL,10,2,10,2,37,24,61,120255,7343,3599,0,100581,131198,231779,139228,0,24423,0,105701,163652,269354,1892880
2026-08-02,2026,8,2,port57,Antwerp,Belgium,BEL,9,2,9,1,23,21,44,86560,89197,9189,0,67498,184948,252446,199078,0,5626,0,26633,204705,231338,1892882
2025-06-29,2025,6,29,port57,Antwerp,Belgium,BEL,17,1,5,2,31,25,56,173221,27142,15288,3227,83814,218880,302694,228070,0,5038,966,44830,234075,278905,1892883
2026-08-03,2026,8,3,port57,Antwerp,Belgium,BEL,11,2,8,1,27,22,49,90461,15484,5716,1309,78370,112971,191341,170248,60630,2051,0,80177,232929,313107,1892885
2025-06-30,2025,6,30,port57,Antwerp,Belgium,BEL,12,4,16,1,33,33,66,272380,20038,14003,0,107773,306421,414195,162545,0,24106,4828,77662,191480,269143,1892886
2026-08-04,2026,8,4,port57,Antwerp,Belgium,BEL,14,0,6,2,33,22,55,262835,0,7546,3917,111794,274299,386093,378902,0,3940,3231,45233,386074,431308,1892888
2025-07-01,2025,7,1,port57,Antwerp,Belgium,BEL,10,2,8,4,36,24,60,82533,44172,5306,419,112210,132431,244641,107048,7403,5190,8618,137864,128260,266124,1892889
2026-08-05,2026,8,5,port57,Antwerp,Belgium,BEL,14,1,4,3,31,22,53,208424,14856,1351,4917,152881,229550,382431,367044,7403,6074,0,89005,380523,469528,1892891
2025-07-02,2025,7,2,port57,Antwerp,Belgium,BEL,13,2,12,2,31,29,60,305217,58175,9305,0,68176,372698,440875,96406,0,10328,0,52832,106734,159567,1892892
2025-07-03,2025,7,3,port57,Antwerp,Belgium,BEL,19,1,12,2,33,34,67,56704,7819,7912,0,53488,72436,125924,444171,0,7018,4094,207008,455284,662293,1892894
2025-07-04,2025,7,4,port57,Antwerp,Belgium,BEL,12,0,6,3,40,21,61,141559,0,2889,0,134798,144448,279247,224241,0,1892,2143,94967,228277,323244,1892896
2026-08-06,2026,8,6,port57,Antwerp,Belgium,BEL,14,2,8,1,25,25,50,126789,11634,4862,3790,95914,147076,242990,189102,32877,5955,0,78821,227935,306757,1892897
2025-07-05,2025,7,5,port57,Antwerp,Belgium,BEL,15,2,10,1,32,28,60,147564,0,10273,0,90566,157837,248403,536538,0,6178,0,56828,542716,599545,1892899
2026-08-07,2026,8,7,port57,Antwerp,Belgium,BEL,7,0,5,3,37,15,52,101583,0,3480,0,172928,105063,277992,42968,0,4095,4212,133229,51276,184506,1892900
2025-07-06,2025,7,6,port57,Antwerp,Belgium,BEL,14,5,7,2,28,28,56,126828,114592,5533,3555,78827,250510,329338,314921,0,1550,1028,162743,317500,480243,1892902
2026-08-08,2026,8,8,port57,Antwerp,Belgium,BEL,15,2,11,1,26,29,55,89894,6556,8886,0,78459,105337,183796,372948,16645,28302,0,102111,417895,520007,1892903
2025-07-07,2025,7,7,port57,Antwerp,Belgium,BEL,14,3,12,2,42,31,73,142576,44502,6172,1309,109190,194560,303750,202747,42216,11748,3756,121295,260469,381765,1892905
2026-08-09,2026,8,9,port57,Antwerp,Belgium,BEL,14,2,5,2,30,23,53,180015,102657,2042,7244,82317,291958,374276,228918,0,7557,0,50151,236476,286627,1892906
2025-07-08,2025,7,8,port57,Antwerp,Belgium,BEL,13,0,9,3,21,25,46,209387,0,11430,3364,63294,224182,287476,159740,0,2332,1760,54370,163833,218204,1892908
2026-08-10,2026,8,10,port57,Antwerp,Belgium,BEL,11,1,11,1,19,24,43,89014,0,5686,657,55465,95359,150824,383115,0,9643,0,66822,392758,459581,1892909
2025-07-09,2025,7,9,port57,Antwerp,Belgium,BEL,17,2,11,1,28,31,59,449175,0,4752,0,96746,453927,550674,243699,0,12078,0,119611,255778,375389,1892911
2026-08-11,2026,8,11,port57,Antwerp,Belgium,BEL,13,4,15,2,28,34,62,76968,29713,10095,374,97571,117150,214722,264299,14807,13266,1760,85983,294133,380117,1892912
2025-07-10,2025,7,10,port57,Antwerp,Belgium,BEL,16,0,10,5,30,31,61,244809,0,8922,975,112302,254707,367009,161815,0,14080,2726,31780,178623,210404,1892914
2026-08-12,2026,8,12,port57,Antwerp,Belgium,BEL,14,0,8,4,27,26,53,130543,0,1638,1223,76046,133405,209452,263725,0,5721,4913,54695,274360,329055,1892915
2025-07-11,2025,7,11,port57,Antwerp,Belgium,BEL,11,1,9,4,35,25,60,231523,25062,3444,641,50462,260672,311134,112948,0,6753,1760,38840,121461,160302,1892917
2026-08-13,2026,8,13,port57,Antwerp,Belgium,BEL,15,4,8,2,28,29,57,363798,56912,3416,0,83003,424127,507131,390991,38274,7598,2991,39469,439856,479326,1892918
2025-07-12,2025,7,12,port57,Antwerp,Belgium,BEL,11,2,3,1,43,17,60,361742,11126,2939,0,214170,375807,589978,468623,0,6627,2572,130370,477823,608193,1892920
2026-08-14,2026,8,14,port57,Antwerp,Belgium,BEL,9,3,9,3,37,24,61,62699,44569,5711,1223,73160,114203,187363,94526,22211,8513,1078,122390,126329,248720,1892921
2025-07-13,2025,7,13,port57,Antwerp,Belgium,BEL,14,0,10,3,29,27,56,77196,0,10126,1683,60330,89005,149336,406435,0,6349,3556,21601,416340,437942,1892923
2025-07-14,2025,7,14,port57,Antwerp,Belgium,BEL,17,0,8,2,35,27,62,366293,0,16790,3280,108672,386364,495037,305413,0,620,2552,131159,308585,439745,1892926
2025-07-15,2025,7,15,port57,Antwerp,Belgium,BEL,12,6,16,2,27,36,63,133566,67806,10937,0,87587,212310,299897,167145,0,15283,839,85371,183269,268640,1892929
2025-07-16,2025,7,16,port57,Antwerp,Belgium,BEL,17,0,12,1,27,30,57,147578,0,5625,0,62568,153204,215773,447618,0,26369,0,99957,473987,573945,1892932
2025-07-17,2025,7,17,port57,Antwerp,Belgium,BEL,14,1,12,3,32,30,62,319264,29335,1180,0,103342,349780,453123,149522,0,12855,4801,107195,167179,274374,1892935
2025-07-18,2025,7,18,port57,Antwerp,Belgium,BEL,14,3,12,1,37,30,67,80383,121925,8993,0,83131,211301,294433,259809,0,7717,1924,76326,269451,345777,1893293
2025-07-19,2025,7,19,port57,Antwerp,Belgium,BEL,11,3,3,3,29,20,49,189174,14856,1296,1200,51491,206527,258018,146016,35721,205,2930,52969,184874,237843,1893294
2025-07-20,2025,7,20,port57,Antwerp,Belgium,BEL,11,3,4,2,24,20,44,394438,0,3553,3079,51216,401072,452288,183609,87279,3293,3141,49550,277323,326874,1893295
2025-07-21,2025,7,21,port57,Antwerp,Belgium,BEL,13,5,10,1,32,29,61,243216,80902,7531,1971,93859,333621,427480,204783,0,5040,0,35979,209824,245803,1893296
2025-07-22,2025,7,22,port57,Antwerp,Belgium,BEL,17,1,9,3,37,30,67,289981,2828,4995,510,126353,298316,424669,174372,0,9698,0,81967,184070,266037,1893298
2025-07-23,2025,7,23,port57,Antwerp,Belgium,BEL,10,3,14,2,37,29,66,101649,26919,8360,0,55950,136930,192880,148015,6785,20153,3596,141625,178551,320176,1893300
2025-07-24,2025,7,24,port57,Antwerp,Belgium,BEL,19,2,9,3,28,33,61,259863,48238,3749,0,104040,311852,415892,158276,0,3776,2852,85884,164905,250790,1893302
2025-07-25,2025,7,25,port57,Antwerp,Belgium,BEL,12,3,8,2,37,25,62,517290,12838,4405,0,194607,534534,729141,194697,54284,4346,2955,25650,256283,281934,1893304
2025-07-26,2025,7,26,port57,Antwerp,Belgium,BEL,11,2,8,2,32,23,55,105034,32154,6103,374,48908,143667,192575,189643,0,8316,1760,63245,199720,262966,1893306
2025-07-27,2025,7,27,port57,Antwerp,Belgium,BEL,11,2,3,3,29,19,48,254274,30801,2188,0,37345,287264,324610,101258,39767,2046,4988,90987,148060,239047,1893308
2025-07-28,2025,7,28,port57,Antwerp,Belgium,BEL,12,1,7,3,38,23,61,112836,0,4541,600,63533,117978,181511,261760,0,4665,4658,113550,271085,384635,1893310
2025-07-29,2025,7,29,port57,Antwerp,Belgium,BEL,10,0,10,3,33,23,56,68185,0,6219,374,186800,74779,261579,141325,0,5141,1760,88811,148228,237039,1893312
2025-07-30,2025,7,30,port57,Antwerp,Belgium,BEL,20,0,11,2,27,33,60,297961,0,1961,110,62953,300032,362986,663384,0,21184,2703,62133,687271,749405,1893314
2025-07-31,2025,7,31,port57,Antwerp,Belgium,BEL,10,1,13,4,32,28,60,146951,37532,5592,0,152543,190077,342620,74831,0,8831,7297,115015,90959,205974,1893316
2025-08-01,2025,8,1,port57,Antwerp,Belgium,BEL,12,1,7,5,35,25,60,104780,0,7044,381,81748,112206,193955,501886,4027,2863,4637,23740,513415,537155,1893318
2025-08-02,2025,8,2,port57,Antwerp,Belgium,BEL,12,2,8,2,33,24,57,269203,50379,2897,0,232383,322480,554864,223990,0,8108,4683,85605,236783,322389,1893320
2025-08-03,2025,8,3,port57,Antwerp,Belgium,BEL,14,1,7,3,31,25,56,201834,15951,5745,600,126391,224132,350523,195930,0,3815,3672,91135,203418,294554,1893322
2025-08-04,2025,8,4,port57,Antwerp,Belgium,BEL,12,1,6,4,38,23,61,85075,0,5173,7784,97694,98033,195727,322405,0,2963,1760,62743,327130,389873,1893324
2025-08-05,2025,8,5,port57,Antwerp,Belgium,BEL,20,1,6,0,37,27,64,377492,0,7127,0,171627,384619,556247,246371,506,5874,0,42263,252752,295016,1893325
2025-08-06,2025,8,6,port57,Antwerp,Belgium,BEL,10,1,7,2,44,20,64,129943,0,4418,110,65787,134471,200259,96367,43559,5001,2674,75676,147602,223279,1893327
2025-08-07,2025,8,7,port57,Antwerp,Belgium,BEL,13,2,6,8,30,29,59,460114,0,2934,12065,118210,475113,593323,359052,0,2561,13420,79097,375035,454132,1893329
2025-08-08,2025,8,8,port57,Antwerp,Belgium,BEL,12,0,10,1,28,23,51,103309,0,10185,0,63061,113494,176556,174948,0,9078,0,53194,184027,237222,1893331
2025-08-09,2025,8,9,port57,Antwerp,Belgium,BEL,12,0,4,1,31,17,48,139604,0,2556,4447,124444,146607,271052,299042,0,6357,0,116074,305399,421474,1893333
2025-08-10,2025,8,10,port57,Antwerp,Belgium,BEL,11,1,11,2,27,25,52,80374,0,6058,600,82763,87034,169797,345130,0,9360,3377,55050,357867,412918,1893335
2025-08-11,2025,8,11,port57,Antwerp,Belgium,BEL,12,0,6,2,37,20,57,339387,0,8316,3047,113780,350752,464532,165835,0,1792,0,56670,167627,224297,1893337
2025-08-12,2025,8,12,port57,Antwerp,Belgium,BEL,14,2,8,3,30,27,57,36094,53836,10359,1924,240102,102215,342318,152172,0,3979,2609,38782,158761,197543,1893339
2025-08-13,2025,8,13,port57,Antwerp,Belgium,BEL,14,1,10,2,27,27,54,513615,42008,4255,0,42328,559879,602207,344273,0,5900,3123,81372,353296,434669,1893341
2025-08-14,2025,8,14,port57,Antwerp,Belgium,BEL,13,2,10,3,41,28,69,147361,0,3778,0,98272,151139,249412,287499,14252,23166,1156,91460,326074,417534,1893343
2025-08-15,2025,8,15,port57,Antwerp,Belgium,BEL,11,0,4,3,40,18,58,46282,0,3293,0,56678,49575,106254,132138,0,5060,1348,56486,138547,195034,1893345
2025-08-16,2025,8,16,port57,Antwerp,Belgium,BEL,13,2,7,2,33,24,57,71490,57618,6727,0,79146,135837,214984,163674,0,6217,4358,98567,174250,272817,1893347
2025-08-17,2025,8,17,port57,Antwerp,Belgium,BEL,11,1,10,1,35,23,58,159186,2355,7235,600,86438,169377,255816,181420,0,12055,966,93367,194442,287809,1893349
2025-08-18,2025,8,18,port57,Antwerp,Belgium,BEL,13,3,6,3,30,25,55,408820,50181,6879,3280,134456,469162,603619,267210,0,1792,3127,42265,272129,314395,1893351
2025-08-19,2025,8,19,port57,Antwerp,Belgium,BEL,15,6,12,3,30,36,66,185365,117047,6014,0,136988,308427,445415,144359,0,15020,7752,46274,167132,213406,1893353
2025-08-20,2025,8,20,port57,Antwerp,Belgium,BEL,11,2,3,2,37,18,55,275428,0,1321,2791,93923,279542,373465,179181,9401,3524,1985,175433,194094,369527,1893355
2025-08-21,2025,8,21,port57,Antwerp,Belgium,BEL,16,1,14,5,29,36,65,470410,0,6751,1223,95943,478385,574329,133925,0,10126,1078,170711,145131,315843,1893357
2025-08-22,2025,8,22,port57,Antwerp,Belgium,BEL,15,3,6,3,33,27,60,66696,14856,1912,8832,165746,92298,258044,352798,49326,7666,0,101997,409791,511789,1893359
2025-08-23,2025,8,23,port57,Antwerp,Belgium,BEL,7,1,6,4,26,18,44,66434,14856,3062,3604,99171,87958,187130,84086,7403,5762,4423,39091,101675,140766,1893361
2025-08-24,2025,8,24,port57,Antwerp,Belgium,BEL,18,0,4,4,36,26,62,320719,0,4841,6142,98664,331703,430368,177080,0,1792,2863,118116,181736,299852,1893363
2025-08-25,2025,8,25,port57,Antwerp,Belgium,BEL,13,2,8,2,31,25,56,264535,0,5170,374,66908,270080,336989,119997,14855,4903,7563,162626,147320,309947,1893365
2025-08-26,2025,8,26,port57,Antwerp,Belgium,BEL,13,0,11,2,28,26,54,241090,0,8721,1223,80210,251035,331245,141039,0,6349,1499,86377,148888,235266,1893367
2025-08-27,2025,8,27,port57,Antwerp,Belgium,BEL,7,3,14,0,28,24,52,43304,7640,13481,0,50547,64426,114974,143468,0,14102,0,18344,157570,175915,1893368
2025-08-28,2025,8,28,port57,Antwerp,Belgium,BEL,16,2,14,4,36,36,72,408880,30134,7459,0,224563,446473,671037,309646,0,9179,8743,114346,327569,441916,1893370
2025-08-29,2025,8,29,port57,Antwerp,Belgium,BEL,9,3,8,1,27,21,48,35260,54521,2194,0,133532,91976,225508,146835,7403,17318,5291,58986,176849,235836,1893372
2025-08-30,2025,8,30,port57,Antwerp,Belgium,BEL,11,2,3,1,41,17,58,124400,16638,2956,1924,119226,145919,265146,328239,35070,1984,0,67876,365294,433171,1893374
2025-08-31,2025,8,31,port57,Antwerp,Belgium,BEL,12,1,7,1,24,21,45,93648,21730,5401,374,38904,121154,160059,128386,0,2362,1760,99838,132509,232348,1893376
2025-09-01,2025,9,1,port57,Antwerp,Belgium,BEL,15,2,15,4,37,36,73,236595,29570,8317,1968,84098,276452,360550,264718,29002,10034,3210,35808,306965,342774,1893378
2025-09-02,2025,9,2,port57,Antwerp,Belgium,BEL,15,2,10,1,30,28,58,71976,18954,21037,374,87045,112342,199388,268743,0,7636,1760,43715,278140,321856,1893380
2025-09-03,2025,9,3,port57,Antwerp,Belgium,BEL,15,1,6,3,28,25,53,226704,22455,3092,2343,69374,254596,323970,183166,0,4257,0,18829,187424,206253,1893382
2025-09-04,2025,9,4,port57,Antwerp,Belgium,BEL,14,0,5,4,27,23,50,188258,0,3230,110,137347,191598,328946,168793,0,721,3924,42738,173439,216177,1893384
2025-09-05,2025,9,5,port57,Antwerp,Belgium,BEL,12,0,7,3,30,22,52,161722,0,2092,4447,108836,168262,277098,110871,0,10424,3556,137139,124851,261991,1893386
2025-09-06,2025,9,6,port57,Antwerp,Belgium,BEL,11,4,4,3,27,22,49,134970,32624,0,2945,91522,170540,262062,181184,19098,3389,4137,49630,207810,257440,1893388
2025-09-07,2025,9,7,port57,Antwerp,Belgium,BEL,14,1,7,3,31,25,56,460547,6031,5599,600,223231,472778,696010,231334,0,2770,8413,90031,242519,332550,1893390
2025-09-08,2025,9,8,port57,Antwerp,Belgium,BEL,13,2,10,5,30,30,60,124164,41884,13703,975,71804,180728,252532,229804,0,4764,7235,41752,241804,283557,1893392
2025-09-09,2025,9,9,port57,Antwerp,Belgium,BEL,20,3,7,1,48,31,79,193976,9924,6857,0,94106,210758,304865,312727,45109,5045,267,87913,363150,451063,1893394
2025-09-10,2025,9,10,port57,Antwerp,Belgium,BEL,13,3,10,2,32,28,60,181564,32679,2502,0,50607,216746,267353,303064,7403,17150,6969,136738,334589,471327,1893396
2025-09-11,2025,9,11,port57,Antwerp,Belgium,BEL,13,1,5,4,36,23,59,165826,0,2977,0,63089,168804,231894,157095,112923,1792,4717,141311,276528,417839,1893398
2025-09-12,2025,9,12,port57,Antwerp,Belgium,BEL,17,2,11,1,31,31,62,69503,46605,5268,0,68277,121377,189654,611704,0,8816,3604,41666,624124,665791,1893400
2025-09-13,2025,9,13,port57,Antwerp,Belgium,BEL,15,1,10,4,30,30,60,198815,0,3675,5358,49819,207849,257669,185414,0,9363,10899,106061,205676,311738,1893402
2025-09-14,2025,9,14,port57,Antwerp,Belgium,BEL,14,3,7,1,25,25,50,343862,51101,4571,374,53540,399909,453450,157362,0,2492,1760,190347,161615,351962,1893404
2025-09-15,2025,9,15,port57,Antwerp,Belgium,BEL,1,1,3,1,23,6,29,18874,15385,2787,1968,42469,39015,81485,0,0,3834,0,75249,3834,79084,1893406
2025-09-16,2025,9,16,port57,Antwerp,Belgium,BEL,9,3,8,4,27,24,51,361840,61920,6364,0,47058,430125,477183,318534,0,5836,8024,62484,332395,394880,1893408
2025-09-17,2025,9,17,port57,Antwerp,Belgium,BEL,18,2,4,2,40,26,66,194633,37182,2709,0,126651,234525,361176,424998,7403,1792,0,124635,434194,558829,1893410
2025-09-18,2025,9,18,port57,Antwerp,Belgium,BEL,16,1,10,2,33,29,62,365634,0,9475,0,51531,375109,426641,75663,0,19074,1880,116539,96618,213157,1893411
2025-09-19,2025,9,19,port57,Antwerp,Belgium,BEL,18,2,10,2,32,32,64,213554,24168,14895,0,82828,252618,335446,324895,2212,6752,2226,84283,336087,420370,1893413
2025-09-20,2025,9,20,port57,Antwerp,Belgium,BEL,9,3,5,4,28,21,49,66534,11524,3737,374,64987,82171,147159,118344,43267,4463,3504,119008,169579,288587,1893415
2025-09-21,2025,9,21,port57,Antwerp,Belgium,BEL,14,2,5,4,34,25,59,171397,28047,4195,865,151237,204507,355744,290656,39680,3148,0,87380,333485,420865,1893417
2025-09-22,2025,9,22,port57,Antwerp,Belgium,BEL,11,2,5,2,27,20,47,96219,31821,1878,654,88147,130574,218721,371300,0,2463,5342,83415,379106,462522,1893419
2025-09-23,2025,9,23,port57,Antwerp,Belgium,BEL,12,6,14,2,28,34,62,61900,77928,9829,839,109185,150498,259683,233760,7403,26774,0,48408,267938,316347,1893421
2025-09-24,2025,9,24,port57,Antwerp,Belgium,BEL,17,1,8,1,29,27,56,157558,2321,1321,0,58358,161201,219560,284675,0,7632,0,33155,292308,325463,1893423
2025-09-25,2025,9,25,port57,Antwerp,Belgium,BEL,13,0,12,4,32,29,61,412394,0,4445,0,74372,416839,491212,202581,0,18283,5870,74417,226735,301153,1893425
2025-09-26,2025,9,26,port57,Antwerp,Belgium,BEL,17,2,6,6,38,31,69,459447,63210,1605,3624,72851,527887,600738,267477,0,4150,8724,72778,280353,353131,1893427
2025-09-27,2025,9,27,port57,Antwerp,Belgium,BEL,14,2,12,2,31,30,61,79668,62375,9092,0,90578,151137,241716,184086,7403,11438,0,38466,202929,241395,1893429
2025-09-28,2025,9,28,port57,Antwerp,Belgium,BEL,16,2,14,0,26,32,58,325365,50996,14503,0,37623,390864,428488,352022,0,6802,0,28571,358825,387396,1893431
2025-09-29,2025,9,29,port57,Antwerp,Belgium,BEL,10,0,6,2,30,18,48,469613,0,3647,1309,112117,474570,586688,129154,0,5641,513,153545,135309,288855,1893433
2025-09-30,2025,9,30,port57,Antwerp,Belgium,BEL,13,2,14,1,37,30,67,296592,37641,7474,0,115650,341708,457359,233603,21329,6995,4803,85092,266731,351824,1893435
2025-10-01,2025,10,1,port57,Antwerp,Belgium,BEL,10,4,7,5,20,26,46,105682,57685,1912,4579,64641,169859,234500,83741,41502,3962,4139,44488,133345,177833,1893437
2025-10-02,2025,10,2,port57,Antwerp,Belgium,BEL,16,1,7,5,31,29,60,290064,43686,3717,7464,188657,344933,533591,230054,0,4530,5887,53176,240472,293649,1893439
2025-10-03,2025,10,3,port57,Antwerp,Belgium,BEL,14,2,8,5,37,29,66,100997,9941,3122,604,155944,114667,270611,333336,0,3563,4905,82880,341805,424686,1893441
2025-10-04,2025,10,4,port57,Antwerp,Belgium,BEL,5,1,3,1,18,10,28,37758,26067,0,0,87939,63826,151766,8841,0,7007,0,31455,15849,47305,1893443
2025-10-05,2025,10,5,port57,Antwerp,Belgium,BEL,5,1,5,1,15,12,27,154406,17682,2360,600,14162,175050,189213,22053,0,4884,966,14158,27904,42063,1893445
2025-10-06,2025,10,6,port57,Antwerp,Belgium,BEL,9,0,4,0,22,13,35,65762,0,5308,0,88558,71070,159629,402603,0,930,0,55219,403533,458753,1893447
2025-10-07,2025,10,7,port57,Antwerp,Belgium,BEL,4,3,12,1,21,20,41,164439,18884,6357,2343,35122,192024,227147,106663,0,2962,0,20285,109625,129911,1893449
2025-10-08,2025,10,8,port57,Antwerp,Belgium,BEL,7,0,10,4,32,21,53,30733,0,5084,1211,55112,37030,92142,244382,0,11796,5298,168942,261477,430420,1893451
2025-10-09,2025,10,9,port57,Antwerp,Belgium,BEL,12,1,6,5,30,24,54,358927,0,5609,110,134415,364647,499063,178958,0,1792,5286,58469,186037,244506,1893453
2025-10-10,2025,10,10,port57,Antwerp,Belgium,BEL,7,1,5,2,27,15,42,25523,0,3753,2334,97552,31611,129163,122393,8094,2963,3604,57550,137056,194607,1893454
2025-10-11,2025,10,11,port57,Antwerp,Belgium,BEL,8,1,8,1,19,18,37,140650,28482,3712,3183,13276,176029,189305,153897,0,18182,0,64564,172079,236644,1893456
2025-10-12,2025,10,12,port57,Antwerp,Belgium,BEL,5,0,11,3,25,19,44,109113,0,9154,0,98180,118268,216448,71486,0,7553,5776,50886,84816,135703,1893458
2025-10-13,2025,10,13,port57,Antwerp,Belgium,BEL,9,3,4,1,13,17,30,36961,36257,1180,0,15833,74399,90232,168865,0,1525,0,11340,170390,181731,1893460
2025-10-14,2025,10,14,port57,Antwerp,Belgium,BEL,0,0,2,0,17,2,19,0,0,1180,0,8100,1180,9280,0,0,620,0,17137,620,17757,1893462
2025-10-15,2025,10,15,port57,Antwerp,Belgium,BEL,9,3,18,4,26,34,60,252242,46996,4475,4686,182029,308400,490430,153125,48825,11179,0,45168,213129,258298,1893464
2025-10-16,2025,10,16,port57,Antwerp,Belgium,BEL,9,2,12,0,28,23,51,392039,28629,7319,0,136664,427988,564652,124791,20755,12156,0,32527,157703,190230,1893466
2025-10-17,2025,10,17,port57,Antwerp,Belgium,BEL,15,2,11,3,36,31,67,107770,14856,5527,7620,130628,135775,266403,459820,16785,8099,0,30576,484704,515281,1893468
2025-10-18,2025,10,18,port57,Antwerp,Belgium,BEL,11,4,7,1,28,23,51,259877,62848,5329,0,148113,328055,476168,88770,0,7007,0,44005,95777,139782,1893470
2025-10-19,2025,10,19,port57,Antwerp,Belgium,BEL,12,2,11,3,31,28,59,296490,43261,3956,3183,267622,346892,614515,243179,0,10749,4964,110657,258893,369550,1893472
2025-10-20,2025,10,20,port57,Antwerp,Belgium,BEL,15,3,9,0,43,27,70,169069,23756,10031,0,237254,202857,440112,300691,44492,3663,0,112280,348847,461127,1893474
2025-10-21,2025,10,21,port57,Antwerp,Belgium,BEL,15,4,15,2,35,36,71,287878,25048,9948,2213,133967,325089,459057,244913,0,16853,54,27088,261821,288909,1893476
2025-10-22,2025,10,22,port57,Antwerp,Belgium,BEL,15,2,4,0,32,21,53,204656,29376,930,0,132292,234963,367255,363814,0,938,0,81670,364753,446423,1893478
2025-10-23,2025,10,23,port57,Antwerp,Belgium,BEL,7,2,10,3,35,22,57,77095,31415,2954,3097,51012,114563,165575,74927,0,6448,3704,143867,85079,228947,1893480
2025-10-24,2025,10,24,port57,Antwerp,Belgium,BEL,7,1,5,2,18,15,33,118745,0,2833,207,98040,121786,219826,216595,0,3869,164,23220,220629,243849,1893482
2025-10-25,2025,10,25,port57,Antwerp,Belgium,BEL,13,3,6,3,19,25,44,225977,73486,2467,0,71347,301931,373278,93084,0,7721,3557,44977,104363,149340,1893484
2025-10-26,2025,10,26,port57,Antwerp,Belgium,BEL,10,2,7,5,29,24,53,249231,30227,2233,5704,113640,287397,401038,103836,7403,7538,5104,91529,123883,215413,1893486
2025-10-27,2025,10,27,port57,Antwerp,Belgium,BEL,3,0,12,1,20,16,36,16351,0,9539,600,19381,26491,45872,189613,0,10130,966,21608,200710,222318,1893488
2025-10-28,2025,10,28,port57,Antwerp,Belgium,BEL,10,1,10,4,36,25,61,161184,30624,3385,1948,76845,197142,273987,198691,0,9299,8976,41743,216968,258711,1893490
2025-10-29,2025,10,29,port57,Antwerp,Belgium,BEL,19,3,6,1,38,29,67,256671,32955,5472,0,158751,295098,453850,439890,2558,1881,1808,111276,446138,557414,1893492
2025-10-30,2025,10,30,port57,Antwerp,Belgium,BEL,14,3,12,6,30,35,65,300858,16310,8917,5690,173691,331777,505468,143669,37507,14252,6656,162167,202084,364252,1893494
2025-10-31,2025,10,31,port57,Antwerp,Belgium,BEL,14,3,10,3,29,30,59,424017,34683,6615,975,94291,466292,560583,185949,40189,5690,6956,73417,238786,312204,1893496
2025-11-01,2025,11,1,port57,Antwerp,Belgium,BEL,16,2,7,4,29,29,58,235398,788,2395,0,62781,238582,301364,319961,0,3544,12249,16185,335755,351940,1893497
2025-11-02,2025,11,2,port57,Antwerp,Belgium,BEL,16,0,4,3,30,23,53,136511,0,1321,4261,117391,142095,259486,289907,0,5394,0,51809,295301,347110,1893499
2025-11-03,2025,11,3,port57,Antwerp,Belgium,BEL,14,0,11,5,35,30,65,475899,0,9036,4827,67936,489763,557699,544449,0,9868,2901,138969,557219,696188,1893501
2025-11-04,2025,11,4,port57,Antwerp,Belgium,BEL,13,3,5,1,27,22,49,188648,110341,1180,2522,103245,302693,405939,227453,0,2998,0,152083,230451,382534,1893503
2025-11-05,2025,11,5,port57,Antwerp,Belgium,BEL,14,1,7,4,38,26,64,733646,34228,3059,4811,96732,775746,872478,145020,0,4263,6778,156976,156063,313039,1893505
2025-11-06,2025,11,6,port57,Antwerp,Belgium,BEL,15,1,5,2,34,23,57,199322,0,2534,374,131181,202230,333412,194324,0,2364,1760,80172,198450,278622,1893507
2025-11-07,2025,11,7,port57,Antwerp,Belgium,BEL,18,2,6,2,26,28,54,195931,12073,6614,0,63271,214619,277890,261290,22781,6122,4447,122173,294642,416815,1893509
2025-11-08,2025,11,8,port57,Antwerp,Belgium,BEL,20,0,7,1,30,28,58,93013,0,4144,0,175166,97158,272324,454923,0,9202,5486,79034,469612,548647,1893511
2025-11-09,2025,11,9,port57,Antwerp,Belgium,BEL,10,1,11,5,35,27,62,119183,0,7205,3156,105439,129544,234984,162148,23191,14409,966,69527,200715,270242,1893513
2025-11-10,2025,11,10,port57,Antwerp,Belgium,BEL,18,0,6,3,24,27,51,413247,0,2696,600,189612,416544,606156,476479,0,2642,966,16691,480088,496779,1893515
2025-11-11,2025,11,11,port57,Antwerp,Belgium,BEL,14,2,10,2,35,28,63,67894,35664,5810,0,163380,109368,272748,140595,0,7793,6386,122048,154775,276824,1893517
2025-11-12,2025,11,12,port57,Antwerp,Belgium,BEL,15,4,10,5,39,34,73,143245,13394,2585,8015,55793,167240,223034,376222,13469,6353,2337,179548,398383,577932,1893519
2025-11-13,2025,11,13,port57,Antwerp,Belgium,BEL,11,2,9,3,32,25,57,90476,0,9267,374,48442,100118,148561,301515,0,6885,1760,60295,310161,370456,1893521
2025-11-14,2025,11,14,port57,Antwerp,Belgium,BEL,14,4,8,1,28,27,55,74250,45601,1583,0,34038,121435,155474,299182,44566,10321,0,86652,354071,440723,1893523
2025-11-15,2025,11,15,port57,Antwerp,Belgium,BEL,10,2,5,1,36,18,54,210883,31744,1180,0,104438,243808,348246,216143,0,3124,0,112752,219267,332019,1893525
2025-11-16,2025,11,16,port57,Antwerp,Belgium,BEL,17,2,7,0,26,26,52,525549,0,19699,0,85021,545249,630270,126497,69977,2423,0,41044,198898,239942,1893527
2025-11-17,2025,11,17,port57,Antwerp,Belgium,BEL,5,3,6,0,27,14,41,123439,57537,5029,0,112688,186006,298694,58073,0,4289,0,31837,62362,94200,1893529
2025-11-18,2025,11,18,port57,Antwerp,Belgium,BEL,17,3,8,2,44,30,74,798672,58595,2643,951,100284,860863,961148,86659,0,5205,54,94950,91918,186869,1893531
2025-11-19,2025,11,19,port57,Antwerp,Belgium,BEL,13,0,9,2,34,24,58,121745,0,3993,0,60325,125739,186064,322964,0,6504,5629,109911,335099,445010,1893533
2025-11-20,2025,11,20,port57,Antwerp,Belgium,BEL,13,1,7,6,30,27,57,301268,0,6486,1085,75102,308840,383942,220755,0,2322,5843,52295,228921,281216,1893535
2025-11-21,2025,11,21,port57,Antwerp,Belgium,BEL,12,2,7,4,39,25,64,215950,13939,1801,9524,171488,241216,412704,235374,0,16888,5786,183168,258049,441217,1893537
2025-11-22,2025,11,22,port57,Antwerp,Belgium,BEL,17,6,8,2,35,33,68,103309,130664,2665,0,64907,236640,301547,562868,37419,12649,3549,87354,616487,703841,1893539
2025-11-23,2025,11,23,port57,Antwerp,Belgium,BEL,12,2,5,0,20,19,39,113208,33982,3005,0,137825,150195,288021,326602,0,2505,0,34313,329107,363421,1893540
2025-11-24,2025,11,24,port57,Antwerp,Belgium,BEL,5,1,6,1,20,13,33,39982,12361,4736,374,19853,57455,77309,60887,6659,3315,1760,74287,72622,146909,1893542
2025-11-25,2025,11,25,port57,Antwerp,Belgium,BEL,0,1,6,1,23,8,31,0,0,6107,0,22400,6107,28507,0,0,1550,0,29052,1550,30603,1893544
2025-11-26,2025,11,26,port57,Antwerp,Belgium,BEL,16,0,3,1,24,20,44,263270,0,3600,4025,20637,270895,291533,203401,0,620,0,24949,204021,228971,1893546
2025-11-27,2025,11,27,port57,Antwerp,Belgium,BEL,13,3,14,2,43,32,75,192057,33847,10702,0,195112,236607,431720,188393,7403,12968,5257,114414,214023,328438,1893548
2025-11-28,2025,11,28,port57,Antwerp,Belgium,BEL,20,5,4,5,37,34,71,262024,90399,4906,598,291590,357929,649519,438334,63375,854,8398,70113,510962,581076,1893550
2025-11-29,2025,11,29,port57,Antwerp,Belgium,BEL,16,5,13,2,36,36,72,418521,33767,12749,3183,90264,468222,558486,260143,45216,7413,0,71508,312772,384281,1893552
2025-11-30,2025,11,30,port57,Antwerp,Belgium,BEL,11,1,5,1,28,18,46,127830,486,11266,0,78318,139583,217901,160343,0,2535,4657,35927,167537,203464,1893554
2025-12-01,2025,12,1,port57,Antwerp,Belgium,BEL,14,3,8,1,25,26,51,245475,24426,4348,655,29013,274905,303918,280656,7403,3851,0,32385,291911,324297,1893556
2025-12-02,2025,12,2,port57,Antwerp,Belgium,BEL,12,2,10,2,27,26,53,412523,86447,7601,2100,143832,508673,652505,110336,0,4565,2048,61897,116949,178847,1893558
2025-12-03,2025,12,3,port57,Antwerp,Belgium,BEL,13,0,14,3,29,30,59,603725,0,7054,374,88693,611154,699847,59472,0,11968,1760,23822,73201,97023,1893560
2025-12-04,2025,12,4,port57,Antwerp,Belgium,BEL,15,1,11,5,26,32,58,178036,41322,6533,600,75842,226493,302336,375988,0,10502,8088,127377,394580,521958,1893562
2025-12-05,2025,12,5,port57,Antwerp,Belgium,BEL,13,2,11,3,31,29,60,60134,11629,8373,2315,118303,82453,200756,352196,0,10370,4115,71926,366681,438608,1893564
2025-12-06,2025,12,6,port57,Antwerp,Belgium,BEL,10,1,5,2,33,18,51,147387,26050,2816,0,116463,176255,292718,139201,0,3599,1948,75113,144750,219863,1893566
2025-12-07,2025,12,7,port57,Antwerp,Belgium,BEL,12,0,6,1,26,19,45,25406,0,3361,600,31696,29368,61065,287644,0,1454,966,40209,290065,330274,1893568
2025-12-08,2025,12,8,port57,Antwerp,Belgium,BEL,11,1,8,4,25,24,49,77190,0,3092,4384,28344,84667,113011,207602,0,6733,5033,104115,219369,323484,1893570
2025-12-09,2025,12,9,port57,Antwerp,Belgium,BEL,14,3,8,0,32,25,57,206700,21332,20766,0,64306,248799,313105,219833,21850,4552,0,87023,246236,333260,1893572
2025-12-10,2025,12,10,port57,Antwerp,Belgium,BEL,14,3,10,1,47,28,75,113028,29739,14491,3183,131451,160442,291893,415279,0,4586,0,82025,419866,501892,1893574
2025-12-11,2025,12,11,port57,Antwerp,Belgium,BEL,12,0,7,4,21,23,44,56905,0,1798,600,32597,59304,91901,187427,0,28247,2708,34303,218382,252685,1893576
2025-12-12,2025,12,12,port57,Antwerp,Belgium,BEL,10,3,10,2,34,25,59,428705,48926,3015,0,65850,480648,546498,84174,43110,12195,4936,90202,144417,234620,1893578
2025-12-13,2025,12,13,port57,Antwerp,Belgium,BEL,18,1,11,6,38,36,74,260720,0,4035,4475,53622,269231,322854,542254,0,14242,4076,81975,560572,642547,1893580
2025-12-14,2025,12,14,port57,Antwerp,Belgium,BEL,9,0,10,3,36,22,58,100402,0,4080,374,177513,104857,282370,96208,0,9103,9427,92631,114738,207370,1893582
2025-12-15,2025,12,15,port57,Antwerp,Belgium,BEL,15,1,5,4,31,25,56,410210,0,4783,2081,103880,417074,520955,411236,53901,930,994,40387,467062,507449,1893583
2025-12-16,2025,12,16,port57,Antwerp,Belgium,BEL,15,2,12,2,22,31,53,290855,25906,9255,4885,48516,330903,379419,179425,7403,6942,0,76033,193772,269806,1893585
2025-12-17,2025,12,17,port57,Antwerp,Belgium,BEL,15,1,8,3,30,27,57,119626,0,4001,0,109985,123627,233612,294507,9612,11102,9342,52472,324565,377038,1893587
2025-12-18,2025,12,18,port57,Antwerp,Belgium,BEL,9,1,8,5,31,23,54,14876,36594,4064,975,111222,56510,167733,192585,0,3340,7985,63370,203911,267282,1893589
2025-12-19,2025,12,19,port57,Antwerp,Belgium,BEL,11,2,7,2,38,22,60,212979,22455,3401,0,31812,238837,270649,322963,6845,8324,512,108103,338645,446748,1893591
2025-12-20,2025,12,20,port57,Antwerp,Belgium,BEL,8,1,5,1,27,15,42,518550,0,3366,0,48200,521916,570117,198604,32916,11769,0,22569,243290,265860,1893593
2025-12-21,2025,12,21,port57,Antwerp,Belgium,BEL,17,1,7,2,29,27,56,173693,0,3931,374,93876,177999,271875,275036,26234,4288,1760,38261,307320,345581,1893595
2025-12-22,2025,12,22,port57,Antwerp,Belgium,BEL,12,2,8,1,41,23,64,115318,22531,6423,0,72895,144272,217167,339504,0,3078,849,85288,343432,428720,1893597
2025-12-23,2025,12,23,port57,Antwerp,Belgium,BEL,17,3,10,3,30,33,63,172510,19588,7644,657,263606,200402,464008,437557,36444,5119,2820,139113,481942,621056,1893599
2025-12-24,2025,12,24,port57,Antwerp,Belgium,BEL,6,2,7,5,26,20,46,35202,26841,7153,10391,18149,79590,97739,105517,22544,10308,6597,77694,144968,222662,1893601
2025-12-25,2025,12,25,port57,Antwerp,Belgium,BEL,9,0,6,2,25,17,42,262258,0,1463,0,29020,263721,292742,89356,0,8717,1604,63845,99677,163523,1893603
2025-12-26,2025,12,26,port57,Antwerp,Belgium,BEL,12,1,3,4,31,20,51,278208,0,3042,748,73246,282000,355246,177976,0,1704,5843,43159,185524,228683,1893605
2025-12-27,2025,12,27,port57,Antwerp,Belgium,BEL,11,2,6,5,31,24,55,97134,48755,3743,975,114694,150608,265303,189246,0,6726,4958,95730,200932,296662,1893607
2025-12-28,2025,12,28,port57,Antwerp,Belgium,BEL,11,4,3,0,30,18,48,43248,112197,7974,0,64195,163421,227617,251513,0,2413,0,95597,253927,349524,1893609
2025-12-29,2025,12,29,port57,Antwerp,Belgium,BEL,16,1,9,0,30,26,56,229751,4666,3831,0,107476,238249,345726,355941,0,9106,0,63369,365048,428418,1893611
2025-12-30,2025,12,30,port57,Antwerp,Belgium,BEL,16,1,8,2,40,27,67,405226,14856,12518,2343,122607,434944,557551,265271,7403,19986,3245,122581,295907,418488,1893613
2025-12-31,2025,12,31,port57,Antwerp,Belgium,BEL,10,0,7,2,28,19,47,198549,0,4250,0,56034,202799,258834,55336,0,3805,2609,50294,61750,112045,1893615
2026-01-01,2026,1,1,port57,Antwerp,Belgium,BEL,4,0,7,1,27,12,39,37321,0,3410,0,65932,40732,106664,20797,0,8916,0,61387,29714,91102,1893617
2026-01-02,2026,1,2,port57,Antwerp,Belgium,BEL,3,1,2,1,21,7,28,42789,0,3145,0,22790,45934,68724,4291,0,0,0,44926,4291,49218,1893619
2026-01-03,2026,1,3,port57,Antwerp,Belgium,BEL,12,0,4,2,26,18,44,76037,0,1140,484,123250,77663,200913,333256,0,1525,1814,21018,336597,357615,1893621
2026-01-04,2026,1,4,port57,Antwerp,Belgium,BEL,12,2,5,3,25,22,47,362099,22546,3092,3630,192733,391369,584103,136371,7403,2412,3141,81456,149329,230785,1893623
2026-01-05,2026,1,5,port57,Antwerp,Belgium,BEL,12,2,7,1,33,22,55,348016,41929,6264,3690,161655,399900,561556,160066,0,5593,0,71314,165659,236974,1893625
2026-01-06,2026,1,6,port57,Antwerp,Belgium,BEL,20,2,12,2,37,36,73,519138,25856,4671,600,240620,550266,790887,175056,36716,11459,5932,89948,229164,319112,1893626
2026-01-07,2026,1,7,port57,Antwerp,Belgium,BEL,15,0,6,3,35,24,59,635801,0,12625,2416,150337,650844,801181,108102,0,3479,966,84537,112548,197086,1893628
2026-01-08,2026,1,8,port57,Antwerp,Belgium,BEL,7,3,5,3,29,18,47,125973,14856,731,0,158051,141561,299613,111627,21025,9131,3185,84581,144969,229551,1893630
2026-01-09,2026,1,9,port57,Antwerp,Belgium,BEL,14,2,8,1,37,25,62,189986,0,2502,0,75446,192489,267936,251253,85800,20784,2343,95679,360181,455861,1893632
2026-01-10,2026,1,10,port57,Antwerp,Belgium,BEL,10,0,7,5,19,22,41,374329,0,8014,374,28422,382718,411141,216725,0,2185,8142,11806,227054,238860,1893634
2026-01-11,2026,1,11,port57,Antwerp,Belgium,BEL,11,1,3,4,29,19,48,162143,0,1180,157,55362,163480,218843,278355,0,2619,0,120838,280975,401813,1893636
2026-01-12,2026,1,12,port57,Antwerp,Belgium,BEL,15,0,5,1,30,21,51,479935,0,1770,656,70884,482362,553247,50548,0,2089,0,27255,52637,79893,1893638
2026-01-13,2026,1,13,port57,Antwerp,Belgium,BEL,12,1,12,2,41,27,68,43053,41394,34309,1258,43296,120015,163312,182907,0,5734,0,109500,188642,298142,1893640
2026-01-14,2026,1,14,port57,Antwerp,Belgium,BEL,14,0,11,1,32,26,58,157907,0,2121,4621,44748,164651,209400,243364,0,13128,0,119545,256492,376038,1893642
2026-01-15,2026,1,15,port57,Antwerp,Belgium,BEL,13,2,6,2,40,23,63,168522,0,1703,0,53224,170225,223450,403144,1470,5788,1761,168699,412165,580864,1893644
2026-01-16,2026,1,16,port57,Antwerp,Belgium,BEL,15,0,7,4,29,26,55,158227,0,10230,0,117291,168457,285749,128043,0,8634,7160,95104,143838,238942,1893646
2026-01-17,2026,1,17,port57,Antwerp,Belgium,BEL,12,1,5,2,31,20,51,300489,0,590,1924,77740,303004,380744,194605,45996,2682,0,58382,243285,301667,1893648
2026-01-18,2026,1,18,port57,Antwerp,Belgium,BEL,16,1,8,2,27,27,54,82003,0,4418,0,60456,86422,146879,731052,0,7478,4209,42121,742740,784862,1893650
2026-01-19,2026,1,19,port57,Antwerp,Belgium,BEL,13,1,8,1,35,23,58,151380,0,2502,1309,155340,155191,310532,235766,0,14576,0,123289,250342,373632,1893652
2026-01-20,2026,1,20,port57,Antwerp,Belgium,BEL,20,0,11,0,31,31,62,185698,0,8381,0,122264,194079,316343,275721,0,6372,0,31782,282094,313877,1893654
2026-01-21,2026,1,21,port57,Antwerp,Belgium,BEL,10,1,6,5,38,22,60,252720,32678,3629,3558,161092,292586,453679,104050,0,1581,4861,50797,110494,161292,1893656
2026-01-22,2026,1,22,port57,Antwerp,Belgium,BEL,15,1,12,3,41,31,72,240679,0,5467,0,105069,246147,351216,297332,0,9789,2959,35933,310082,346015,1893658
2026-01-23,2026,1,23,port57,Antwerp,Belgium,BEL,16,2,8,3,30,29,59,456532,14901,2864,1211,50629,475510,526139,397085,22001,9535,2252,93855,430874,524729,1893660
2026-01-24,2026,1,24,port57,Antwerp,Belgium,BEL,11,0,11,2,30,24,54,56377,0,5841,4025,33791,66243,100035,505162,0,9003,1207,97103,515374,612477,1893662
2026-01-25,2026,1,25,port57,Antwerp,Belgium,BEL,7,1,9,3,28,20,48,49092,0,8480,7253,89473,64826,154300,262834,0,18510,3134,72668,284479,357148,1893664
2026-01-26,2026,1,26,port57,Antwerp,Belgium,BEL,13,1,9,2,33,25,58,190411,0,4224,2280,92213,196916,289130,293169,34998,8144,966,56013,337278,393291,1893666
2026-01-27,2026,1,27,port57,Antwerp,Belgium,BEL,13,2,7,1,33,23,56,134740,14856,16782,0,91910,166379,258289,237220,7403,3266,4604,130272,252495,382767,1893668
2026-01-28,2026,1,28,port57,Antwerp,Belgium,BEL,13,1,7,2,34,23,57,223545,0,1180,0,96454,224726,321180,43813,28529,2555,5233,170234,80131,250366,1893669
2026-01-29,2026,1,29,port57,Antwerp,Belgium,BEL,11,1,10,2,34,24,58,242101,0,3233,0,139636,245335,384972,439985,4760,7661,0,60337,452407,512745,1893671
2026-01-30,2026,1,30,port57,Antwerp,Belgium,BEL,11,3,9,3,40,26,66,102840,56467,2826,1223,90636,163357,253993,284346,54813,12667,6484,99454,358312,457767,1893673
2026-01-31,2026,1,31,port57,Antwerp,Belgium,BEL,7,1,5,3,39,16,55,33738,0,2116,110,111044,35964,147009,70002,0,2225,3613,142647,75841,218488,1893675
2026-02-01,2026,2,1,port57,Antwerp,Belgium,BEL,10,1,4,0,30,15,45,68277,0,2142,0,107010,70419,177430,217169,0,1265,0,73478,218434,291913,1893677
2026-02-02,2026,2,2,port57,Antwerp,Belgium,BEL,14,0,4,1,19,19,38,245667,0,1516,0,31597,247184,278782,205197,0,5162,655,13689,211015,224704,1893679
2026-02-03,2026,2,3,port57,Antwerp,Belgium,BEL,14,0,6,1,24,21,45,614784,0,10501,4025,64951,629310,694262,79879,0,930,0,25876,80810,106686,1893681
2026-02-04,2026,2,4,port57,Antwerp,Belgium,BEL,17,0,9,2,31,28,59,317237,0,4093,3343,100291,324674,424965,348386,0,7458,4966,71432,360811,432244,1893683
2026-02-05,2026,2,5,port57,Antwerp,Belgium,BEL,12,3,9,3,22,27,49,112504,54878,5476,374,55077,173233,228311,247370,0,6054,1760,80830,255185,336015,1893685
2026-02-06,2026,2,6,port57,Antwerp,Belgium,BEL,14,1,10,2,40,27,67,590323,24732,1770,0,57113,616826,673940,208009,0,8460,0,111976,216470,328446,1893687
2026-02-07,2026,2,7,port57,Antwerp,Belgium,BEL,10,1,6,4,29,21,50,96151,0,1474,15914,114665,113540,228205,352727,0,4872,0,100151,357600,457752,1893689
2026-02-08,2026,2,8,port57,Antwerp,Belgium,BEL,10,2,11,4,25,27,52,31801,18896,10349,4595,86697,65642,152339,172041,41430,13457,2842,65801,229772,295573,1893691
2026-02-09,2026,2,9,port57,Antwerp,Belgium,BEL,12,1,7,2,34,22,56,151907,79853,3181,0,108540,234942,343483,198406,0,6074,1156,57160,205636,262797,1893693
2026-02-10,2026,2,10,port57,Antwerp,Belgium,BEL,13,3,8,5,29,29,58,237567,55496,2717,7195,169025,302976,472002,221305,7403,17301,3726,40820,249737,290558,1893695
2026-02-11,2026,2,11,port57,Antwerp,Belgium,BEL,15,1,7,4,41,27,68,409784,3058,22304,2489,143835,437637,581473,364393,0,6012,4313,87625,374718,462343,1893697
2026-02-12,2026,2,12,port57,Antwerp,Belgium,BEL,10,0,6,2,38,18,56,96860,0,2362,600,167419,99823,267242,68119,0,4207,2704,110990,75032,186022,1893699
2026-02-13,2026,2,13,port57,Antwerp,Belgium,BEL,9,1,6,1,41,17,58,15290,30642,2053,0,154876,47987,202863,290339,0,7348,3183,26431,300871,327302,1893701
2026-02-14,2026,2,14,port57,Antwerp,Belgium,BEL,10,1,6,4,39,21,60,47557,0,1180,3364,109707,52102,161809,225603,0,6312,4181,98927,236097,335024,1893703
2026-02-15,2026,2,15,port57,Antwerp,Belgium,BEL,8,1,5,1,26,15,41,69135,0,2094,0,196665,71230,267895,344816,46666,6474,0,64585,397958,462543,1893705
2026-02-16,2026,2,16,port57,Antwerp,Belgium,BEL,17,0,6,6,24,29,53,402728,0,9059,2172,84705,413959,498665,118839,0,3542,5707,50607,128089,178697,1893707
2026-02-17,2026,2,17,port57,Antwerp,Belgium,BEL,12,3,5,0,27,20,47,75787,8982,5396,0,132127,90167,222294,218842,0,620,0,31101,219462,250563,1893709
2026-02-18,2026,2,18,port57,Antwerp,Belgium,BEL,18,2,12,3,36,35,71,219596,35135,4870,7223,117004,266825,383829,380043,0,10608,1760,46824,392412,439236,1893711
2026-02-19,2026,2,19,port57,Antwerp,Belgium,BEL,14,0,9,1,25,24,49,421186,0,2143,0,78961,423329,502291,215938,0,7461,0,82108,223399,305507,1893712
2026-02-20,2026,2,20,port57,Antwerp,Belgium,BEL,8,3,9,3,40,23,63,83939,108250,6363,0,72931,198553,271484,243594,7403,6740,4907,132728,262646,395375,1893714
2026-02-21,2026,2,21,port57,Antwerp,Belgium,BEL,14,1,5,2,35,22,57,376797,0,590,2343,46869,379731,426601,203497,58384,8305,2448,142056,272635,414692,1893716
2026-02-22,2026,2,22,port57,Antwerp,Belgium,BEL,10,2,6,2,29,20,49,109376,14856,2241,600,90395,127075,217470,168365,7923,3332,966,70931,180588,251519,1893718
2026-02-23,2026,2,23,port57,Antwerp,Belgium,BEL,5,2,8,4,34,19,53,106400,31301,5150,600,114279,143452,257732,126492,48356,2895,966,54224,178710,232934,1893720
2026-02-24,2026,2,24,port57,Antwerp,Belgium,BEL,13,2,9,2,25,26,51,238484,0,11019,840,68814,250345,319159,325766,36066,6518,4062,41412,372413,413825,1893722
2026-02-25,2026,2,25,port57,Antwerp,Belgium,BEL,17,3,8,3,37,31,68,407729,53711,6662,4008,135024,472112,607136,299351,9727,16887,0,90246,325966,416213,1893724
2026-02-26,2026,2,26,port57,Antwerp,Belgium,BEL,21,1,11,5,34,38,72,165846,4842,4660,1468,115171,176818,291990,257318,0,14606,7602,98976,279527,378503,1893726
2026-02-27,2026,2,27,port57,Antwerp,Belgium,BEL,13,3,8,3,32,27,59,146644,37245,2090,748,60080,186728,246808,201803,18877,17835,7546,175327,246063,421390,1893728
2026-02-28,2026,2,28,port57,Antwerp,Belgium,BEL,12,1,11,3,31,27,58,245478,0,7160,3293,55931,255932,311864,438783,0,12688,2100,25434,453572,479006,1893730
2026-03-01,2026,3,1,port57,Antwerp,Belgium,BEL,13,1,4,3,33,21,54,277380,4897,906,661,72444,283845,356290,222087,0,3724,2705,86274,228517,314792,1893732
2026-03-02,2026,3,2,port57,Antwerp,Belgium,BEL,13,2,9,2,35,26,61,260855,35615,3625,4366,181042,304464,485507,112822,0,11887,0,104934,124710,229644,1893734
2026-03-03,2026,3,3,port57,Antwerp,Belgium,BEL,14,4,9,2,35,29,64,305223,12361,2502,0,33570,320087,353658,353603,41553,7542,0,88641,402699,491341,1893736
2026-03-04,2026,3,4,port57,Antwerp,Belgium,BEL,15,1,6,3,29,25,54,138921,8477,590,4869,80035,152858,232893,210754,0,5396,7358,23787,223509,247297,1893738
2026-03-05,2026,3,5,port57,Antwerp,Belgium,BEL,12,1,9,5,28,27,55,93912,0,3855,1828,67259,99595,166855,404429,0,9626,5931,41847,419987,461835,1893740
2026-03-06,2026,3,6,port57,Antwerp,Belgium,BEL,14,2,9,2,36,27,63,140108,0,3990,0,142361,144098,286460,324535,42001,6681,5149,113050,378367,491418,1893742
2026-03-07,2026,3,7,port57,Antwerp,Belgium,BEL,9,3,7,2,31,21,52,84937,43986,2001,0,47310,130925,178235,222130,20037,6935,6384,243243,255487,498730,1893744
2026-03-08,2026,3,8,port57,Antwerp,Belgium,BEL,10,1,11,1,22,23,45,49163,0,1783,600,37609,51547,89157,199118,0,9074,966,35377,209159,244537,1893746
2026-03-09,2026,3,9,port57,Antwerp,Belgium,BEL,5,1,12,2,42,20,62,46858,27440,9456,2736,116139,86491,202630,131267,0,5163,54,61575,136485,198060,1893748
2026-03-10,2026,3,10,port57,Antwerp,Belgium,BEL,4,1,6,4,22,15,37,4839,0,3235,0,15893,8075,23968,43309,0,2128,4398,17868,49837,67705,1893750
2026-03-11,2026,3,11,port57,Antwerp,Belgium,BEL,2,0,8,1,21,11,32,36316,0,1335,3011,10777,40663,51440,186859,0,6679,0,52694,193539,246233,1893752
2026-03-12,2026,3,12,port57,Antwerp,Belgium,BEL,4,1,5,2,29,12,41,139188,14856,24395,4075,87580,182515,270095,20374,7403,2400,0,55442,30178,85621,1893754
2026-03-13,2026,3,13,port57,Antwerp,Belgium,BEL,13,2,13,2,30,30,60,453070,29639,4375,1223,110440,488308,598748,359345,0,17160,4425,19239,380931,400170,1893755
2026-03-14,2026,3,14,port57,Antwerp,Belgium,BEL,15,1,15,3,35,34,69,77032,22976,3884,110,280945,104003,384948,421004,0,14515,6292,64236,441812,506049,1893757
2026-03-15,2026,3,15,port57,Antwerp,Belgium,BEL,17,2,7,2,34,28,62,453899,4842,2564,374,91799,461681,553481,215109,0,4695,1760,88703,221565,310268,1893759
2026-03-16,2026,3,16,port57,Antwerp,Belgium,BEL,14,4,11,3,33,32,65,478710,19642,5517,656,70463,504526,574990,115348,57296,16967,5503,97488,195116,292604,1893761
2026-03-17,2026,3,17,port57,Antwerp,Belgium,BEL,17,2,11,2,35,32,67,289888,0,6851,2570,129677,299311,428988,409958,30677,15031,1024,81163,456691,537855,1893763
2026-03-18,2026,3,18,port57,Antwerp,Belgium,BEL,13,1,16,3,38,33,71,171214,0,10501,4447,53554,186162,239717,186810,0,7484,861,90784,195156,285940,1893765
2026-03-19,2026,3,19,port57,Antwerp,Belgium,BEL,19,2,6,3,37,30,67,577771,28394,3386,2132,114834,611685,726519,479181,0,3418,1761,113507,484361,597868,1893767
2026-03-20,2026,3,20,port57,Antwerp,Belgium,BEL,11,2,9,4,28,26,54,73535,75714,3947,0,174616,153196,327813,135464,0,6079,7222,125128,148767,273895,1893769
2026-03-21,2026,3,21,port57,Antwerp,Belgium,BEL,15,2,11,2,45,30,75,113696,52461,5021,374,209378,171553,380932,131769,6659,7729,2707,143846,148865,292712,1893771
2026-03-22,2026,3,22,port57,Antwerp,Belgium,BEL,8,3,9,3,29,23,52,179839,47432,4605,0,187403,231876,419280,66982,68396,5254,4043,116006,144676,260683,1893773
2026-03-23,2026,3,23,port57,Antwerp,Belgium,BEL,16,3,5,4,36,28,64,333636,164303,13136,5590,163103,516668,679771,274586,0,5288,4967,93883,284842,378726,1893775
2026-03-24,2026,3,24,port57,Antwerp,Belgium,BEL,14,2,11,4,35,31,66,378163,26775,5796,3604,129532,414339,543872,177778,0,7053,9573,48196,194404,242600,1893777
2026-03-25,2026,3,25,port57,Antwerp,Belgium,BEL,11,1,7,0,30,19,49,95278,37835,4452,0,58860,137566,196427,183694,0,4537,0,128368,188231,316600,1893779
2026-03-26,2026,3,26,port57,Antwerp,Belgium,BEL,15,1,6,3,36,25,61,244579,3260,9306,374,162171,257520,419691,167071,0,5421,1760,98003,174253,272257,1893781
2026-03-27,2026,3,27,port57,Antwerp,Belgium,BEL,9,2,9,3,37,23,60,136804,1873,2502,0,112633,141179,253813,149842,30025,6524,6982,87577,193375,280952,1893783
2026-03-28,2026,3,28,port57,Antwerp,Belgium,BEL,14,2,3,2,30,21,51,64688,76227,1321,1924,117751,144162,261913,542951,0,17983,0,119121,560935,680056,1893785
2026-03-29,2026,3,29,port57,Antwerp,Belgium,BEL,13,2,5,2,29,22,51,145963,0,2831,600,91028,149396,240424,295201,1204,3901,966,84006,301273,385280,1893787
2026-03-30,2026,3,30,port57,Antwerp,Belgium,BEL,12,3,11,3,40,29,69,481726,0,5231,0,44039,486958,530998,220884,0,14448,656,204810,235989,440799,1893789
2026-03-31,2026,3,31,port57,Antwerp,Belgium,BEL,10,2,5,0,25,17,42,119224,34367,1770,0,56782,155362,212144,130007,0,2744,0,73920,132752,206672,1893791
2026-04-01,2026,4,1,port57,Antwerp,Belgium,BEL,20,2,13,4,34,39,73,140639,23730,9296,3604,168266,177269,345536,497482,0,13314,4553,80197,515350,595547,1893793
2026-04-02,2026,4,2,port57,Antwerp,Belgium,BEL,14,4,12,3,35,33,68,143892,122107,3443,0,81619,269442,351062,126295,3713,13412,1752,81248,145174,226423,1893795
2026-04-03,2026,4,3,port57,Antwerp,Belgium,BEL,15,2,8,2,29,27,56,593157,33840,4059,0,123494,631057,754552,195907,0,5186,1924,110548,203018,313566,1893797
2026-04-04,2026,4,4,port57,Antwerp,Belgium,BEL,12,2,9,1,37,24,61,124637,39988,3717,4025,138089,172367,310457,288916,0,11034,0,106550,299951,406502,1893798
2026-04-05,2026,4,5,port57,Antwerp,Belgium,BEL,13,0,2,1,29,16,45,51161,0,1180,0,90046,52342,142388,544888,0,620,2643,44302,548152,592455,1893800
2026-04-06,2026,4,6,port57,Antwerp,Belgium,BEL,10,3,5,3,24,21,45,176344,66849,3133,1971,17004,248298,265302,328449,7403,2094,7032,71941,344980,416922,1893802
2026-04-07,2026,4,7,port57,Antwerp,Belgium,BEL,13,0,8,2,22,23,45,213202,0,7054,1216,17720,221472,239193,97913,0,3139,1760,18871,102813,121685,1893804
2026-04-08,2026,4,8,port57,Antwerp,Belgium,BEL,15,3,10,1,34,29,63,232278,24517,4550,0,81377,261345,342722,217753,6659,5736,0,128344,230149,358493,1893806
2026-04-09,2026,4,9,port57,Antwerp,Belgium,BEL,11,2,9,2,39,24,63,175079,18954,3386,0,78075,197420,275496,59608,0,8811,1761,123748,70181,193929,1893808
2026-04-10,2026,4,10,port57,Antwerp,Belgium,BEL,0,0,3,1,23,4,27,0,0,1770,374,22234,2145,24379,0,0,930,1760,16666,2690,19357,1893810
2026-04-11,2026,4,11,port57,Antwerp,Belgium,BEL,2,4,5,2,27,13,40,16235,8132,1988,2763,44187,29120,73307,24549,72177,6036,3183,128203,105946,234150,1893812
2026-04-12,2026,4,12,port57,Antwerp,Belgium,BEL,6,2,11,1,31,20,51,41201,0,11017,3594,180189,55813,236002,105183,0,6630,0,77544,111813,189358,1893814
2026-04-13,2026,4,13,port57,Antwerp,Belgium,BEL,9,1,9,1,38,20,58,219226,0,4825,1818,125364,225870,351234,106958,31703,5599,0,73708,144261,217970,1893816
2026-04-14,2026,4,14,port57,Antwerp,Belgium,BEL,9,1,8,1,33,19,52,50048,32406,8722,0,132892,91177,224069,196332,0,7278,2968,81977,206579,288557,1893818
2026-04-15,2026,4,15,port57,Antwerp,Belgium,BEL,14,1,10,3,35,28,63,226960,0,3868,4827,56815,235656,292471,186422,22753,7263,6037,78812,222476,301289,1893820
2026-04-16,2026,4,16,port57,Antwerp,Belgium,BEL,12,1,10,3,35,26,61,349419,6813,6230,1738,96779,364202,460981,175317,0,6881,0,127429,182199,309629,1893822
2026-04-17,2026,4,17,port57,Antwerp,Belgium,BEL,12,0,9,2,32,23,55,37533,0,3191,0,102764,40724,143488,180629,0,22886,5687,65676,209203,274879,1893824
2026-04-18,2026,4,18,port57,Antwerp,Belgium,BEL,12,1,6,0,39,19,58,360483,0,3763,0,96422,364246,460669,197768,0,6156,0,153615,203925,357541,1893826
2026-04-19,2026,4,19,port57,Antwerp,Belgium,BEL,14,1,6,2,32,23,55,300029,0,6034,374,100779,306438,407217,252725,34260,3882,1760,88174,292628,380803,1893828
2026-04-20,2026,4,20,port57,Antwerp,Belgium,BEL,18,0,5,2,29,25,54,193227,0,2502,5291,83946,201022,284968,368071,0,3964,1167,31520,373203,404724,1893830
2026-04-21,2026,4,21,port57,Antwerp,Belgium,BEL,13,1,14,5,32,33,65,258684,0,2516,2723,89109,263923,353032,118377,0,32925,5326,175668,156629,332297,1893832
2026-04-22,2026,4,22,port57,Antwerp,Belgium,BEL,14,1,9,3,29,27,56,256890,22212,4982,1223,84913,285309,370222,426123,0,4746,1078,176267,431949,608216,1893834
2026-04-23,2026,4,23,port57,Antwerp,Belgium,BEL,12,1,11,2,30,26,56,294505,66733,6270,4518,72736,372028,444765,186223,0,12269,0,70151,198492,268644,1893836
2026-04-24,2026,4,24,port57,Antwerp,Belgium,BEL,12,1,10,4,38,27,65,438025,12361,5946,5315,154009,461648,615658,231472,6659,7790,4025,42491,249947,292439,1893838
2026-04-25,2026,4,25,port57,Antwerp,Belgium,BEL,13,3,4,2,40,22,62,347354,23497,4239,0,92191,375091,467282,202505,0,1171,6287,111494,209964,321458,1893840
2026-04-26,2026,4,26,port57,Antwerp,Belgium,BEL,18,1,5,1,28,25,53,55961,0,8383,600,47116,64945,112061,682714,19729,8750,966,59446,712160,771606,1893841
2026-04-27,2026,4,27,port57,Antwerp,Belgium,BEL,15,4,16,4,31,39,70,329662,87755,9663,1032,67366,428113,495479,224064,0,9253,3895,59106,237214,296321,1893843
2026-04-28,2026,4,28,port57,Antwerp,Belgium,BEL,9,1,10,3,39,23,62,37130,33307,4444,5670,155745,80553,236299,120610,0,7497,1078,101587,129186,230773,1893845
2026-04-29,2026,4,29,port57,Antwerp,Belgium,BEL,14,2,7,4,36,27,63,149039,90695,1728,0,143448,241464,384913,500056,0,17265,7922,114320,525244,639564,1893847
2026-04-30,2026,4,30,port57,Antwerp,Belgium,BEL,10,2,10,1,36,23,59,367720,44986,3540,0,117927,416248,534176,59738,0,7726,0,103025,67464,170489,1893849
2026-05-01,2026,5,1,port57,Antwerp,Belgium,BEL,16,0,2,4,37,22,59,396655,0,590,0,101982,397246,499228,549813,0,4668,6889,36261,561371,597633,1893851
2026-05-02,2026,5,2,port57,Antwerp,Belgium,BEL,10,2,8,3,38,23,61,93278,14856,3379,600,90795,112115,202911,375289,41965,7633,6588,69450,431476,500926,1893853
2026-05-03,2026,5,3,port57,Antwerp,Belgium,BEL,16,3,6,0,21,25,46,245835,32759,5765,0,72148,284360,356509,222046,42227,620,0,25911,264893,290805,1893855
2026-05-04,2026,5,4,port57,Antwerp,Belgium,BEL,15,2,9,4,34,30,64,258452,0,5772,1735,46074,265960,312035,243853,27133,3737,0,83816,274725,358542,1893857
2026-05-05,2026,5,5,port57,Antwerp,Belgium,BEL,12,2,11,2,34,27,61,185858,16230,22699,374,51525,225162,276687,142728,6659,10962,6421,38248,166771,205019,1893859
2026-05-06,2026,5,6,port57,Antwerp,Belgium,BEL,14,1,10,2,30,27,57,244072,0,8079,374,33706,252526,286232,116966,0,5109,4056,82672,126132,208804,1893861
2026-05-07,2026,5,7,port57,Antwerp,Belgium,BEL,15,0,12,3,34,30,64,307939,0,2411,3936,175971,314287,490258,359174,0,18049,2392,40559,379616,420176,1893863
2026-05-08,2026,5,8,port57,Antwerp,Belgium,BEL,10,0,6,2,41,18,59,184888,0,4599,0,41663,189487,231151,276359,0,3347,4025,75213,283732,358945,1893865
2026-05-09,2026,5,9,port57,Antwerp,Belgium,BEL,10,2,6,3,35,21,56,141188,14856,4802,374,79037,161221,240259,127383,7403,3701,3163,118381,141652,260034,1893867
2026-05-10,2026,5,10,port57,Antwerp,Belgium,BEL,10,1,8,5,40,24,64,17887,28283,17378,10927,67327,74477,141804,226435,0,1481,4974,110984,232892,343876,1893869
2026-05-11,2026,5,11,port57,Antwerp,Belgium,BEL,13,1,8,0,25,22,47,274204,12510,4273,0,48598,290988,339587,306364,0,3032,0,35662,309396,345059,1893871
2026-05-12,2026,5,12,port57,Antwerp,Belgium,BEL,11,2,6,1,25,20,45,401303,26623,5136,3604,137418,436667,574085,211213,0,1470,0,48562,212684,261246,1893873
2026-05-13,2026,5,13,port57,Antwerp,Belgium,BEL,17,2,8,4,30,31,61,73871,45376,6784,4792,64870,130824,195694,379320,0,11413,5589,66175,396324,462499,1893875
2026-05-14,2026,5,14,port57,Antwerp,Belgium,BEL,14,1,8,1,44,24,68,91423,0,8663,0,143344,100086,243431,232749,0,13184,2407,128048,248341,376389,1893877
2026-05-15,2026,5,15,port57,Antwerp,Belgium,BEL,13,0,10,5,38,28,66,115745,0,6769,3275,133622,125790,259413,250626,0,7746,4559,152868,262933,415801,1893879
2026-05-16,2026,5,16,port57,Antwerp,Belgium,BEL,17,2,7,3,33,29,62,111506,0,3576,8633,154639,123716,278355,457733,27557,5029,551,140556,490872,631429,1893881
2026-05-17,2026,5,17,port57,Antwerp,Belgium,BEL,12,2,10,0,37,24,61,189376,12361,3133,0,100479,204872,305351,193310,6659,6148,0,89651,206118,295770,1893883
2026-05-18,2026,5,18,port57,Antwerp,Belgium,BEL,12,2,8,2,35,24,59,158472,38490,6028,589,119649,203581,323230,153294,26350,4801,657,96303,185104,281407,1893884
2026-05-19,2026,5,19,port57,Antwerp,Belgium,BEL,14,0,8,3,33,25,58,112113,0,4519,0,18411,116633,135044,231579,0,9110,5984,87099,246673,333773,1893886
2026-05-20,2026,5,20,port57,Antwerp,Belgium,BEL,15,4,13,1,35,33,68,893167,44175,16326,600,99743,954270,1054014,137415,0,24672,966,85967,163054,249022,1893888
2026-05-21,2026,5,21,port57,Antwerp,Belgium,BEL,11,2,10,2,32,25,57,126622,14856,2993,3808,109029,148279,257309,218443,7403,11304,3071,102082,240222,342305,1893890
2026-05-22,2026,5,22,port57,Antwerp,Belgium,BEL,12,0,7,2,29,21,50,25231,0,1912,0,110189,27143,137332,221761,0,5644,2464,131666,229870,361536,1893892
2026-05-23,2026,5,23,port57,Antwerp,Belgium,BEL,12,2,7,2,32,23,55,68367,28735,3600,600,132912,101304,234216,213368,13601,2877,4522,114151,234371,348522,1893894
2026-05-24,2026,5,24,port57,Antwerp,Belgium,BEL,8,1,9,0,34,18,52,72525,0,8555,0,92594,81081,173676,129484,0,4333,0,188637,133817,322454,1893896
2026-05-25,2026,5,25,port57,Antwerp,Belgium,BEL,12,2,6,1,31,21,52,534819,0,7407,657,65625,542884,608509,269267,17705,2026,0,32527,288999,321527,1893898
2026-05-26,2026,5,26,port57,Antwerp,Belgium,BEL,11,2,5,1,31,19,50,575304,55407,15278,0,113572,645991,759563,58816,0,1474,0,45561,60291,105852,1893900
2026-05-27,2026,5,27,port57,Antwerp,Belgium,BEL,12,1,14,1,23,28,51,189308,19842,8089,2343,111014,219583,330598,166105,0,14104,0,67204,180209,247414,1893902
2026-05-28,2026,5,28,port57,Antwerp,Belgium,BEL,14,3,4,3,42,24,66,359344,46280,2666,374,72406,408665,481072,146003,13004,1794,3498,244179,164301,408480,1893904
2026-05-29,2026,5,29,port57,Antwerp,Belgium,BEL,14,0,8,3,32,25,57,168137,0,5830,0,116305,173967,290272,352151,0,5691,0,98469,357843,456312,1893906
2026-05-30,2026,5,30,port57,Antwerp,Belgium,BEL,13,3,7,1,41,24,65,160929,59960,14576,0,28885,235467,264353,331363,0,5088,3885,139078,340337,479416,1893908
2026-05-31,2026,5,31,port57,Antwerp,Belgium,BEL,13,1,5,1,39,20,59,137741,36643,4784,2595,147910,181765,329675,293302,0,930,0,67562,294232,361795,1893910
2026-06-01,2026,6,1,port57,Antwerp,Belgium,BEL,11,0,5,2,36,18,54,317680,0,1412,1971,145872,321063,466936,65039,0,4662,1327,48933,71029,119963,1893912
2026-06-02,2026,6,2,port57,Antwerp,Belgium,BEL,19,2,7,1,21,29,50,490164,0,3697,1683,54562,495544,550106,443338,28969,5585,0,53426,477893,531320,1893914
2026-06-03,2026,6,3,port57,Antwerp,Belgium,BEL,9,3,7,2,23,21,44,483299,72718,2379,0,52950,558397,611347,121159,8089,4822,1968,87583,136040,223623,1893916
2026-06-04,2026,6,4,port57,Antwerp,Belgium,BEL,11,0,5,0,38,16,54,65910,0,4563,0,163119,70474,233593,285357,0,4022,0,37807,289380,327188,1893918
2026-06-05,2026,6,5,port57,Antwerp,Belgium,BEL,6,4,6,2,35,18,53,0,22462,4145,3600,82581,30208,112789,201884,25756,3735,4869,143384,236245,379630,1893920
2026-06-06,2026,6,6,port57,Antwerp,Belgium,BEL,9,3,8,1,24,21,45,182033,12361,2909,0,94473,197304,291778,103144,49818,9469,0,80404,162432,242836,1893922
2026-06-07,2026,6,7,port57,Antwerp,Belgium,BEL,17,2,6,3,30,28,58,337017,60222,2774,1824,173514,401838,575353,155198,0,5844,2045,112549,163087,275637,1893924
2026-06-08,2026,6,8,port57,Antwerp,Belgium,BEL,15,3,10,2,35,30,65,125076,135607,6584,657,100280,267925,368206,182968,7403,7157,4923,61079,202453,263533,1893926
2026-06-09,2026,6,9,port57,Antwerp,Belgium,BEL,11,2,4,0,49,17,66,324724,17072,1518,0,70530,343315,413846,356959,31196,3367,0,183512,391523,575036,1893927
2026-06-10,2026,6,10,port57,Antwerp,Belgium,BEL,17,2,16,4,32,39,71,207994,60142,7139,3932,111929,279209,391139,274713,0,15822,5920,43000,296456,339456,1893929
2026-06-11,2026,6,11,port57,Antwerp,Belgium,BEL,13,2,6,5,44,26,70,338836,43832,1180,808,43736,384658,428394,94513,0,4391,2155,53941,101061,155002,1893931
2026-06-12,2026,6,12,port57,Antwerp,Belgium,BEL,14,2,4,3,26,23,49,94882,21638,2915,1184,144839,120621,265460,269069,7403,1472,2415,77553,280361,357914,1893933
2026-06-13,2026,6,13,port57,Antwerp,Belgium,BEL,8,0,10,1,28,19,47,68910,0,5000,0,76955,73910,150865,110980,0,5546,3578,104372,120106,224478,1893935
2026-06-14,2026,6,14,port57,Antwerp,Belgium,BEL,13,2,6,0,23,21,44,159861,0,6134,0,29496,165996,195492,411240,5845,2102,0,129577,419188,548765,1893937
2026-06-15,2026,6,15,port57,Antwerp,Belgium,BEL,9,2,9,3,33,23,56,98932,0,4946,6184,36564,110063,146628,193145,6060,2412,1412,47538,203031,250569,1893939
2026-06-16,2026,6,16,port57,Antwerp,Belgium,BEL,7,0,5,1,34,13,47,129823,0,2615,1664,20904,134102,155006,59682,0,5266,0,77780,64949,142729,1893941
2026-06-17,2026,6,17,port57,Antwerp,Belgium,BEL,11,2,12,4,35,29,64,242198,46533,5462,3183,134531,297378,431909,146948,28206,9713,6462,77875,191331,269207,1893943
2026-06-18,2026,6,18,port57,Antwerp,Belgium,BEL,17,3,3,4,27,27,54,164080,43888,2373,0,50400,210341,260742,423462,0,620,3493,50796,427576,478372,1893945
2026-06-19,2026,6,19,port57,Antwerp,Belgium,BEL,7,4,5,3,23,19,42,136336,57532,4496,0,88923,198365,287288,193793,7403,3180,8784,18791,213162,231953,1893947
2026-06-20,2026,6,20,port57,Antwerp,Belgium,BEL,4,1,9,1,30,15,45,68174,0,2405,1924,72798,72503,145302,46435,18301,19519,0,76890,84256,161146,1893949
2026-06-21,2026,6,21,port57,Antwerp,Belgium,BEL,15,0,9,1,44,25,69,145141,0,7173,0,98761,152315,251077,327303,0,2815,0,144882,330119,475001,1893951
2026-06-22,2026,6,22,port57,Antwerp,Belgium,BEL,9,3,3,1,27,16,43,164461,23288,3164,0,97244,190914,288159,263907,37984,620,0,40040,302511,342551,1893953
2026-06-23,2026,6,23,port57,Antwerp,Belgium,BEL,16,3,7,3,23,29,52,201370,26534,6044,600,71997,234550,306548,430153,0,4112,1427,22015,435693,457709,1893955
2026-06-24,2026,6,24,port57,Antwerp,Belgium,BEL,7,3,10,0,37,20,57,137218,36162,2352,0,148725,175733,324458,105844,34647,18826,0,230810,159318,390129,1893957
2026-06-25,2026,6,25,port57,Antwerp,Belgium,BEL,15,0,12,2,33,29,62,534721,0,9283,0,32218,544005,576223,53873,0,7419,1820,94333,63113,157447,1893959
2026-06-26,2026,6,26,port57,Antwerp,Belgium,BEL,2,3,10,3,31,18,49,12849,65668,14989,374,38514,93882,132396,38284,61306,13632,4520,73463,117744,191207,1893961
2026-06-27,2026,6,27,port57,Antwerp,Belgium,BEL,9,4,5,1,25,19,44,126659,38744,8142,0,37459,173547,211007,197710,8498,1927,1965,99472,210102,309575,1893963
2026-06-28,2026,6,28,port57,Antwerp,Belgium,BEL,4,3,5,1,24,13,37,60930,31903,11528,0,77353,104361,181715,22184,31094,3825,0,24658,57104,81762,1893965
2026-06-29,2026,6,29,port57,Antwerp,Belgium,BEL,4,1,7,2,31,14,45,16575,26593,3542,0,48857,46711,95569,267522,0,3035,4075,28618,274633,303252,1893967
2026-06-30,2026,6,30,port57,Antwerp,Belgium,BEL,12,1,7,1,24,21,45,141771,11062,5134,0,44871,157968,202840,292360,0,3825,0,66645,296186,362832,1893969
2026-07-01,2026,7,1,port57,Antwerp,Belgium,BEL,11,0,13,0,32,24,56,67804,0,13006,0,114499,80811,195311,181892,0,4308,0,84514,186201,270715,1893970
2026-07-02,2026,7,2,port57,Antwerp,Belgium,BEL,14,2,8,2,36,26,62,455593,1151,1419,1167,92873,459331,552204,230141,51400,13662,0,163115,295203,458318,1893972
2026-07-03,2026,7,3,port57,Antwerp,Belgium,BEL,14,1,11,3,29,29,58,122170,34823,5349,3638,36509,165981,202491,186492,0,9572,1130,78170,197195,275366,1893974
2026-07-04,2026,7,4,port57,Antwerp,Belgium,BEL,13,2,7,1,35,23,58,131266,14856,1742,0,105136,147865,253001,405405,8863,6114,0,138075,420383,558458,1893976
2026-07-05,2026,7,5,port57,Antwerp,Belgium,BEL,13,1,5,2,29,21,50,392737,0,1180,512,203581,394430,598011,310155,66678,20423,0,127928,397257,525185,1893978
2026-08-15,2026,8,15,port57,Antwerp,Belgium,BEL,11,2,5,3,30,21,51,144038,29738,3533,514,109994,177825,287819,242330,14781,4670,2247,108586,264031,372617,1901886
2026-08-16,2026,8,16,port57,Antwerp,Belgium,BEL,7,2,8,1,23,18,41,139269,53876,15506,1105,13583,209758,223341,73257,0,8616,0,83952,81873,165825,1901888
2026-08-17,2026,8,17,port57,Antwerp,Belgium,BEL,14,2,12,3,31,31,62,91811,39138,8419,1922,57491,141291,198783,188343,0,6704,5572,61485,200620,262105,1901890
2026-08-18,2026,8,18,port57,Antwerp,Belgium,BEL,14,1,14,3,31,32,63,554280,20676,7707,1258,74753,583922,658675,268876,0,14037,966,56464,283879,340344,1901892
2026-08-19,2026,8,19,port57,Antwerp,Belgium,BEL,9,1,11,1,34,22,56,83748,0,3220,374,202902,87343,290246,123239,0,9994,1759,33999,134993,168992,1901894
2026-08-20,2026,8,20,port57,Antwerp,Belgium,BEL,13,1,5,1,23,20,43,297780,0,4038,0,61556,301818,363375,394083,40538,3777,0,30907,438400,469308,1901896
2026-08-21,2026,8,21,port57,Antwerp,Belgium,BEL,15,0,5,2,33,22,55,235847,0,3530,0,61915,239377,301292,291403,0,3601,3183,78029,298189,376219,1901898
2026-08-22,2026,8,22,port57,Antwerp,Belgium,BEL,12,0,8,1,31,21,52,113566,0,4033,0,152759,117600,270359,259897,0,20319,1604,78863,281821,360684,1901900
2026-08-23,2026,8,23,port57,Antwerp,Belgium,BEL,12,0,5,1,27,18,45,99451,0,2948,600,28379,103000,131379,168003,0,2112,966,42323,171081,213405,1901901
2026-08-24,2026,8,24,port57,Antwerp,Belgium,BEL,12,0,8,2,37,22,59,81268,0,8125,4499,38574,93893,132468,234368,0,6854,0,52915,241222,294138,1901903
2026-08-25,2026,8,25,port57,Antwerp,Belgium,BEL,13,1,8,2,29,24,53,215162,12212,5867,4025,40703,237268,277972,276601,6578,7286,1939,81650,292406,374057,1901905
2026-08-26,2026,8,26,port57,Antwerp,Belgium,BEL,9,2,10,1,27,22,49,52209,29738,7213,0,109119,89161,198281,78942,14781,11997,2988,67049,108710,175759,1901907
2026-08-27,2026,8,27,port57,Antwerp,Belgium,BEL,11,2,6,1,29,20,49,294850,29738,2197,0,102285,326786,429072,347312,14781,7484,0,64777,369579,434357,1901909
2026-08-28,2026,8,28,port57,Antwerp,Belgium,BEL,8,3,8,4,33,23,56,69329,44607,7364,5861,71173,127163,198336,79301,22172,6869,8717,72833,117062,189895,1901911
